Sep 28, 2025 4:52:54 PM org.javacs.JavaLanguageServer didOpenTextDocument
INFO: #didOpenTextDocument# try call reference {"context":{"includeDeclaration":false},"textDocument":{"uri":"file:///C:/Users/74993/Desktop/%E6%AF%95%E8%AE%BE/wll%E8%AE%BA%E6%96%87/java-language-server2/outputDir/DEF/bx/DEF_80.java"},"position":{"line":56,"character":28}}
Sep 28, 2025 4:52:54 PM org.javacs.ScanClassPath jdkTopLevelClasses
INFO: Searching for top-level classes in the JDK
Sep 28, 2025 4:52:55 PM org.javacs.ScanClassPath jdkTopLevelClasses
INFO: Found 15005 classes in the java platform
Sep 28, 2025 4:52:55 PM org.javacs.Docs findSrcZip
INFO: Found C:\Program Files\Java\jdk-22\lib\src.zip
Sep 28, 2025 4:52:55 PM org.javacs.ScanClassPath classPathTopLevelClasses
INFO: Searching for top-level classes in 0 classpath locations
Sep 28, 2025 4:52:55 PM org.javacs.ScanClassPath classPathTopLevelClasses
INFO: Found 0 classes in classpath
Sep 28, 2025 4:52:55 PM org.javacs.ScanClassPath jdkTopLevelClasses
INFO: Searching for top-level classes in the JDK
Sep 28, 2025 4:52:56 PM org.javacs.ScanClassPath jdkTopLevelClasses
INFO: Found 15005 classes in the java platform
Sep 28, 2025 4:52:56 PM org.javacs.ScanClassPath classPathTopLevelClasses
INFO: Searching for top-level classes in 0 classpath locations
Sep 28, 2025 4:52:56 PM org.javacs.ScanClassPath classPathTopLevelClasses
INFO: Found 0 classes in classpath
Sep 28, 2025 4:52:56 PM org.javacs.ReusableCompiler getTask
WARNING: Options changed from [-classpath, , --add-modules, ALL-MODULE-PATH, -proc:none, -g, -Xlint:cast, -Xlint:deprecation, -Xlint:empty, -Xlint:fallthrough, -Xlint:finally, -Xlint:path, -Xlint:unchecked, -Xlint:varargs, -Xlint:static] to [-classpath, , --add-modules, ALL-MODULE-PATH, -proc:none, -g, -Xlint:cast, -Xlint:deprecation, -Xlint:empty, -Xlint:fallthrough, -Xlint:finally, -Xlint:path, -Xlint:unchecked, -Xlint:varargs, -Xlint:static], creating new compiler
Sep 28, 2025 4:52:58 PM org.javacs.JavaLanguageServer findReferences
INFO: compile component: 166.2994 document: file:///C:/Users/74993/Desktop/毕设/wll论文/java-language-server2/outputDir/DEF/bx/DEF_80.java
Sep 28, 2025 4:52:59 PM org.javacs.JavaLanguageServer findReferences
INFO: locate component: 100.7225 document: file:///C:/Users/74993/Desktop/毕设/wll论文/java-language-server2/outputDir/DEF/bx/DEF_80.java
Sep 28, 2025 4:52:59 PM org.javacs.JavaLanguageServer findReferences
INFO: traverse component: 8.0019 document: file:///C:/Users/74993/Desktop/毕设/wll论文/java-language-server2/outputDir/DEF/bx/DEF_80.java
Sep 28, 2025 4:52:59 PM org.javacs.JavaLanguageServer findReferences
INFO: NOD: 1253 document: file:///C:/Users/74993/Desktop/毕设/wll论文/java-language-server2/outputDir/DEF/bx/DEF_80.java
Sep 28, 2025 4:52:59 PM org.javacs.JavaLanguageServer findReferences
INFO: DEF: 80 document: file:///C:/Users/74993/Desktop/毕设/wll论文/java-language-server2/outputDir/DEF/bx/DEF_80.java
Sep 28, 2025 4:52:59 PM org.javacs.JavaLanguageServer findReferences
INFO: OCC: 723 document: file:///C:/Users/74993/Desktop/毕设/wll论文/java-language-server2/outputDir/DEF/bx/DEF_80.java
Sep 28, 2025 4:52:59 PM org.javacs.JavaLanguageServer findReferences
INFO: LOC: 611 document: file:///C:/Users/74993/Desktop/毕设/wll论文/java-language-server2/outputDir/DEF/bx/DEF_80.java
Sep 28, 2025 4:52:59 PM org.javacs.ScanClassPath jdkTopLevelClasses
INFO: Searching for top-level classes in the JDK
Sep 28, 2025 4:52:59 PM org.javacs.ScanClassPath jdkTopLevelClasses
INFO: Found 15005 classes in the java platform
Sep 28, 2025 4:52:59 PM org.javacs.ScanClassPath classPathTopLevelClasses
INFO: Searching for top-level classes in 0 classpath locations
Sep 28, 2025 4:52:59 PM org.javacs.ScanClassPath classPathTopLevelClasses
INFO: Found 0 classes in classpath
Sep 28, 2025 4:52:59 PM org.javacs.ReusableCompiler getTask
WARNING: Options changed from [-classpath, , --add-modules, ALL-MODULE-PATH, -proc:none, -g, -Xlint:cast, -Xlint:deprecation, -Xlint:empty, -Xlint:fallthrough, -Xlint:finally, -Xlint:path, -Xlint:unchecked, -Xlint:varargs, -Xlint:static] to [-classpath, , --add-modules, ALL-MODULE-PATH, -proc:none, -g, -Xlint:cast, -Xlint:deprecation, -Xlint:empty, -Xlint:fallthrough, -Xlint:finally, -Xlint:path, -Xlint:unchecked, -Xlint:varargs, -Xlint:static], creating new compiler
Sep 28, 2025 4:52:59 PM org.javacs.JavaLanguageServer findReferences
INFO: compile component: 11.1197 document: file:///C:/Users/74993/Desktop/毕设/wll论文/java-language-server2/outputDir/DEF/bx/DEF_80.java
Sep 28, 2025 4:52:59 PM org.javacs.JavaLanguageServer findReferences
INFO: locate component: 21.551 document: file:///C:/Users/74993/Desktop/毕设/wll论文/java-language-server2/outputDir/DEF/bx/DEF_80.java
Sep 28, 2025 4:52:59 PM org.javacs.JavaLanguageServer findReferences
INFO: traverse component: 0.0 document: file:///C:/Users/74993/Desktop/毕设/wll论文/java-language-server2/outputDir/DEF/bx/DEF_80.java
Sep 28, 2025 4:52:59 PM org.javacs.JavaLanguageServer findReferences
INFO: NOD: 1253 document: file:///C:/Users/74993/Desktop/毕设/wll论文/java-language-server2/outputDir/DEF/bx/DEF_80.java
Sep 28, 2025 4:52:59 PM org.javacs.JavaLanguageServer findReferences
INFO: DEF: 80 document: file:///C:/Users/74993/Desktop/毕设/wll论文/java-language-server2/outputDir/DEF/bx/DEF_80.java
Sep 28, 2025 4:52:59 PM org.javacs.JavaLanguageServer findReferences
INFO: OCC: 723 document: file:///C:/Users/74993/Desktop/毕设/wll论文/java-language-server2/outputDir/DEF/bx/DEF_80.java
Sep 28, 2025 4:52:59 PM org.javacs.JavaLanguageServer findReferences
INFO: LOC: 611 document: file:///C:/Users/74993/Desktop/毕设/wll论文/java-language-server2/outputDir/DEF/bx/DEF_80.java
Sep 28, 2025 4:52:59 PM org.javacs.ScanClassPath jdkTopLevelClasses
INFO: Searching for top-level classes in the JDK
Sep 28, 2025 4:52:59 PM org.javacs.ScanClassPath jdkTopLevelClasses
INFO: Found 15005 classes in the java platform
Sep 28, 2025 4:52:59 PM org.javacs.ScanClassPath classPathTopLevelClasses
INFO: Searching for top-level classes in 0 classpath locations
Sep 28, 2025 4:52:59 PM org.javacs.ScanClassPath classPathTopLevelClasses
INFO: Found 0 classes in classpath
Sep 28, 2025 4:52:59 PM org.javacs.ReusableCompiler getTask
WARNING: Options changed from [-classpath, , --add-modules, ALL-MODULE-PATH, -proc:none, -g, -Xlint:cast, -Xlint:deprecation, -Xlint:empty, -Xlint:fallthrough, -Xlint:finally, -Xlint:path, -Xlint:unchecked, -Xlint:varargs, -Xlint:static] to [-classpath, , --add-modules, ALL-MODULE-PATH, -proc:none, -g, -Xlint:cast, -Xlint:deprecation, -Xlint:empty, -Xlint:fallthrough, -Xlint:finally, -Xlint:path, -Xlint:unchecked, -Xlint:varargs, -Xlint:static], creating new compiler
Sep 28, 2025 4:52:59 PM org.javacs.JavaLanguageServer findReferences
INFO: compile component: 11.521 document: file:///C:/Users/74993/Desktop/毕设/wll论文/java-language-server2/outputDir/DEF/bx/DEF_80.java
Sep 28, 2025 4:52:59 PM org.javacs.JavaLanguageServer findReferences
INFO: locate component: 22.8338 document: file:///C:/Users/74993/Desktop/毕设/wll论文/java-language-server2/outputDir/DEF/bx/DEF_80.java
Sep 28, 2025 4:52:59 PM org.javacs.JavaLanguageServer findReferences
INFO: traverse component: 1.0013 document: file:///C:/Users/74993/Desktop/毕设/wll论文/java-language-server2/outputDir/DEF/bx/DEF_80.java
Sep 28, 2025 4:52:59 PM org.javacs.JavaLanguageServer findReferences
INFO: NOD: 1253 document: file:///C:/Users/74993/Desktop/毕设/wll论文/java-language-server2/outputDir/DEF/bx/DEF_80.java
Sep 28, 2025 4:52:59 PM org.javacs.JavaLanguageServer findReferences
INFO: DEF: 80 document: file:///C:/Users/74993/Desktop/毕设/wll论文/java-language-server2/outputDir/DEF/bx/DEF_80.java
Sep 28, 2025 4:52:59 PM org.javacs.JavaLanguageServer findReferences
INFO: OCC: 723 document: file:///C:/Users/74993/Desktop/毕设/wll论文/java-language-server2/outputDir/DEF/bx/DEF_80.java
Sep 28, 2025 4:52:59 PM org.javacs.JavaLanguageServer findReferences
INFO: LOC: 611 document: file:///C:/Users/74993/Desktop/毕设/wll论文/java-language-server2/outputDir/DEF/bx/DEF_80.java
Sep 28, 2025 4:52:59 PM org.javacs.ScanClassPath jdkTopLevelClasses
INFO: Searching for top-level classes in the JDK
Sep 28, 2025 4:52:59 PM org.javacs.ScanClassPath jdkTopLevelClasses
INFO: Found 15005 classes in the java platform
Sep 28, 2025 4:52:59 PM org.javacs.ScanClassPath classPathTopLevelClasses
INFO: Searching for top-level classes in 0 classpath locations
Sep 28, 2025 4:52:59 PM org.javacs.ScanClassPath classPathTopLevelClasses
INFO: Found 0 classes in classpath
Sep 28, 2025 4:52:59 PM org.javacs.ReusableCompiler getTask
WARNING: Options changed from [-classpath, , --add-modules, ALL-MODULE-PATH, -proc:none, -g, -Xlint:cast, -Xlint:deprecation, -Xlint:empty, -Xlint:fallthrough, -Xlint:finally, -Xlint:path, -Xlint:unchecked, -Xlint:varargs, -Xlint:static] to [-classpath, , --add-modules, ALL-MODULE-PATH, -proc:none, -g, -Xlint:cast, -Xlint:deprecation, -Xlint:empty, -Xlint:fallthrough, -Xlint:finally, -Xlint:path, -Xlint:unchecked, -Xlint:varargs, -Xlint:static], creating new compiler
Sep 28, 2025 4:52:59 PM org.javacs.JavaLanguageServer findReferences
INFO: compile component: 9.5195 document: file:///C:/Users/74993/Desktop/毕设/wll论文/java-language-server2/outputDir/DEF/bx/DEF_80.java
Sep 28, 2025 4:52:59 PM org.javacs.JavaLanguageServer findReferences
INFO: locate component: 24.0569 document: file:///C:/Users/74993/Desktop/毕设/wll论文/java-language-server2/outputDir/DEF/bx/DEF_80.java
Sep 28, 2025 4:52:59 PM org.javacs.JavaLanguageServer findReferences
INFO: traverse component: 0.0 document: file:///C:/Users/74993/Desktop/毕设/wll论文/java-language-server2/outputDir/DEF/bx/DEF_80.java
Sep 28, 2025 4:52:59 PM org.javacs.JavaLanguageServer findReferences
INFO: NOD: 1253 document: file:///C:/Users/74993/Desktop/毕设/wll论文/java-language-server2/outputDir/DEF/bx/DEF_80.java
Sep 28, 2025 4:52:59 PM org.javacs.JavaLanguageServer findReferences
INFO: DEF: 80 document: file:///C:/Users/74993/Desktop/毕设/wll论文/java-language-server2/outputDir/DEF/bx/DEF_80.java
Sep 28, 2025 4:52:59 PM org.javacs.JavaLanguageServer findReferences
INFO: OCC: 723 document: file:///C:/Users/74993/Desktop/毕设/wll论文/java-language-server2/outputDir/DEF/bx/DEF_80.java
Sep 28, 2025 4:52:59 PM org.javacs.JavaLanguageServer findReferences
INFO: LOC: 611 document: file:///C:/Users/74993/Desktop/毕设/wll论文/java-language-server2/outputDir/DEF/bx/DEF_80.java
Sep 28, 2025 4:52:59 PM org.javacs.ScanClassPath jdkTopLevelClasses
INFO: Searching for top-level classes in the JDK
Sep 28, 2025 4:52:59 PM org.javacs.ScanClassPath jdkTopLevelClasses
INFO: Found 15005 classes in the java platform
Sep 28, 2025 4:52:59 PM org.javacs.ScanClassPath classPathTopLevelClasses
INFO: Searching for top-level classes in 0 classpath locations
Sep 28, 2025 4:52:59 PM org.javacs.ScanClassPath classPathTopLevelClasses
INFO: Found 0 classes in classpath
Sep 28, 2025 4:52:59 PM org.javacs.ReusableCompiler getTask
WARNING: Options changed from [-classpath, , --add-modules, ALL-MODULE-PATH, -proc:none, -g, -Xlint:cast, -Xlint:deprecation, -Xlint:empty, -Xlint:fallthrough, -Xlint:finally, -Xlint:path, -Xlint:unchecked, -Xlint:varargs, -Xlint:static] to [-classpath, , --add-modules, ALL-MODULE-PATH, -proc:none, -g, -Xlint:cast, -Xlint:deprecation, -Xlint:empty, -Xlint:fallthrough, -Xlint:finally, -Xlint:path, -Xlint:unchecked, -Xlint:varargs, -Xlint:static], creating new compiler
Sep 28, 2025 4:52:59 PM org.javacs.JavaLanguageServer findReferences
INFO: compile component: 6.9974 document: file:///C:/Users/74993/Desktop/毕设/wll论文/java-language-server2/outputDir/DEF/bx/DEF_80.java
Sep 28, 2025 4:52:59 PM org.javacs.JavaLanguageServer findReferences
INFO: locate component: 24.4282 document: file:///C:/Users/74993/Desktop/毕设/wll论文/java-language-server2/outputDir/DEF/bx/DEF_80.java
Sep 28, 2025 4:52:59 PM org.javacs.JavaLanguageServer findReferences
INFO: traverse component: 0.9992 document: file:///C:/Users/74993/Desktop/毕设/wll论文/java-language-server2/outputDir/DEF/bx/DEF_80.java
Sep 28, 2025 4:52:59 PM org.javacs.JavaLanguageServer findReferences
INFO: NOD: 1253 document: file:///C:/Users/74993/Desktop/毕设/wll论文/java-language-server2/outputDir/DEF/bx/DEF_80.java
Sep 28, 2025 4:52:59 PM org.javacs.JavaLanguageServer findReferences
INFO: DEF: 80 document: file:///C:/Users/74993/Desktop/毕设/wll论文/java-language-server2/outputDir/DEF/bx/DEF_80.java
Sep 28, 2025 4:52:59 PM org.javacs.JavaLanguageServer findReferences
INFO: OCC: 723 document: file:///C:/Users/74993/Desktop/毕设/wll论文/java-language-server2/outputDir/DEF/bx/DEF_80.java
Sep 28, 2025 4:52:59 PM org.javacs.JavaLanguageServer findReferences
INFO: LOC: 611 document: file:///C:/Users/74993/Desktop/毕设/wll论文/java-language-server2/outputDir/DEF/bx/DEF_80.java
Sep 28, 2025 4:52:59 PM org.javacs.JavaLanguageServer didOpenTextDocument
INFO: #didOpenTextDocument# try call goto {"context":{"includeDeclaration":false},"textDocument":{"uri":"file:///C:/Users/74993/Desktop/%E6%AF%95%E8%AE%BE/wll%E8%AE%BA%E6%96%87/java-language-server2/outputDir/DEF/bx/DEF_80.java"},"position":{"line":56,"character":28}}
Sep 28, 2025 4:52:59 PM org.javacs.JavaCompilerService compileBatch
INFO: ...using cached compile
Sep 28, 2025 4:52:59 PM org.javacs.JavaLanguageServer gotoDefinition
INFO: gotoDefinition: 49.7788 document: file:///C:/Users/74993/Desktop/毕设/wll论文/java-language-server2/outputDir/DEF/bx/DEF_80.java
Sep 28, 2025 4:52:59 PM org.javacs.JavaCompilerService compileBatch
INFO: ...using cached compile
Sep 28, 2025 4:53:00 PM org.javacs.JavaLanguageServer gotoDefinition
INFO: gotoDefinition: 24.2695 document: file:///C:/Users/74993/Desktop/毕设/wll论文/java-language-server2/outputDir/DEF/bx/DEF_80.java
Sep 28, 2025 4:53:00 PM org.javacs.JavaCompilerService compileBatch
INFO: ...using cached compile
Sep 28, 2025 4:53:00 PM org.javacs.JavaLanguageServer gotoDefinition
INFO: gotoDefinition: 23.8733 document: file:///C:/Users/74993/Desktop/毕设/wll论文/java-language-server2/outputDir/DEF/bx/DEF_80.java
Sep 28, 2025 4:53:00 PM org.javacs.JavaCompilerService compileBatch
INFO: ...using cached compile
Sep 28, 2025 4:53:00 PM org.javacs.JavaLanguageServer gotoDefinition
INFO: gotoDefinition: 28.8278 document: file:///C:/Users/74993/Desktop/毕设/wll论文/java-language-server2/outputDir/DEF/bx/DEF_80.java
Sep 28, 2025 4:53:00 PM org.javacs.JavaCompilerService compileBatch
INFO: ...using cached compile
Sep 28, 2025 4:53:00 PM org.javacs.JavaLanguageServer gotoDefinition
INFO: gotoDefinition: 23.1165 document: file:///C:/Users/74993/Desktop/毕设/wll论文/java-language-server2/outputDir/DEF/bx/DEF_80.java
Sep 28, 2025 4:53:00 PM org.javacs.JavaLanguageServer didOpenTextDocument
INFO: #didOpenTextDocument# try call rename {"context":{"includeDeclaration":false},"textDocument":{"uri":"file:///C:/Users/74993/Desktop/%E6%AF%95%E8%AE%BE/wll%E8%AE%BA%E6%96%87/java-language-server2/outputDir/DEF/bx/DEF_80.java"},"position":{"line":56,"character":28}}
Sep 28, 2025 4:53:00 PM org.javacs.JavaCompilerService compileBatch
INFO: ...using cached compile
Sep 28, 2025 4:53:00 PM org.javacs.JavaLanguageServer rename
INFO: rename: 28.2734 document: file:///C:/Users/74993/Desktop/毕设/wll论文/java-language-server2/outputDir/DEF/bx/DEF_80.java
Sep 28, 2025 4:53:00 PM org.javacs.JavaCompilerService compileBatch
INFO: ...using cached compile
Sep 28, 2025 4:53:00 PM org.javacs.JavaLanguageServer rename
INFO: rename: 22.9242 document: file:///C:/Users/74993/Desktop/毕设/wll论文/java-language-server2/outputDir/DEF/bx/DEF_80.java
Sep 28, 2025 4:53:00 PM org.javacs.JavaCompilerService compileBatch
INFO: ...using cached compile
Sep 28, 2025 4:53:00 PM org.javacs.JavaLanguageServer rename
INFO: rename: 23.211 document: file:///C:/Users/74993/Desktop/毕设/wll论文/java-language-server2/outputDir/DEF/bx/DEF_80.java
Sep 28, 2025 4:53:00 PM org.javacs.JavaCompilerService compileBatch
INFO: ...using cached compile
Sep 28, 2025 4:53:00 PM org.javacs.JavaLanguageServer rename
INFO: rename: 22.576 document: file:///C:/Users/74993/Desktop/毕设/wll论文/java-language-server2/outputDir/DEF/bx/DEF_80.java
Sep 28, 2025 4:53:00 PM org.javacs.JavaCompilerService compileBatch
INFO: ...using cached compile
Sep 28, 2025 4:53:00 PM org.javacs.JavaLanguageServer rename
INFO: rename: 22.25 document: file:///C:/Users/74993/Desktop/毕设/wll论文/java-language-server2/outputDir/DEF/bx/DEF_80.java
Sep 28, 2025 4:53:00 PM org.javacs.JavaLanguageServer didOpenTextDocument
INFO: #didOpenTextDocument# try completion {"context":{"includeDeclaration":false},"textDocument":{"uri":"file:///C:/Users/74993/Desktop/%E6%AF%95%E8%AE%BE/wll%E8%AE%BA%E6%96%87/java-language-server2/outputDir/DEF/bx/DEF_80.java"},"position":{"line":56,"character":28}}
Sep 28, 2025 4:53:00 PM org.javacs.JavaLanguageServer completion
INFO: completion: 57.3938 document: file:///C:/Users/74993/Desktop/毕设/wll论文/java-language-server2/outputDir/DEF/bx/DEF_80.java
Sep 28, 2025 4:53:00 PM org.javacs.JavaLanguageServer completion
INFO: completion: 7.5068 document: file:///C:/Users/74993/Desktop/毕设/wll论文/java-language-server2/outputDir/DEF/bx/DEF_80.java
Sep 28, 2025 4:53:00 PM org.javacs.JavaLanguageServer completion
INFO: completion: 6.0097 document: file:///C:/Users/74993/Desktop/毕设/wll论文/java-language-server2/outputDir/DEF/bx/DEF_80.java
Sep 28, 2025 4:53:00 PM org.javacs.JavaLanguageServer completion
INFO: completion: 5.5174 document: file:///C:/Users/74993/Desktop/毕设/wll论文/java-language-server2/outputDir/DEF/bx/DEF_80.java
Sep 28, 2025 4:53:00 PM org.javacs.JavaLanguageServer completion
INFO: completion: 4.9978 document: file:///C:/Users/74993/Desktop/毕设/wll论文/java-language-server2/outputDir/DEF/bx/DEF_80.java
Sep 28, 2025 4:53:00 PM org.javacs.JavaLanguageServer didOpenTextDocument
INFO: #didOpenTextDocument# try call goto {"context":{"includeDeclaration":false},"textDocument":{"uri":"file:///C:/Users/74993/Desktop/%E6%AF%95%E8%AE%BE/wll%E8%AE%BA%E6%96%87/java-language-server2/outputDir/DEF/bx/DEF_80.java"},"position":{"line":596,"character":36}}
Sep 28, 2025 4:53:00 PM org.javacs.JavaCompilerService findPublicTypeDeclarationInJdk
INFO: ...found jar:file:///C:/Program%20Files/Java/jdk-22/lib/src.zip!/java.base/java/lang/String.java in module java.base of jdk
Sep 28, 2025 4:53:00 PM org.javacs.JavaLanguageServer gotoDefinition
INFO: gotoDefinition: 66.8058 document: file:///C:/Users/74993/Desktop/毕设/wll论文/java-language-server2/outputDir/DEF/bx/DEF_80.java
Sep 28, 2025 4:53:00 PM org.javacs.JavaCompilerService compileBatch
INFO: ...using cached compile
Sep 28, 2025 4:53:00 PM org.javacs.JavaCompilerService findPublicTypeDeclarationInJdk
INFO: ...found jar:file:///C:/Program%20Files/Java/jdk-22/lib/src.zip!/java.base/java/lang/String.java in module java.base of jdk
Sep 28, 2025 4:53:00 PM org.javacs.JavaLanguageServer gotoDefinition
INFO: gotoDefinition: 24.4424 document: file:///C:/Users/74993/Desktop/毕设/wll论文/java-language-server2/outputDir/DEF/bx/DEF_80.java
Sep 28, 2025 4:53:00 PM org.javacs.JavaCompilerService compileBatch
INFO: ...using cached compile
Sep 28, 2025 4:53:00 PM org.javacs.JavaCompilerService findPublicTypeDeclarationInJdk
INFO: ...found jar:file:///C:/Program%20Files/Java/jdk-22/lib/src.zip!/java.base/java/lang/String.java in module java.base of jdk
Sep 28, 2025 4:53:00 PM org.javacs.JavaLanguageServer gotoDefinition
INFO: gotoDefinition: 25.053 document: file:///C:/Users/74993/Desktop/毕设/wll论文/java-language-server2/outputDir/DEF/bx/DEF_80.java
Sep 28, 2025 4:53:00 PM org.javacs.JavaCompilerService compileBatch
INFO: ...using cached compile
Sep 28, 2025 4:53:00 PM org.javacs.JavaCompilerService findPublicTypeDeclarationInJdk
INFO: ...found jar:file:///C:/Program%20Files/Java/jdk-22/lib/src.zip!/java.base/java/lang/String.java in module java.base of jdk
Sep 28, 2025 4:53:00 PM org.javacs.JavaLanguageServer gotoDefinition
INFO: gotoDefinition: 23.6045 document: file:///C:/Users/74993/Desktop/毕设/wll论文/java-language-server2/outputDir/DEF/bx/DEF_80.java
Sep 28, 2025 4:53:00 PM org.javacs.JavaCompilerService compileBatch
INFO: ...using cached compile
Sep 28, 2025 4:53:00 PM org.javacs.JavaCompilerService findPublicTypeDeclarationInJdk
INFO: ...found jar:file:///C:/Program%20Files/Java/jdk-22/lib/src.zip!/java.base/java/lang/String.java in module java.base of jdk
Sep 28, 2025 4:53:00 PM org.javacs.JavaLanguageServer gotoDefinition
INFO: gotoDefinition: 23.6933 document: file:///C:/Users/74993/Desktop/毕设/wll论文/java-language-server2/outputDir/DEF/bx/DEF_80.java
Sep 28, 2025 4:53:00 PM org.javacs.JavaLanguageServer didOpenTextDocument
INFO: #didOpenTextDocument# try call rename {"context":{"includeDeclaration":false},"textDocument":{"uri":"file:///C:/Users/74993/Desktop/%E6%AF%95%E8%AE%BE/wll%E8%AE%BA%E6%96%87/java-language-server2/outputDir/DEF/bx/DEF_80.java"},"position":{"line":596,"character":36}}
Sep 28, 2025 4:53:00 PM org.javacs.JavaCompilerService compileBatch
INFO: ...using cached compile
Sep 28, 2025 4:53:00 PM org.javacs.JavaLanguageServer rename
INFO: rename: 23.2779 document: file:///C:/Users/74993/Desktop/毕设/wll论文/java-language-server2/outputDir/DEF/bx/DEF_80.java
Sep 28, 2025 4:53:00 PM org.javacs.JavaCompilerService compileBatch
INFO: ...using cached compile
Sep 28, 2025 4:53:00 PM org.javacs.JavaLanguageServer rename
INFO: rename: 26.5839 document: file:///C:/Users/74993/Desktop/毕设/wll论文/java-language-server2/outputDir/DEF/bx/DEF_80.java
Sep 28, 2025 4:53:00 PM org.javacs.JavaCompilerService compileBatch
INFO: ...using cached compile
Sep 28, 2025 4:53:00 PM org.javacs.JavaLanguageServer rename
INFO: rename: 22.3709 document: file:///C:/Users/74993/Desktop/毕设/wll论文/java-language-server2/outputDir/DEF/bx/DEF_80.java
Sep 28, 2025 4:53:00 PM org.javacs.JavaCompilerService compileBatch
INFO: ...using cached compile
Sep 28, 2025 4:53:00 PM org.javacs.JavaLanguageServer rename
INFO: rename: 21.5646 document: file:///C:/Users/74993/Desktop/毕设/wll论文/java-language-server2/outputDir/DEF/bx/DEF_80.java
Sep 28, 2025 4:53:00 PM org.javacs.JavaCompilerService compileBatch
INFO: ...using cached compile
Sep 28, 2025 4:53:00 PM org.javacs.JavaLanguageServer rename
INFO: rename: 21.5564 document: file:///C:/Users/74993/Desktop/毕设/wll论文/java-language-server2/outputDir/DEF/bx/DEF_80.java
Sep 28, 2025 4:53:00 PM org.javacs.JavaLanguageServer didOpenTextDocument
INFO: #didOpenTextDocument# try completion {"context":{"includeDeclaration":false},"textDocument":{"uri":"file:///C:/Users/74993/Desktop/%E6%AF%95%E8%AE%BE/wll%E8%AE%BA%E6%96%87/java-language-server2/outputDir/DEF/bx/DEF_80.java"},"position":{"line":596,"character":36}}
Sep 28, 2025 4:53:00 PM org.javacs.JavaLanguageServer completion
INFO: completion: 54.1005 document: file:///C:/Users/74993/Desktop/毕设/wll论文/java-language-server2/outputDir/DEF/bx/DEF_80.java
Sep 28, 2025 4:53:00 PM org.javacs.JavaLanguageServer completion
INFO: completion: 7.3223 document: file:///C:/Users/74993/Desktop/毕设/wll论文/java-language-server2/outputDir/DEF/bx/DEF_80.java
Sep 28, 2025 4:53:00 PM org.javacs.JavaLanguageServer completion
INFO: completion: 7.0882 document: file:///C:/Users/74993/Desktop/毕设/wll论文/java-language-server2/outputDir/DEF/bx/DEF_80.java
Sep 28, 2025 4:53:00 PM org.javacs.JavaLanguageServer completion
INFO: completion: 5.5215 document: file:///C:/Users/74993/Desktop/毕设/wll论文/java-language-server2/outputDir/DEF/bx/DEF_80.java
Sep 28, 2025 4:53:00 PM org.javacs.JavaLanguageServer completion
INFO: completion: 6.5016 document: file:///C:/Users/74993/Desktop/毕设/wll论文/java-language-server2/outputDir/DEF/bx/DEF_80.java
Sep 28, 2025 4:53:00 PM org.javacs.JavaLanguageServer didOpenTextDocument
INFO: #didOpenTextDocument# try call reference {"context":{"includeDeclaration":false},"textDocument":{"uri":"file:///C:/Users/74993/Desktop/%E6%AF%95%E8%AE%BE/wll%E8%AE%BA%E6%96%87/java-language-server2/outputDir/DEF/by/DEF_160.java"},"position":{"line":61,"character":31}}
Sep 28, 2025 4:53:00 PM org.javacs.ScanClassPath jdkTopLevelClasses
INFO: Searching for top-level classes in the JDK
Sep 28, 2025 4:53:00 PM org.javacs.ScanClassPath jdkTopLevelClasses
INFO: Found 15005 classes in the java platform
Sep 28, 2025 4:53:00 PM org.javacs.ScanClassPath classPathTopLevelClasses
INFO: Searching for top-level classes in 0 classpath locations
Sep 28, 2025 4:53:00 PM org.javacs.ScanClassPath classPathTopLevelClasses
INFO: Found 0 classes in classpath
Sep 28, 2025 4:53:00 PM org.javacs.ReusableCompiler getTask
WARNING: Options changed from [-classpath, , --add-modules, ALL-MODULE-PATH, -proc:none, -g, -Xlint:cast, -Xlint:deprecation, -Xlint:empty, -Xlint:fallthrough, -Xlint:finally, -Xlint:path, -Xlint:unchecked, -Xlint:varargs, -Xlint:static] to [-classpath, , --add-modules, ALL-MODULE-PATH, -proc:none, -g, -Xlint:cast, -Xlint:deprecation, -Xlint:empty, -Xlint:fallthrough, -Xlint:finally, -Xlint:path, -Xlint:unchecked, -Xlint:varargs, -Xlint:static], creating new compiler
Sep 28, 2025 4:53:01 PM org.javacs.JavaLanguageServer findReferences
INFO: compile component: 24.5739 document: file:///C:/Users/74993/Desktop/毕设/wll论文/java-language-server2/outputDir/DEF/by/DEF_160.java
Sep 28, 2025 4:53:01 PM org.javacs.JavaLanguageServer findReferences
INFO: locate component: 30.8871 document: file:///C:/Users/74993/Desktop/毕设/wll论文/java-language-server2/outputDir/DEF/by/DEF_160.java
Sep 28, 2025 4:53:01 PM org.javacs.JavaLanguageServer findReferences
INFO: traverse component: 0.0 document: file:///C:/Users/74993/Desktop/毕设/wll论文/java-language-server2/outputDir/DEF/by/DEF_160.java
Sep 28, 2025 4:53:01 PM org.javacs.JavaLanguageServer findReferences
INFO: NOD: 1889 document: file:///C:/Users/74993/Desktop/毕设/wll论文/java-language-server2/outputDir/DEF/by/DEF_160.java
Sep 28, 2025 4:53:01 PM org.javacs.JavaLanguageServer findReferences
INFO: DEF: 160 document: file:///C:/Users/74993/Desktop/毕设/wll论文/java-language-server2/outputDir/DEF/by/DEF_160.java
Sep 28, 2025 4:53:01 PM org.javacs.JavaLanguageServer findReferences
INFO: OCC: 1053 document: file:///C:/Users/74993/Desktop/毕设/wll论文/java-language-server2/outputDir/DEF/by/DEF_160.java
Sep 28, 2025 4:53:01 PM org.javacs.JavaLanguageServer findReferences
INFO: LOC: 1011 document: file:///C:/Users/74993/Desktop/毕设/wll论文/java-language-server2/outputDir/DEF/by/DEF_160.java
Sep 28, 2025 4:53:01 PM org.javacs.ScanClassPath jdkTopLevelClasses
INFO: Searching for top-level classes in the JDK
Sep 28, 2025 4:53:01 PM org.javacs.ScanClassPath jdkTopLevelClasses
INFO: Found 15005 classes in the java platform
Sep 28, 2025 4:53:01 PM org.javacs.ScanClassPath classPathTopLevelClasses
INFO: Searching for top-level classes in 0 classpath locations
Sep 28, 2025 4:53:01 PM org.javacs.ScanClassPath classPathTopLevelClasses
INFO: Found 0 classes in classpath
Sep 28, 2025 4:53:01 PM org.javacs.ReusableCompiler getTask
WARNING: Options changed from [-classpath, , --add-modules, ALL-MODULE-PATH, -proc:none, -g, -Xlint:cast, -Xlint:deprecation, -Xlint:empty, -Xlint:fallthrough, -Xlint:finally, -Xlint:path, -Xlint:unchecked, -Xlint:varargs, -Xlint:static] to [-classpath, , --add-modules, ALL-MODULE-PATH, -proc:none, -g, -Xlint:cast, -Xlint:deprecation, -Xlint:empty, -Xlint:fallthrough, -Xlint:finally, -Xlint:path, -Xlint:unchecked, -Xlint:varargs, -Xlint:static], creating new compiler
Sep 28, 2025 4:53:01 PM org.javacs.JavaLanguageServer findReferences
INFO: compile component: 7.0019 document: file:///C:/Users/74993/Desktop/毕设/wll论文/java-language-server2/outputDir/DEF/by/DEF_160.java
Sep 28, 2025 4:53:01 PM org.javacs.JavaLanguageServer findReferences
INFO: locate component: 28.4332 document: file:///C:/Users/74993/Desktop/毕设/wll论文/java-language-server2/outputDir/DEF/by/DEF_160.java
Sep 28, 2025 4:53:01 PM org.javacs.JavaLanguageServer findReferences
INFO: traverse component: 0.9998 document: file:///C:/Users/74993/Desktop/毕设/wll论文/java-language-server2/outputDir/DEF/by/DEF_160.java
Sep 28, 2025 4:53:01 PM org.javacs.JavaLanguageServer findReferences
INFO: NOD: 1889 document: file:///C:/Users/74993/Desktop/毕设/wll论文/java-language-server2/outputDir/DEF/by/DEF_160.java
Sep 28, 2025 4:53:01 PM org.javacs.JavaLanguageServer findReferences
INFO: DEF: 160 document: file:///C:/Users/74993/Desktop/毕设/wll论文/java-language-server2/outputDir/DEF/by/DEF_160.java
Sep 28, 2025 4:53:01 PM org.javacs.JavaLanguageServer findReferences
INFO: OCC: 1053 document: file:///C:/Users/74993/Desktop/毕设/wll论文/java-language-server2/outputDir/DEF/by/DEF_160.java
Sep 28, 2025 4:53:01 PM org.javacs.JavaLanguageServer findReferences
INFO: LOC: 1011 document: file:///C:/Users/74993/Desktop/毕设/wll论文/java-language-server2/outputDir/DEF/by/DEF_160.java
Sep 28, 2025 4:53:01 PM org.javacs.ScanClassPath jdkTopLevelClasses
INFO: Searching for top-level classes in the JDK
Sep 28, 2025 4:53:01 PM org.javacs.ScanClassPath jdkTopLevelClasses
INFO: Found 15005 classes in the java platform
Sep 28, 2025 4:53:01 PM org.javacs.ScanClassPath classPathTopLevelClasses
INFO: Searching for top-level classes in 0 classpath locations
Sep 28, 2025 4:53:01 PM org.javacs.ScanClassPath classPathTopLevelClasses
INFO: Found 0 classes in classpath
Sep 28, 2025 4:53:01 PM org.javacs.ReusableCompiler getTask
WARNING: Options changed from [-classpath, , --add-modules, ALL-MODULE-PATH, -proc:none, -g, -Xlint:cast, -Xlint:deprecation, -Xlint:empty, -Xlint:fallthrough, -Xlint:finally, -Xlint:path, -Xlint:unchecked, -Xlint:varargs, -Xlint:static] to [-classpath, , --add-modules, ALL-MODULE-PATH, -proc:none, -g, -Xlint:cast, -Xlint:deprecation, -Xlint:empty, -Xlint:fallthrough, -Xlint:finally, -Xlint:path, -Xlint:unchecked, -Xlint:varargs, -Xlint:static], creating new compiler
Sep 28, 2025 4:53:01 PM org.javacs.JavaLanguageServer findReferences
INFO: compile component: 7.9795 document: file:///C:/Users/74993/Desktop/毕设/wll论文/java-language-server2/outputDir/DEF/by/DEF_160.java
Sep 28, 2025 4:53:01 PM org.javacs.JavaLanguageServer findReferences
INFO: locate component: 26.8367 document: file:///C:/Users/74993/Desktop/毕设/wll论文/java-language-server2/outputDir/DEF/by/DEF_160.java
Sep 28, 2025 4:53:01 PM org.javacs.JavaLanguageServer findReferences
INFO: traverse component: 0.0 document: file:///C:/Users/74993/Desktop/毕设/wll论文/java-language-server2/outputDir/DEF/by/DEF_160.java
Sep 28, 2025 4:53:01 PM org.javacs.JavaLanguageServer findReferences
INFO: NOD: 1889 document: file:///C:/Users/74993/Desktop/毕设/wll论文/java-language-server2/outputDir/DEF/by/DEF_160.java
Sep 28, 2025 4:53:01 PM org.javacs.JavaLanguageServer findReferences
INFO: DEF: 160 document: file:///C:/Users/74993/Desktop/毕设/wll论文/java-language-server2/outputDir/DEF/by/DEF_160.java
Sep 28, 2025 4:53:01 PM org.javacs.JavaLanguageServer findReferences
INFO: OCC: 1053 document: file:///C:/Users/74993/Desktop/毕设/wll论文/java-language-server2/outputDir/DEF/by/DEF_160.java
Sep 28, 2025 4:53:01 PM org.javacs.JavaLanguageServer findReferences
INFO: LOC: 1011 document: file:///C:/Users/74993/Desktop/毕设/wll论文/java-language-server2/outputDir/DEF/by/DEF_160.java
Sep 28, 2025 4:53:01 PM org.javacs.ScanClassPath jdkTopLevelClasses
INFO: Searching for top-level classes in the JDK
Sep 28, 2025 4:53:01 PM org.javacs.ScanClassPath jdkTopLevelClasses
INFO: Found 15005 classes in the java platform
Sep 28, 2025 4:53:01 PM org.javacs.ScanClassPath classPathTopLevelClasses
INFO: Searching for top-level classes in 0 classpath locations
Sep 28, 2025 4:53:01 PM org.javacs.ScanClassPath classPathTopLevelClasses
INFO: Found 0 classes in classpath
Sep 28, 2025 4:53:01 PM org.javacs.ReusableCompiler getTask
WARNING: Options changed from [-classpath, , --add-modules, ALL-MODULE-PATH, -proc:none, -g, -Xlint:cast, -Xlint:deprecation, -Xlint:empty, -Xlint:fallthrough, -Xlint:finally, -Xlint:path, -Xlint:unchecked, -Xlint:varargs, -Xlint:static] to [-classpath, , --add-modules, ALL-MODULE-PATH, -proc:none, -g, -Xlint:cast, -Xlint:deprecation, -Xlint:empty, -Xlint:fallthrough, -Xlint:finally, -Xlint:path, -Xlint:unchecked, -Xlint:varargs, -Xlint:static], creating new compiler
Sep 28, 2025 4:53:01 PM org.javacs.JavaLanguageServer findReferences
INFO: compile component: 9.0536 document: file:///C:/Users/74993/Desktop/毕设/wll论文/java-language-server2/outputDir/DEF/by/DEF_160.java
Sep 28, 2025 4:53:01 PM org.javacs.JavaLanguageServer findReferences
INFO: locate component: 29.4922 document: file:///C:/Users/74993/Desktop/毕设/wll论文/java-language-server2/outputDir/DEF/by/DEF_160.java
Sep 28, 2025 4:53:01 PM org.javacs.JavaLanguageServer findReferences
INFO: traverse component: 0.0 document: file:///C:/Users/74993/Desktop/毕设/wll论文/java-language-server2/outputDir/DEF/by/DEF_160.java
Sep 28, 2025 4:53:01 PM org.javacs.JavaLanguageServer findReferences
INFO: NOD: 1889 document: file:///C:/Users/74993/Desktop/毕设/wll论文/java-language-server2/outputDir/DEF/by/DEF_160.java
Sep 28, 2025 4:53:01 PM org.javacs.JavaLanguageServer findReferences
INFO: DEF: 160 document: file:///C:/Users/74993/Desktop/毕设/wll论文/java-language-server2/outputDir/DEF/by/DEF_160.java
Sep 28, 2025 4:53:01 PM org.javacs.JavaLanguageServer findReferences
INFO: OCC: 1053 document: file:///C:/Users/74993/Desktop/毕设/wll论文/java-language-server2/outputDir/DEF/by/DEF_160.java
Sep 28, 2025 4:53:01 PM org.javacs.JavaLanguageServer findReferences
INFO: LOC: 1011 document: file:///C:/Users/74993/Desktop/毕设/wll论文/java-language-server2/outputDir/DEF/by/DEF_160.java
Sep 28, 2025 4:53:01 PM org.javacs.ScanClassPath jdkTopLevelClasses
INFO: Searching for top-level classes in the JDK
Sep 28, 2025 4:53:01 PM org.javacs.ScanClassPath jdkTopLevelClasses
INFO: Found 15005 classes in the java platform
Sep 28, 2025 4:53:01 PM org.javacs.ScanClassPath classPathTopLevelClasses
INFO: Searching for top-level classes in 0 classpath locations
Sep 28, 2025 4:53:01 PM org.javacs.ScanClassPath classPathTopLevelClasses
INFO: Found 0 classes in classpath
Sep 28, 2025 4:53:01 PM org.javacs.ReusableCompiler getTask
WARNING: Options changed from [-classpath, , --add-modules, ALL-MODULE-PATH, -proc:none, -g, -Xlint:cast, -Xlint:deprecation, -Xlint:empty, -Xlint:fallthrough, -Xlint:finally, -Xlint:path, -Xlint:unchecked, -Xlint:varargs, -Xlint:static] to [-classpath, , --add-modules, ALL-MODULE-PATH, -proc:none, -g, -Xlint:cast, -Xlint:deprecation, -Xlint:empty, -Xlint:fallthrough, -Xlint:finally, -Xlint:path, -Xlint:unchecked, -Xlint:varargs, -Xlint:static], creating new compiler
Sep 28, 2025 4:53:01 PM org.javacs.JavaLanguageServer findReferences
INFO: compile component: 7.1807 document: file:///C:/Users/74993/Desktop/毕设/wll论文/java-language-server2/outputDir/DEF/by/DEF_160.java
Sep 28, 2025 4:53:01 PM org.javacs.JavaLanguageServer findReferences
INFO: locate component: 27.678 document: file:///C:/Users/74993/Desktop/毕设/wll论文/java-language-server2/outputDir/DEF/by/DEF_160.java
Sep 28, 2025 4:53:01 PM org.javacs.JavaLanguageServer findReferences
INFO: traverse component: 0.0 document: file:///C:/Users/74993/Desktop/毕设/wll论文/java-language-server2/outputDir/DEF/by/DEF_160.java
Sep 28, 2025 4:53:01 PM org.javacs.JavaLanguageServer findReferences
INFO: NOD: 1889 document: file:///C:/Users/74993/Desktop/毕设/wll论文/java-language-server2/outputDir/DEF/by/DEF_160.java
Sep 28, 2025 4:53:01 PM org.javacs.JavaLanguageServer findReferences
INFO: DEF: 160 document: file:///C:/Users/74993/Desktop/毕设/wll论文/java-language-server2/outputDir/DEF/by/DEF_160.java
Sep 28, 2025 4:53:01 PM org.javacs.JavaLanguageServer findReferences
INFO: OCC: 1053 document: file:///C:/Users/74993/Desktop/毕设/wll论文/java-language-server2/outputDir/DEF/by/DEF_160.java
Sep 28, 2025 4:53:01 PM org.javacs.JavaLanguageServer findReferences
INFO: LOC: 1011 document: file:///C:/Users/74993/Desktop/毕设/wll论文/java-language-server2/outputDir/DEF/by/DEF_160.java
Sep 28, 2025 4:53:01 PM org.javacs.JavaLanguageServer didOpenTextDocument
INFO: #didOpenTextDocument# try call goto {"context":{"includeDeclaration":false},"textDocument":{"uri":"file:///C:/Users/74993/Desktop/%E6%AF%95%E8%AE%BE/wll%E8%AE%BA%E6%96%87/java-language-server2/outputDir/DEF/by/DEF_160.java"},"position":{"line":61,"character":31}}
Sep 28, 2025 4:53:01 PM org.javacs.JavaCompilerService compileBatch
INFO: ...using cached compile
Sep 28, 2025 4:53:01 PM org.javacs.JavaLanguageServer gotoDefinition
INFO: gotoDefinition: 29.3588 document: file:///C:/Users/74993/Desktop/毕设/wll论文/java-language-server2/outputDir/DEF/by/DEF_160.java
Sep 28, 2025 4:53:01 PM org.javacs.JavaCompilerService compileBatch
INFO: ...using cached compile
Sep 28, 2025 4:53:01 PM org.javacs.JavaLanguageServer gotoDefinition
INFO: gotoDefinition: 28.8323 document: file:///C:/Users/74993/Desktop/毕设/wll论文/java-language-server2/outputDir/DEF/by/DEF_160.java
Sep 28, 2025 4:53:01 PM org.javacs.JavaCompilerService compileBatch
INFO: ...using cached compile
Sep 28, 2025 4:53:02 PM org.javacs.JavaLanguageServer gotoDefinition
INFO: gotoDefinition: 28.5646 document: file:///C:/Users/74993/Desktop/毕设/wll论文/java-language-server2/outputDir/DEF/by/DEF_160.java
Sep 28, 2025 4:53:02 PM org.javacs.JavaCompilerService compileBatch
INFO: ...using cached compile
Sep 28, 2025 4:53:02 PM org.javacs.JavaLanguageServer gotoDefinition
INFO: gotoDefinition: 29.6137 document: file:///C:/Users/74993/Desktop/毕设/wll论文/java-language-server2/outputDir/DEF/by/DEF_160.java
Sep 28, 2025 4:53:02 PM org.javacs.JavaCompilerService compileBatch
INFO: ...using cached compile
Sep 28, 2025 4:53:02 PM org.javacs.JavaLanguageServer gotoDefinition
INFO: gotoDefinition: 28.5644 document: file:///C:/Users/74993/Desktop/毕设/wll论文/java-language-server2/outputDir/DEF/by/DEF_160.java
Sep 28, 2025 4:53:02 PM org.javacs.JavaLanguageServer didOpenTextDocument
INFO: #didOpenTextDocument# try call rename {"context":{"includeDeclaration":false},"textDocument":{"uri":"file:///C:/Users/74993/Desktop/%E6%AF%95%E8%AE%BE/wll%E8%AE%BA%E6%96%87/java-language-server2/outputDir/DEF/by/DEF_160.java"},"position":{"line":61,"character":31}}
Sep 28, 2025 4:53:02 PM org.javacs.JavaCompilerService compileBatch
INFO: ...using cached compile
Sep 28, 2025 4:53:02 PM org.javacs.JavaLanguageServer rename
INFO: rename: 27.5694 document: file:///C:/Users/74993/Desktop/毕设/wll论文/java-language-server2/outputDir/DEF/by/DEF_160.java
Sep 28, 2025 4:53:02 PM org.javacs.JavaCompilerService compileBatch
INFO: ...using cached compile
Sep 28, 2025 4:53:02 PM org.javacs.JavaLanguageServer rename
INFO: rename: 27.5622 document: file:///C:/Users/74993/Desktop/毕设/wll论文/java-language-server2/outputDir/DEF/by/DEF_160.java
Sep 28, 2025 4:53:02 PM org.javacs.JavaCompilerService compileBatch
INFO: ...using cached compile
Sep 28, 2025 4:53:02 PM org.javacs.JavaLanguageServer rename
INFO: rename: 28.5532 document: file:///C:/Users/74993/Desktop/毕设/wll论文/java-language-server2/outputDir/DEF/by/DEF_160.java
Sep 28, 2025 4:53:02 PM org.javacs.JavaCompilerService compileBatch
INFO: ...using cached compile
Sep 28, 2025 4:53:02 PM org.javacs.JavaLanguageServer rename
INFO: rename: 27.556 document: file:///C:/Users/74993/Desktop/毕设/wll论文/java-language-server2/outputDir/DEF/by/DEF_160.java
Sep 28, 2025 4:53:02 PM org.javacs.JavaCompilerService compileBatch
INFO: ...using cached compile
Sep 28, 2025 4:53:02 PM org.javacs.JavaLanguageServer rename
INFO: rename: 27.3094 document: file:///C:/Users/74993/Desktop/毕设/wll论文/java-language-server2/outputDir/DEF/by/DEF_160.java
Sep 28, 2025 4:53:02 PM org.javacs.JavaLanguageServer didOpenTextDocument
INFO: #didOpenTextDocument# try completion {"context":{"includeDeclaration":false},"textDocument":{"uri":"file:///C:/Users/74993/Desktop/%E6%AF%95%E8%AE%BE/wll%E8%AE%BA%E6%96%87/java-language-server2/outputDir/DEF/by/DEF_160.java"},"position":{"line":61,"character":31}}
Sep 28, 2025 4:53:02 PM org.javacs.JavaLanguageServer completion
INFO: completion: 9.5868 document: file:///C:/Users/74993/Desktop/毕设/wll论文/java-language-server2/outputDir/DEF/by/DEF_160.java
Sep 28, 2025 4:53:02 PM org.javacs.JavaLanguageServer completion
INFO: completion: 9.5459 document: file:///C:/Users/74993/Desktop/毕设/wll论文/java-language-server2/outputDir/DEF/by/DEF_160.java
Sep 28, 2025 4:53:02 PM org.javacs.JavaLanguageServer completion
INFO: completion: 7.5226 document: file:///C:/Users/74993/Desktop/毕设/wll论文/java-language-server2/outputDir/DEF/by/DEF_160.java
Sep 28, 2025 4:53:02 PM org.javacs.JavaLanguageServer completion
INFO: completion: 7.3168 document: file:///C:/Users/74993/Desktop/毕设/wll论文/java-language-server2/outputDir/DEF/by/DEF_160.java
Sep 28, 2025 4:53:02 PM org.javacs.JavaLanguageServer completion
INFO: completion: 6.996 document: file:///C:/Users/74993/Desktop/毕设/wll论文/java-language-server2/outputDir/DEF/by/DEF_160.java
Sep 28, 2025 4:53:02 PM org.javacs.JavaLanguageServer didOpenTextDocument
INFO: #didOpenTextDocument# try call goto {"context":{"includeDeclaration":false},"textDocument":{"uri":"file:///C:/Users/74993/Desktop/%E6%AF%95%E8%AE%BE/wll%E8%AE%BA%E6%96%87/java-language-server2/outputDir/DEF/by/DEF_160.java"},"position":{"line":1009,"character":11}}
Sep 28, 2025 4:53:02 PM org.javacs.JavaLanguageServer gotoDefinition
INFO: gotoDefinition: 47.2293 document: file:///C:/Users/74993/Desktop/毕设/wll论文/java-language-server2/outputDir/DEF/by/DEF_160.java
Sep 28, 2025 4:53:02 PM org.javacs.JavaCompilerService compileBatch
INFO: ...using cached compile
Sep 28, 2025 4:53:02 PM org.javacs.JavaLanguageServer gotoDefinition
INFO: gotoDefinition: 26.7089 document: file:///C:/Users/74993/Desktop/毕设/wll论文/java-language-server2/outputDir/DEF/by/DEF_160.java
Sep 28, 2025 4:53:02 PM org.javacs.JavaCompilerService compileBatch
INFO: ...using cached compile
Sep 28, 2025 4:53:02 PM org.javacs.JavaLanguageServer gotoDefinition
INFO: gotoDefinition: 28.1003 document: file:///C:/Users/74993/Desktop/毕设/wll论文/java-language-server2/outputDir/DEF/by/DEF_160.java
Sep 28, 2025 4:53:02 PM org.javacs.JavaCompilerService compileBatch
INFO: ...using cached compile
Sep 28, 2025 4:53:02 PM org.javacs.JavaLanguageServer gotoDefinition
INFO: gotoDefinition: 27.5466 document: file:///C:/Users/74993/Desktop/毕设/wll论文/java-language-server2/outputDir/DEF/by/DEF_160.java
Sep 28, 2025 4:53:02 PM org.javacs.JavaCompilerService compileBatch
INFO: ...using cached compile
Sep 28, 2025 4:53:02 PM org.javacs.JavaLanguageServer gotoDefinition
INFO: gotoDefinition: 36.0725 document: file:///C:/Users/74993/Desktop/毕设/wll论文/java-language-server2/outputDir/DEF/by/DEF_160.java
Sep 28, 2025 4:53:02 PM org.javacs.JavaLanguageServer didOpenTextDocument
INFO: #didOpenTextDocument# try call rename {"context":{"includeDeclaration":false},"textDocument":{"uri":"file:///C:/Users/74993/Desktop/%E6%AF%95%E8%AE%BE/wll%E8%AE%BA%E6%96%87/java-language-server2/outputDir/DEF/by/DEF_160.java"},"position":{"line":1009,"character":11}}
Sep 28, 2025 4:53:02 PM org.javacs.JavaCompilerService compileBatch
INFO: ...using cached compile
Sep 28, 2025 4:53:02 PM org.javacs.JavaLanguageServer rename
INFO: rename: 26.2369 document: file:///C:/Users/74993/Desktop/毕设/wll论文/java-language-server2/outputDir/DEF/by/DEF_160.java
Sep 28, 2025 4:53:02 PM org.javacs.JavaCompilerService compileBatch
INFO: ...using cached compile
Sep 28, 2025 4:53:02 PM org.javacs.JavaLanguageServer rename
INFO: rename: 26.6789 document: file:///C:/Users/74993/Desktop/毕设/wll论文/java-language-server2/outputDir/DEF/by/DEF_160.java
Sep 28, 2025 4:53:02 PM org.javacs.JavaCompilerService compileBatch
INFO: ...using cached compile
Sep 28, 2025 4:53:02 PM org.javacs.JavaLanguageServer rename
INFO: rename: 27.3148 document: file:///C:/Users/74993/Desktop/毕设/wll论文/java-language-server2/outputDir/DEF/by/DEF_160.java
Sep 28, 2025 4:53:02 PM org.javacs.JavaCompilerService compileBatch
INFO: ...using cached compile
Sep 28, 2025 4:53:02 PM org.javacs.JavaLanguageServer rename
INFO: rename: 27.828 document: file:///C:/Users/74993/Desktop/毕设/wll论文/java-language-server2/outputDir/DEF/by/DEF_160.java
Sep 28, 2025 4:53:02 PM org.javacs.JavaCompilerService compileBatch
INFO: ...using cached compile
Sep 28, 2025 4:53:02 PM org.javacs.JavaLanguageServer rename
INFO: rename: 25.9069 document: file:///C:/Users/74993/Desktop/毕设/wll论文/java-language-server2/outputDir/DEF/by/DEF_160.java
Sep 28, 2025 4:53:02 PM org.javacs.JavaLanguageServer didOpenTextDocument
INFO: #didOpenTextDocument# try completion {"context":{"includeDeclaration":false},"textDocument":{"uri":"file:///C:/Users/74993/Desktop/%E6%AF%95%E8%AE%BE/wll%E8%AE%BA%E6%96%87/java-language-server2/outputDir/DEF/by/DEF_160.java"},"position":{"line":1009,"character":11}}
Sep 28, 2025 4:53:02 PM org.javacs.JavaLanguageServer completion
INFO: completion: 10.1061 document: file:///C:/Users/74993/Desktop/毕设/wll论文/java-language-server2/outputDir/DEF/by/DEF_160.java
Sep 28, 2025 4:53:02 PM org.javacs.JavaLanguageServer completion
INFO: completion: 7.6317 document: file:///C:/Users/74993/Desktop/毕设/wll论文/java-language-server2/outputDir/DEF/by/DEF_160.java
Sep 28, 2025 4:53:02 PM org.javacs.JavaLanguageServer completion
INFO: completion: 7.1074 document: file:///C:/Users/74993/Desktop/毕设/wll论文/java-language-server2/outputDir/DEF/by/DEF_160.java
Sep 28, 2025 4:53:02 PM org.javacs.JavaLanguageServer completion
INFO: completion: 8.0031 document: file:///C:/Users/74993/Desktop/毕设/wll论文/java-language-server2/outputDir/DEF/by/DEF_160.java
Sep 28, 2025 4:53:02 PM org.javacs.JavaLanguageServer completion
INFO: completion: 7.1824 document: file:///C:/Users/74993/Desktop/毕设/wll论文/java-language-server2/outputDir/DEF/by/DEF_160.java
Sep 28, 2025 4:53:02 PM org.javacs.JavaLanguageServer didOpenTextDocument
INFO: #didOpenTextDocument# try call reference {"context":{"includeDeclaration":false},"textDocument":{"uri":"file:///C:/Users/74993/Desktop/%E6%AF%95%E8%AE%BE/wll%E8%AE%BA%E6%96%87/java-language-server2/outputDir/DEF/bz/DEF_240.java"},"position":{"line":77,"character":29}}
Sep 28, 2025 4:53:02 PM org.javacs.ScanClassPath jdkTopLevelClasses
INFO: Searching for top-level classes in the JDK
Sep 28, 2025 4:53:02 PM org.javacs.ScanClassPath jdkTopLevelClasses
INFO: Found 15005 classes in the java platform
Sep 28, 2025 4:53:02 PM org.javacs.ScanClassPath classPathTopLevelClasses
INFO: Searching for top-level classes in 0 classpath locations
Sep 28, 2025 4:53:02 PM org.javacs.ScanClassPath classPathTopLevelClasses
INFO: Found 0 classes in classpath
Sep 28, 2025 4:53:02 PM org.javacs.ReusableCompiler getTask
WARNING: Options changed from [-classpath, , --add-modules, ALL-MODULE-PATH, -proc:none, -g, -Xlint:cast, -Xlint:deprecation, -Xlint:empty, -Xlint:fallthrough, -Xlint:finally, -Xlint:path, -Xlint:unchecked, -Xlint:varargs, -Xlint:static] to [-classpath, , --add-modules, ALL-MODULE-PATH, -proc:none, -g, -Xlint:cast, -Xlint:deprecation, -Xlint:empty, -Xlint:fallthrough, -Xlint:finally, -Xlint:path, -Xlint:unchecked, -Xlint:varargs, -Xlint:static], creating new compiler
Sep 28, 2025 4:53:02 PM org.javacs.JavaLanguageServer findReferences
INFO: compile component: 52.4567 document: file:///C:/Users/74993/Desktop/毕设/wll论文/java-language-server2/outputDir/DEF/bz/DEF_240.java
Sep 28, 2025 4:53:03 PM org.javacs.JavaLanguageServer findReferences
INFO: locate component: 53.6302 document: file:///C:/Users/74993/Desktop/毕设/wll论文/java-language-server2/outputDir/DEF/bz/DEF_240.java
Sep 28, 2025 4:53:03 PM org.javacs.JavaLanguageServer findReferences
INFO: traverse component: 0.0 document: file:///C:/Users/74993/Desktop/毕设/wll论文/java-language-server2/outputDir/DEF/bz/DEF_240.java
Sep 28, 2025 4:53:03 PM org.javacs.JavaLanguageServer findReferences
INFO: NOD: 3294 document: file:///C:/Users/74993/Desktop/毕设/wll论文/java-language-server2/outputDir/DEF/bz/DEF_240.java
Sep 28, 2025 4:53:03 PM org.javacs.JavaLanguageServer findReferences
INFO: DEF: 240 document: file:///C:/Users/74993/Desktop/毕设/wll论文/java-language-server2/outputDir/DEF/bz/DEF_240.java
Sep 28, 2025 4:53:03 PM org.javacs.JavaLanguageServer findReferences
INFO: OCC: 2050 document: file:///C:/Users/74993/Desktop/毕设/wll论文/java-language-server2/outputDir/DEF/bz/DEF_240.java
Sep 28, 2025 4:53:03 PM org.javacs.JavaLanguageServer findReferences
INFO: LOC: 1617 document: file:///C:/Users/74993/Desktop/毕设/wll论文/java-language-server2/outputDir/DEF/bz/DEF_240.java
Sep 28, 2025 4:53:03 PM org.javacs.ScanClassPath jdkTopLevelClasses
INFO: Searching for top-level classes in the JDK
Sep 28, 2025 4:53:03 PM org.javacs.ScanClassPath jdkTopLevelClasses
INFO: Found 15005 classes in the java platform
Sep 28, 2025 4:53:03 PM org.javacs.ScanClassPath classPathTopLevelClasses
INFO: Searching for top-level classes in 0 classpath locations
Sep 28, 2025 4:53:03 PM org.javacs.ScanClassPath classPathTopLevelClasses
INFO: Found 0 classes in classpath
Sep 28, 2025 4:53:03 PM org.javacs.ReusableCompiler getTask
WARNING: Options changed from [-classpath, , --add-modules, ALL-MODULE-PATH, -proc:none, -g, -Xlint:cast, -Xlint:deprecation, -Xlint:empty, -Xlint:fallthrough, -Xlint:finally, -Xlint:path, -Xlint:unchecked, -Xlint:varargs, -Xlint:static] to [-classpath, , --add-modules, ALL-MODULE-PATH, -proc:none, -g, -Xlint:cast, -Xlint:deprecation, -Xlint:empty, -Xlint:fallthrough, -Xlint:finally, -Xlint:path, -Xlint:unchecked, -Xlint:varargs, -Xlint:static], creating new compiler
Sep 28, 2025 4:53:03 PM org.javacs.JavaLanguageServer findReferences
INFO: compile component: 9.5285 document: file:///C:/Users/74993/Desktop/毕设/wll论文/java-language-server2/outputDir/DEF/bz/DEF_240.java
Sep 28, 2025 4:53:03 PM org.javacs.JavaLanguageServer findReferences
INFO: locate component: 46.6381 document: file:///C:/Users/74993/Desktop/毕设/wll论文/java-language-server2/outputDir/DEF/bz/DEF_240.java
Sep 28, 2025 4:53:03 PM org.javacs.JavaLanguageServer findReferences
INFO: traverse component: 0.0 document: file:///C:/Users/74993/Desktop/毕设/wll论文/java-language-server2/outputDir/DEF/bz/DEF_240.java
Sep 28, 2025 4:53:03 PM org.javacs.JavaLanguageServer findReferences
INFO: NOD: 3294 document: file:///C:/Users/74993/Desktop/毕设/wll论文/java-language-server2/outputDir/DEF/bz/DEF_240.java
Sep 28, 2025 4:53:03 PM org.javacs.JavaLanguageServer findReferences
INFO: DEF: 240 document: file:///C:/Users/74993/Desktop/毕设/wll论文/java-language-server2/outputDir/DEF/bz/DEF_240.java
Sep 28, 2025 4:53:03 PM org.javacs.JavaLanguageServer findReferences
INFO: OCC: 2050 document: file:///C:/Users/74993/Desktop/毕设/wll论文/java-language-server2/outputDir/DEF/bz/DEF_240.java
Sep 28, 2025 4:53:03 PM org.javacs.JavaLanguageServer findReferences
INFO: LOC: 1617 document: file:///C:/Users/74993/Desktop/毕设/wll论文/java-language-server2/outputDir/DEF/bz/DEF_240.java
Sep 28, 2025 4:53:03 PM org.javacs.ScanClassPath jdkTopLevelClasses
INFO: Searching for top-level classes in the JDK
Sep 28, 2025 4:53:03 PM org.javacs.ScanClassPath jdkTopLevelClasses
INFO: Found 15005 classes in the java platform
Sep 28, 2025 4:53:03 PM org.javacs.ScanClassPath classPathTopLevelClasses
INFO: Searching for top-level classes in 0 classpath locations
Sep 28, 2025 4:53:03 PM org.javacs.ScanClassPath classPathTopLevelClasses
INFO: Found 0 classes in classpath
Sep 28, 2025 4:53:03 PM org.javacs.ReusableCompiler getTask
WARNING: Options changed from [-classpath, , --add-modules, ALL-MODULE-PATH, -proc:none, -g, -Xlint:cast, -Xlint:deprecation, -Xlint:empty, -Xlint:fallthrough, -Xlint:finally, -Xlint:path, -Xlint:unchecked, -Xlint:varargs, -Xlint:static] to [-classpath, , --add-modules, ALL-MODULE-PATH, -proc:none, -g, -Xlint:cast, -Xlint:deprecation, -Xlint:empty, -Xlint:fallthrough, -Xlint:finally, -Xlint:path, -Xlint:unchecked, -Xlint:varargs, -Xlint:static], creating new compiler
Sep 28, 2025 4:53:03 PM org.javacs.JavaLanguageServer findReferences
INFO: compile component: 8.5246 document: file:///C:/Users/74993/Desktop/毕设/wll论文/java-language-server2/outputDir/DEF/bz/DEF_240.java
Sep 28, 2025 4:53:03 PM org.javacs.JavaLanguageServer findReferences
INFO: locate component: 56.1064 document: file:///C:/Users/74993/Desktop/毕设/wll论文/java-language-server2/outputDir/DEF/bz/DEF_240.java
Sep 28, 2025 4:53:03 PM org.javacs.JavaLanguageServer findReferences
INFO: traverse component: 0.0 document: file:///C:/Users/74993/Desktop/毕设/wll论文/java-language-server2/outputDir/DEF/bz/DEF_240.java
Sep 28, 2025 4:53:03 PM org.javacs.JavaLanguageServer findReferences
INFO: NOD: 3294 document: file:///C:/Users/74993/Desktop/毕设/wll论文/java-language-server2/outputDir/DEF/bz/DEF_240.java
Sep 28, 2025 4:53:03 PM org.javacs.JavaLanguageServer findReferences
INFO: DEF: 240 document: file:///C:/Users/74993/Desktop/毕设/wll论文/java-language-server2/outputDir/DEF/bz/DEF_240.java
Sep 28, 2025 4:53:03 PM org.javacs.JavaLanguageServer findReferences
INFO: OCC: 2050 document: file:///C:/Users/74993/Desktop/毕设/wll论文/java-language-server2/outputDir/DEF/bz/DEF_240.java
Sep 28, 2025 4:53:03 PM org.javacs.JavaLanguageServer findReferences
INFO: LOC: 1617 document: file:///C:/Users/74993/Desktop/毕设/wll论文/java-language-server2/outputDir/DEF/bz/DEF_240.java
Sep 28, 2025 4:53:03 PM org.javacs.ScanClassPath jdkTopLevelClasses
INFO: Searching for top-level classes in the JDK
Sep 28, 2025 4:53:03 PM org.javacs.ScanClassPath jdkTopLevelClasses
INFO: Found 15005 classes in the java platform
Sep 28, 2025 4:53:03 PM org.javacs.ScanClassPath classPathTopLevelClasses
INFO: Searching for top-level classes in 0 classpath locations
Sep 28, 2025 4:53:03 PM org.javacs.ScanClassPath classPathTopLevelClasses
INFO: Found 0 classes in classpath
Sep 28, 2025 4:53:03 PM org.javacs.ReusableCompiler getTask
WARNING: Options changed from [-classpath, , --add-modules, ALL-MODULE-PATH, -proc:none, -g, -Xlint:cast, -Xlint:deprecation, -Xlint:empty, -Xlint:fallthrough, -Xlint:finally, -Xlint:path, -Xlint:unchecked, -Xlint:varargs, -Xlint:static] to [-classpath, , --add-modules, ALL-MODULE-PATH, -proc:none, -g, -Xlint:cast, -Xlint:deprecation, -Xlint:empty, -Xlint:fallthrough, -Xlint:finally, -Xlint:path, -Xlint:unchecked, -Xlint:varargs, -Xlint:static], creating new compiler
Sep 28, 2025 4:53:03 PM org.javacs.JavaLanguageServer findReferences
INFO: compile component: 10.5232 document: file:///C:/Users/74993/Desktop/毕设/wll论文/java-language-server2/outputDir/DEF/bz/DEF_240.java
Sep 28, 2025 4:53:04 PM org.javacs.JavaLanguageServer findReferences
INFO: locate component: 59.2503 document: file:///C:/Users/74993/Desktop/毕设/wll论文/java-language-server2/outputDir/DEF/bz/DEF_240.java
Sep 28, 2025 4:53:04 PM org.javacs.JavaLanguageServer findReferences
INFO: traverse component: 0.0 document: file:///C:/Users/74993/Desktop/毕设/wll论文/java-language-server2/outputDir/DEF/bz/DEF_240.java
Sep 28, 2025 4:53:04 PM org.javacs.JavaLanguageServer findReferences
INFO: NOD: 3294 document: file:///C:/Users/74993/Desktop/毕设/wll论文/java-language-server2/outputDir/DEF/bz/DEF_240.java
Sep 28, 2025 4:53:04 PM org.javacs.JavaLanguageServer findReferences
INFO: DEF: 240 document: file:///C:/Users/74993/Desktop/毕设/wll论文/java-language-server2/outputDir/DEF/bz/DEF_240.java
Sep 28, 2025 4:53:04 PM org.javacs.JavaLanguageServer findReferences
INFO: OCC: 2050 document: file:///C:/Users/74993/Desktop/毕设/wll论文/java-language-server2/outputDir/DEF/bz/DEF_240.java
Sep 28, 2025 4:53:04 PM org.javacs.JavaLanguageServer findReferences
INFO: LOC: 1617 document: file:///C:/Users/74993/Desktop/毕设/wll论文/java-language-server2/outputDir/DEF/bz/DEF_240.java
Sep 28, 2025 4:53:04 PM org.javacs.ScanClassPath jdkTopLevelClasses
INFO: Searching for top-level classes in the JDK
Sep 28, 2025 4:53:04 PM org.javacs.ScanClassPath jdkTopLevelClasses
INFO: Found 15005 classes in the java platform
Sep 28, 2025 4:53:04 PM org.javacs.ScanClassPath classPathTopLevelClasses
INFO: Searching for top-level classes in 0 classpath locations
Sep 28, 2025 4:53:04 PM org.javacs.ScanClassPath classPathTopLevelClasses
INFO: Found 0 classes in classpath
Sep 28, 2025 4:53:04 PM org.javacs.ReusableCompiler getTask
WARNING: Options changed from [-classpath, , --add-modules, ALL-MODULE-PATH, -proc:none, -g, -Xlint:cast, -Xlint:deprecation, -Xlint:empty, -Xlint:fallthrough, -Xlint:finally, -Xlint:path, -Xlint:unchecked, -Xlint:varargs, -Xlint:static] to [-classpath, , --add-modules, ALL-MODULE-PATH, -proc:none, -g, -Xlint:cast, -Xlint:deprecation, -Xlint:empty, -Xlint:fallthrough, -Xlint:finally, -Xlint:path, -Xlint:unchecked, -Xlint:varargs, -Xlint:static], creating new compiler
Sep 28, 2025 4:53:04 PM org.javacs.JavaLanguageServer findReferences
INFO: compile component: 8.0607 document: file:///C:/Users/74993/Desktop/毕设/wll论文/java-language-server2/outputDir/DEF/bz/DEF_240.java
Sep 28, 2025 4:53:04 PM org.javacs.JavaLanguageServer findReferences
INFO: locate component: 52.4778 document: file:///C:/Users/74993/Desktop/毕设/wll论文/java-language-server2/outputDir/DEF/bz/DEF_240.java
Sep 28, 2025 4:53:04 PM org.javacs.JavaLanguageServer findReferences
INFO: traverse component: 0.0 document: file:///C:/Users/74993/Desktop/毕设/wll论文/java-language-server2/outputDir/DEF/bz/DEF_240.java
Sep 28, 2025 4:53:04 PM org.javacs.JavaLanguageServer findReferences
INFO: NOD: 3294 document: file:///C:/Users/74993/Desktop/毕设/wll论文/java-language-server2/outputDir/DEF/bz/DEF_240.java
Sep 28, 2025 4:53:04 PM org.javacs.JavaLanguageServer findReferences
INFO: DEF: 240 document: file:///C:/Users/74993/Desktop/毕设/wll论文/java-language-server2/outputDir/DEF/bz/DEF_240.java
Sep 28, 2025 4:53:04 PM org.javacs.JavaLanguageServer findReferences
INFO: OCC: 2050 document: file:///C:/Users/74993/Desktop/毕设/wll论文/java-language-server2/outputDir/DEF/bz/DEF_240.java
Sep 28, 2025 4:53:04 PM org.javacs.JavaLanguageServer findReferences
INFO: LOC: 1617 document: file:///C:/Users/74993/Desktop/毕设/wll论文/java-language-server2/outputDir/DEF/bz/DEF_240.java
Sep 28, 2025 4:53:04 PM org.javacs.JavaLanguageServer didOpenTextDocument
INFO: #didOpenTextDocument# try call goto {"context":{"includeDeclaration":false},"textDocument":{"uri":"file:///C:/Users/74993/Desktop/%E6%AF%95%E8%AE%BE/wll%E8%AE%BA%E6%96%87/java-language-server2/outputDir/DEF/bz/DEF_240.java"},"position":{"line":77,"character":29}}
Sep 28, 2025 4:53:04 PM org.javacs.JavaCompilerService compileBatch
INFO: ...using cached compile
Sep 28, 2025 4:53:04 PM org.javacs.JavaLanguageServer gotoDefinition
INFO: gotoDefinition: 53.7956 document: file:///C:/Users/74993/Desktop/毕设/wll论文/java-language-server2/outputDir/DEF/bz/DEF_240.java
Sep 28, 2025 4:53:04 PM org.javacs.JavaCompilerService compileBatch
INFO: ...using cached compile
Sep 28, 2025 4:53:04 PM org.javacs.JavaLanguageServer gotoDefinition
INFO: gotoDefinition: 65.5246 document: file:///C:/Users/74993/Desktop/毕设/wll论文/java-language-server2/outputDir/DEF/bz/DEF_240.java
Sep 28, 2025 4:53:04 PM org.javacs.JavaCompilerService compileBatch
INFO: ...using cached compile
Sep 28, 2025 4:53:04 PM org.javacs.JavaLanguageServer gotoDefinition
INFO: gotoDefinition: 53.2757 document: file:///C:/Users/74993/Desktop/毕设/wll论文/java-language-server2/outputDir/DEF/bz/DEF_240.java
Sep 28, 2025 4:53:04 PM org.javacs.JavaCompilerService compileBatch
INFO: ...using cached compile
Sep 28, 2025 4:53:04 PM org.javacs.JavaLanguageServer gotoDefinition
INFO: gotoDefinition: 50.7907 document: file:///C:/Users/74993/Desktop/毕设/wll论文/java-language-server2/outputDir/DEF/bz/DEF_240.java
Sep 28, 2025 4:53:04 PM org.javacs.JavaCompilerService compileBatch
INFO: ...using cached compile
Sep 28, 2025 4:53:04 PM org.javacs.JavaLanguageServer gotoDefinition
INFO: gotoDefinition: 56.2455 document: file:///C:/Users/74993/Desktop/毕设/wll论文/java-language-server2/outputDir/DEF/bz/DEF_240.java
Sep 28, 2025 4:53:04 PM org.javacs.JavaLanguageServer didOpenTextDocument
INFO: #didOpenTextDocument# try call rename {"context":{"includeDeclaration":false},"textDocument":{"uri":"file:///C:/Users/74993/Desktop/%E6%AF%95%E8%AE%BE/wll%E8%AE%BA%E6%96%87/java-language-server2/outputDir/DEF/bz/DEF_240.java"},"position":{"line":77,"character":29}}
Sep 28, 2025 4:53:04 PM org.javacs.JavaCompilerService compileBatch
INFO: ...using cached compile
Sep 28, 2025 4:53:04 PM org.javacs.JavaLanguageServer rename
INFO: rename: 50.9518 document: file:///C:/Users/74993/Desktop/毕设/wll论文/java-language-server2/outputDir/DEF/bz/DEF_240.java
Sep 28, 2025 4:53:04 PM org.javacs.JavaCompilerService compileBatch
INFO: ...using cached compile
Sep 28, 2025 4:53:04 PM org.javacs.JavaLanguageServer rename
INFO: rename: 50.5886 document: file:///C:/Users/74993/Desktop/毕设/wll论文/java-language-server2/outputDir/DEF/bz/DEF_240.java
Sep 28, 2025 4:53:04 PM org.javacs.JavaCompilerService compileBatch
INFO: ...using cached compile
Sep 28, 2025 4:53:04 PM org.javacs.JavaLanguageServer rename
INFO: rename: 49.0767 document: file:///C:/Users/74993/Desktop/毕设/wll论文/java-language-server2/outputDir/DEF/bz/DEF_240.java
Sep 28, 2025 4:53:04 PM org.javacs.JavaCompilerService compileBatch
INFO: ...using cached compile
Sep 28, 2025 4:53:04 PM org.javacs.JavaLanguageServer rename
INFO: rename: 48.472 document: file:///C:/Users/74993/Desktop/毕设/wll论文/java-language-server2/outputDir/DEF/bz/DEF_240.java
Sep 28, 2025 4:53:04 PM org.javacs.JavaCompilerService compileBatch
INFO: ...using cached compile
Sep 28, 2025 4:53:04 PM org.javacs.JavaLanguageServer rename
INFO: rename: 49.3386 document: file:///C:/Users/74993/Desktop/毕设/wll论文/java-language-server2/outputDir/DEF/bz/DEF_240.java
Sep 28, 2025 4:53:04 PM org.javacs.JavaLanguageServer didOpenTextDocument
INFO: #didOpenTextDocument# try completion {"context":{"includeDeclaration":false},"textDocument":{"uri":"file:///C:/Users/74993/Desktop/%E6%AF%95%E8%AE%BE/wll%E8%AE%BA%E6%96%87/java-language-server2/outputDir/DEF/bz/DEF_240.java"},"position":{"line":77,"character":29}}
Sep 28, 2025 4:53:04 PM org.javacs.JavaLanguageServer completion
INFO: completion: 10.5172 document: file:///C:/Users/74993/Desktop/毕设/wll论文/java-language-server2/outputDir/DEF/bz/DEF_240.java
Sep 28, 2025 4:53:04 PM org.javacs.JavaLanguageServer completion
INFO: completion: 9.2735 document: file:///C:/Users/74993/Desktop/毕设/wll论文/java-language-server2/outputDir/DEF/bz/DEF_240.java
Sep 28, 2025 4:53:04 PM org.javacs.JavaLanguageServer completion
INFO: completion: 8.5179 document: file:///C:/Users/74993/Desktop/毕设/wll论文/java-language-server2/outputDir/DEF/bz/DEF_240.java
Sep 28, 2025 4:53:04 PM org.javacs.JavaLanguageServer completion
INFO: completion: 7.5121 document: file:///C:/Users/74993/Desktop/毕设/wll论文/java-language-server2/outputDir/DEF/bz/DEF_240.java
Sep 28, 2025 4:53:04 PM org.javacs.JavaLanguageServer completion
INFO: completion: 9.5079 document: file:///C:/Users/74993/Desktop/毕设/wll论文/java-language-server2/outputDir/DEF/bz/DEF_240.java
Sep 28, 2025 4:53:04 PM org.javacs.JavaLanguageServer didOpenTextDocument
INFO: #didOpenTextDocument# try call goto {"context":{"includeDeclaration":false},"textDocument":{"uri":"file:///C:/Users/74993/Desktop/%E6%AF%95%E8%AE%BE/wll%E8%AE%BA%E6%96%87/java-language-server2/outputDir/DEF/bz/DEF_240.java"},"position":{"line":1601,"character":45}}
Sep 28, 2025 4:53:04 PM org.javacs.JavaLanguageServer gotoDefinition
INFO: gotoDefinition: 69.8315 document: file:///C:/Users/74993/Desktop/毕设/wll论文/java-language-server2/outputDir/DEF/bz/DEF_240.java
Sep 28, 2025 4:53:04 PM org.javacs.JavaCompilerService compileBatch
INFO: ...using cached compile
Sep 28, 2025 4:53:04 PM org.javacs.JavaLanguageServer gotoDefinition
INFO: gotoDefinition: 47.2214 document: file:///C:/Users/74993/Desktop/毕设/wll论文/java-language-server2/outputDir/DEF/bz/DEF_240.java
Sep 28, 2025 4:53:04 PM org.javacs.JavaCompilerService compileBatch
INFO: ...using cached compile
Sep 28, 2025 4:53:05 PM org.javacs.JavaLanguageServer gotoDefinition
INFO: gotoDefinition: 46.6278 document: file:///C:/Users/74993/Desktop/毕设/wll论文/java-language-server2/outputDir/DEF/bz/DEF_240.java
Sep 28, 2025 4:53:05 PM org.javacs.JavaCompilerService compileBatch
INFO: ...using cached compile
Sep 28, 2025 4:53:05 PM org.javacs.JavaLanguageServer gotoDefinition
INFO: gotoDefinition: 47.2963 document: file:///C:/Users/74993/Desktop/毕设/wll论文/java-language-server2/outputDir/DEF/bz/DEF_240.java
Sep 28, 2025 4:53:05 PM org.javacs.JavaCompilerService compileBatch
INFO: ...using cached compile
Sep 28, 2025 4:53:05 PM org.javacs.JavaLanguageServer gotoDefinition
INFO: gotoDefinition: 47.2523 document: file:///C:/Users/74993/Desktop/毕设/wll论文/java-language-server2/outputDir/DEF/bz/DEF_240.java
Sep 28, 2025 4:53:05 PM org.javacs.JavaLanguageServer didOpenTextDocument
INFO: #didOpenTextDocument# try call rename {"context":{"includeDeclaration":false},"textDocument":{"uri":"file:///C:/Users/74993/Desktop/%E6%AF%95%E8%AE%BE/wll%E8%AE%BA%E6%96%87/java-language-server2/outputDir/DEF/bz/DEF_240.java"},"position":{"line":1601,"character":45}}
Sep 28, 2025 4:53:05 PM org.javacs.JavaCompilerService compileBatch
INFO: ...using cached compile
Sep 28, 2025 4:53:05 PM org.javacs.JavaLanguageServer rename
INFO: rename: 48.0093 document: file:///C:/Users/74993/Desktop/毕设/wll论文/java-language-server2/outputDir/DEF/bz/DEF_240.java
Sep 28, 2025 4:53:05 PM org.javacs.JavaCompilerService compileBatch
INFO: ...using cached compile
Sep 28, 2025 4:53:05 PM org.javacs.JavaLanguageServer rename
INFO: rename: 48.6282 document: file:///C:/Users/74993/Desktop/毕设/wll论文/java-language-server2/outputDir/DEF/bz/DEF_240.java
Sep 28, 2025 4:53:05 PM org.javacs.JavaCompilerService compileBatch
INFO: ...using cached compile
Sep 28, 2025 4:53:05 PM org.javacs.JavaLanguageServer rename
INFO: rename: 47.6497 document: file:///C:/Users/74993/Desktop/毕设/wll论文/java-language-server2/outputDir/DEF/bz/DEF_240.java
Sep 28, 2025 4:53:05 PM org.javacs.JavaCompilerService compileBatch
INFO: ...using cached compile
Sep 28, 2025 4:53:05 PM org.javacs.JavaLanguageServer rename
INFO: rename: 48.8001 document: file:///C:/Users/74993/Desktop/毕设/wll论文/java-language-server2/outputDir/DEF/bz/DEF_240.java
Sep 28, 2025 4:53:05 PM org.javacs.JavaCompilerService compileBatch
INFO: ...using cached compile
Sep 28, 2025 4:53:05 PM org.javacs.JavaLanguageServer rename
INFO: rename: 51.3184 document: file:///C:/Users/74993/Desktop/毕设/wll论文/java-language-server2/outputDir/DEF/bz/DEF_240.java
Sep 28, 2025 4:53:05 PM org.javacs.JavaLanguageServer didOpenTextDocument
INFO: #didOpenTextDocument# try completion {"context":{"includeDeclaration":false},"textDocument":{"uri":"file:///C:/Users/74993/Desktop/%E6%AF%95%E8%AE%BE/wll%E8%AE%BA%E6%96%87/java-language-server2/outputDir/DEF/bz/DEF_240.java"},"position":{"line":1601,"character":45}}
Sep 28, 2025 4:53:05 PM org.javacs.JavaLanguageServer completion
INFO: completion: 14.0379 document: file:///C:/Users/74993/Desktop/毕设/wll论文/java-language-server2/outputDir/DEF/bz/DEF_240.java
Sep 28, 2025 4:53:05 PM org.javacs.JavaLanguageServer completion
INFO: completion: 13.5128 document: file:///C:/Users/74993/Desktop/毕设/wll论文/java-language-server2/outputDir/DEF/bz/DEF_240.java
Sep 28, 2025 4:53:05 PM org.javacs.JavaLanguageServer completion
INFO: completion: 7.9964 document: file:///C:/Users/74993/Desktop/毕设/wll论文/java-language-server2/outputDir/DEF/bz/DEF_240.java
Sep 28, 2025 4:53:05 PM org.javacs.JavaLanguageServer completion
INFO: completion: 9.5152 document: file:///C:/Users/74993/Desktop/毕设/wll论文/java-language-server2/outputDir/DEF/bz/DEF_240.java
Sep 28, 2025 4:53:05 PM org.javacs.JavaLanguageServer completion
INFO: completion: 8.5207 document: file:///C:/Users/74993/Desktop/毕设/wll论文/java-language-server2/outputDir/DEF/bz/DEF_240.java
Sep 28, 2025 4:53:05 PM org.javacs.JavaLanguageServer didOpenTextDocument
INFO: #didOpenTextDocument# try call reference {"context":{"includeDeclaration":false},"textDocument":{"uri":"file:///C:/Users/74993/Desktop/%E6%AF%95%E8%AE%BE/wll%E8%AE%BA%E6%96%87/java-language-server2/outputDir/DEF/ca/DEF_320.java"},"position":{"line":50,"character":31}}
Sep 28, 2025 4:53:05 PM org.javacs.ScanClassPath jdkTopLevelClasses
INFO: Searching for top-level classes in the JDK
Sep 28, 2025 4:53:05 PM org.javacs.ScanClassPath jdkTopLevelClasses
INFO: Found 15005 classes in the java platform
Sep 28, 2025 4:53:05 PM org.javacs.ScanClassPath classPathTopLevelClasses
INFO: Searching for top-level classes in 0 classpath locations
Sep 28, 2025 4:53:05 PM org.javacs.ScanClassPath classPathTopLevelClasses
INFO: Found 0 classes in classpath
Sep 28, 2025 4:53:05 PM org.javacs.ReusableCompiler getTask
WARNING: Options changed from [-classpath, , --add-modules, ALL-MODULE-PATH, -proc:none, -g, -Xlint:cast, -Xlint:deprecation, -Xlint:empty, -Xlint:fallthrough, -Xlint:finally, -Xlint:path, -Xlint:unchecked, -Xlint:varargs, -Xlint:static] to [-classpath, , --add-modules, ALL-MODULE-PATH, -proc:none, -g, -Xlint:cast, -Xlint:deprecation, -Xlint:empty, -Xlint:fallthrough, -Xlint:finally, -Xlint:path, -Xlint:unchecked, -Xlint:varargs, -Xlint:static], creating new compiler
Sep 28, 2025 4:53:05 PM org.javacs.JavaLanguageServer findReferences
INFO: compile component: 25.0374 document: file:///C:/Users/74993/Desktop/毕设/wll论文/java-language-server2/outputDir/DEF/ca/DEF_320.java
Sep 28, 2025 4:53:05 PM org.javacs.JavaLanguageServer findReferences
INFO: locate component: 54.6788 document: file:///C:/Users/74993/Desktop/毕设/wll论文/java-language-server2/outputDir/DEF/ca/DEF_320.java
Sep 28, 2025 4:53:05 PM org.javacs.JavaLanguageServer findReferences
INFO: traverse component: 0.0 document: file:///C:/Users/74993/Desktop/毕设/wll论文/java-language-server2/outputDir/DEF/ca/DEF_320.java
Sep 28, 2025 4:53:05 PM org.javacs.JavaLanguageServer findReferences
INFO: NOD: 3753 document: file:///C:/Users/74993/Desktop/毕设/wll论文/java-language-server2/outputDir/DEF/ca/DEF_320.java
Sep 28, 2025 4:53:05 PM org.javacs.JavaLanguageServer findReferences
INFO: DEF: 320 document: file:///C:/Users/74993/Desktop/毕设/wll论文/java-language-server2/outputDir/DEF/ca/DEF_320.java
Sep 28, 2025 4:53:05 PM org.javacs.JavaLanguageServer findReferences
INFO: OCC: 2231 document: file:///C:/Users/74993/Desktop/毕设/wll论文/java-language-server2/outputDir/DEF/ca/DEF_320.java
Sep 28, 2025 4:53:05 PM org.javacs.JavaLanguageServer findReferences
INFO: LOC: 1626 document: file:///C:/Users/74993/Desktop/毕设/wll论文/java-language-server2/outputDir/DEF/ca/DEF_320.java
Sep 28, 2025 4:53:05 PM org.javacs.ScanClassPath jdkTopLevelClasses
INFO: Searching for top-level classes in the JDK
Sep 28, 2025 4:53:05 PM org.javacs.ScanClassPath jdkTopLevelClasses
INFO: Found 15005 classes in the java platform
Sep 28, 2025 4:53:05 PM org.javacs.ScanClassPath classPathTopLevelClasses
INFO: Searching for top-level classes in 0 classpath locations
Sep 28, 2025 4:53:05 PM org.javacs.ScanClassPath classPathTopLevelClasses
INFO: Found 0 classes in classpath
Sep 28, 2025 4:53:05 PM org.javacs.ReusableCompiler getTask
WARNING: Options changed from [-classpath, , --add-modules, ALL-MODULE-PATH, -proc:none, -g, -Xlint:cast, -Xlint:deprecation, -Xlint:empty, -Xlint:fallthrough, -Xlint:finally, -Xlint:path, -Xlint:unchecked, -Xlint:varargs, -Xlint:static] to [-classpath, , --add-modules, ALL-MODULE-PATH, -proc:none, -g, -Xlint:cast, -Xlint:deprecation, -Xlint:empty, -Xlint:fallthrough, -Xlint:finally, -Xlint:path, -Xlint:unchecked, -Xlint:varargs, -Xlint:static], creating new compiler
Sep 28, 2025 4:53:05 PM org.javacs.JavaLanguageServer findReferences
INFO: compile component: 11.1425 document: file:///C:/Users/74993/Desktop/毕设/wll论文/java-language-server2/outputDir/DEF/ca/DEF_320.java
Sep 28, 2025 4:53:05 PM org.javacs.JavaLanguageServer findReferences
INFO: locate component: 57.2387 document: file:///C:/Users/74993/Desktop/毕设/wll论文/java-language-server2/outputDir/DEF/ca/DEF_320.java
Sep 28, 2025 4:53:05 PM org.javacs.JavaLanguageServer findReferences
INFO: traverse component: 0.0 document: file:///C:/Users/74993/Desktop/毕设/wll论文/java-language-server2/outputDir/DEF/ca/DEF_320.java
Sep 28, 2025 4:53:05 PM org.javacs.JavaLanguageServer findReferences
INFO: NOD: 3753 document: file:///C:/Users/74993/Desktop/毕设/wll论文/java-language-server2/outputDir/DEF/ca/DEF_320.java
Sep 28, 2025 4:53:05 PM org.javacs.JavaLanguageServer findReferences
INFO: DEF: 320 document: file:///C:/Users/74993/Desktop/毕设/wll论文/java-language-server2/outputDir/DEF/ca/DEF_320.java
Sep 28, 2025 4:53:05 PM org.javacs.JavaLanguageServer findReferences
INFO: OCC: 2231 document: file:///C:/Users/74993/Desktop/毕设/wll论文/java-language-server2/outputDir/DEF/ca/DEF_320.java
Sep 28, 2025 4:53:05 PM org.javacs.JavaLanguageServer findReferences
INFO: LOC: 1626 document: file:///C:/Users/74993/Desktop/毕设/wll论文/java-language-server2/outputDir/DEF/ca/DEF_320.java
Sep 28, 2025 4:53:05 PM org.javacs.ScanClassPath jdkTopLevelClasses
INFO: Searching for top-level classes in the JDK
Sep 28, 2025 4:53:06 PM org.javacs.ScanClassPath jdkTopLevelClasses
INFO: Found 15005 classes in the java platform
Sep 28, 2025 4:53:06 PM org.javacs.ScanClassPath classPathTopLevelClasses
INFO: Searching for top-level classes in 0 classpath locations
Sep 28, 2025 4:53:06 PM org.javacs.ScanClassPath classPathTopLevelClasses
INFO: Found 0 classes in classpath
Sep 28, 2025 4:53:06 PM org.javacs.ReusableCompiler getTask
WARNING: Options changed from [-classpath, , --add-modules, ALL-MODULE-PATH, -proc:none, -g, -Xlint:cast, -Xlint:deprecation, -Xlint:empty, -Xlint:fallthrough, -Xlint:finally, -Xlint:path, -Xlint:unchecked, -Xlint:varargs, -Xlint:static] to [-classpath, , --add-modules, ALL-MODULE-PATH, -proc:none, -g, -Xlint:cast, -Xlint:deprecation, -Xlint:empty, -Xlint:fallthrough, -Xlint:finally, -Xlint:path, -Xlint:unchecked, -Xlint:varargs, -Xlint:static], creating new compiler
Sep 28, 2025 4:53:06 PM org.javacs.JavaLanguageServer findReferences
INFO: compile component: 12.0461 document: file:///C:/Users/74993/Desktop/毕设/wll论文/java-language-server2/outputDir/DEF/ca/DEF_320.java
Sep 28, 2025 4:53:06 PM org.javacs.JavaLanguageServer findReferences
INFO: locate component: 55.1361 document: file:///C:/Users/74993/Desktop/毕设/wll论文/java-language-server2/outputDir/DEF/ca/DEF_320.java
Sep 28, 2025 4:53:06 PM org.javacs.JavaLanguageServer findReferences
INFO: traverse component: 0.0 document: file:///C:/Users/74993/Desktop/毕设/wll论文/java-language-server2/outputDir/DEF/ca/DEF_320.java
Sep 28, 2025 4:53:06 PM org.javacs.JavaLanguageServer findReferences
INFO: NOD: 3753 document: file:///C:/Users/74993/Desktop/毕设/wll论文/java-language-server2/outputDir/DEF/ca/DEF_320.java
Sep 28, 2025 4:53:06 PM org.javacs.JavaLanguageServer findReferences
INFO: DEF: 320 document: file:///C:/Users/74993/Desktop/毕设/wll论文/java-language-server2/outputDir/DEF/ca/DEF_320.java
Sep 28, 2025 4:53:06 PM org.javacs.JavaLanguageServer findReferences
INFO: OCC: 2231 document: file:///C:/Users/74993/Desktop/毕设/wll论文/java-language-server2/outputDir/DEF/ca/DEF_320.java
Sep 28, 2025 4:53:06 PM org.javacs.JavaLanguageServer findReferences
INFO: LOC: 1626 document: file:///C:/Users/74993/Desktop/毕设/wll论文/java-language-server2/outputDir/DEF/ca/DEF_320.java
Sep 28, 2025 4:53:06 PM org.javacs.ScanClassPath jdkTopLevelClasses
INFO: Searching for top-level classes in the JDK
Sep 28, 2025 4:53:06 PM org.javacs.ScanClassPath jdkTopLevelClasses
INFO: Found 15005 classes in the java platform
Sep 28, 2025 4:53:06 PM org.javacs.ScanClassPath classPathTopLevelClasses
INFO: Searching for top-level classes in 0 classpath locations
Sep 28, 2025 4:53:06 PM org.javacs.ScanClassPath classPathTopLevelClasses
INFO: Found 0 classes in classpath
Sep 28, 2025 4:53:06 PM org.javacs.ReusableCompiler getTask
WARNING: Options changed from [-classpath, , --add-modules, ALL-MODULE-PATH, -proc:none, -g, -Xlint:cast, -Xlint:deprecation, -Xlint:empty, -Xlint:fallthrough, -Xlint:finally, -Xlint:path, -Xlint:unchecked, -Xlint:varargs, -Xlint:static] to [-classpath, , --add-modules, ALL-MODULE-PATH, -proc:none, -g, -Xlint:cast, -Xlint:deprecation, -Xlint:empty, -Xlint:fallthrough, -Xlint:finally, -Xlint:path, -Xlint:unchecked, -Xlint:varargs, -Xlint:static], creating new compiler
Sep 28, 2025 4:53:06 PM org.javacs.JavaLanguageServer findReferences
INFO: compile component: 7.521 document: file:///C:/Users/74993/Desktop/毕设/wll论文/java-language-server2/outputDir/DEF/ca/DEF_320.java
Sep 28, 2025 4:53:06 PM org.javacs.JavaLanguageServer findReferences
INFO: locate component: 53.614 document: file:///C:/Users/74993/Desktop/毕设/wll论文/java-language-server2/outputDir/DEF/ca/DEF_320.java
Sep 28, 2025 4:53:06 PM org.javacs.JavaLanguageServer findReferences
INFO: traverse component: 0.0 document: file:///C:/Users/74993/Desktop/毕设/wll论文/java-language-server2/outputDir/DEF/ca/DEF_320.java
Sep 28, 2025 4:53:06 PM org.javacs.JavaLanguageServer findReferences
INFO: NOD: 3753 document: file:///C:/Users/74993/Desktop/毕设/wll论文/java-language-server2/outputDir/DEF/ca/DEF_320.java
Sep 28, 2025 4:53:06 PM org.javacs.JavaLanguageServer findReferences
INFO: DEF: 320 document: file:///C:/Users/74993/Desktop/毕设/wll论文/java-language-server2/outputDir/DEF/ca/DEF_320.java
Sep 28, 2025 4:53:06 PM org.javacs.JavaLanguageServer findReferences
INFO: OCC: 2231 document: file:///C:/Users/74993/Desktop/毕设/wll论文/java-language-server2/outputDir/DEF/ca/DEF_320.java
Sep 28, 2025 4:53:06 PM org.javacs.JavaLanguageServer findReferences
INFO: LOC: 1626 document: file:///C:/Users/74993/Desktop/毕设/wll论文/java-language-server2/outputDir/DEF/ca/DEF_320.java
Sep 28, 2025 4:53:06 PM org.javacs.ScanClassPath jdkTopLevelClasses
INFO: Searching for top-level classes in the JDK
Sep 28, 2025 4:53:06 PM org.javacs.ScanClassPath jdkTopLevelClasses
INFO: Found 15005 classes in the java platform
Sep 28, 2025 4:53:06 PM org.javacs.ScanClassPath classPathTopLevelClasses
INFO: Searching for top-level classes in 0 classpath locations
Sep 28, 2025 4:53:06 PM org.javacs.ScanClassPath classPathTopLevelClasses
INFO: Found 0 classes in classpath
Sep 28, 2025 4:53:06 PM org.javacs.ReusableCompiler getTask
WARNING: Options changed from [-classpath, , --add-modules, ALL-MODULE-PATH, -proc:none, -g, -Xlint:cast, -Xlint:deprecation, -Xlint:empty, -Xlint:fallthrough, -Xlint:finally, -Xlint:path, -Xlint:unchecked, -Xlint:varargs, -Xlint:static] to [-classpath, , --add-modules, ALL-MODULE-PATH, -proc:none, -g, -Xlint:cast, -Xlint:deprecation, -Xlint:empty, -Xlint:fallthrough, -Xlint:finally, -Xlint:path, -Xlint:unchecked, -Xlint:varargs, -Xlint:static], creating new compiler
Sep 28, 2025 4:53:06 PM org.javacs.JavaLanguageServer findReferences
INFO: compile component: 7.5173 document: file:///C:/Users/74993/Desktop/毕设/wll论文/java-language-server2/outputDir/DEF/ca/DEF_320.java
Sep 28, 2025 4:53:06 PM org.javacs.JavaLanguageServer findReferences
INFO: locate component: 52.7977 document: file:///C:/Users/74993/Desktop/毕设/wll论文/java-language-server2/outputDir/DEF/ca/DEF_320.java
Sep 28, 2025 4:53:06 PM org.javacs.JavaLanguageServer findReferences
INFO: traverse component: 0.0 document: file:///C:/Users/74993/Desktop/毕设/wll论文/java-language-server2/outputDir/DEF/ca/DEF_320.java
Sep 28, 2025 4:53:06 PM org.javacs.JavaLanguageServer findReferences
INFO: NOD: 3753 document: file:///C:/Users/74993/Desktop/毕设/wll论文/java-language-server2/outputDir/DEF/ca/DEF_320.java
Sep 28, 2025 4:53:06 PM org.javacs.JavaLanguageServer findReferences
INFO: DEF: 320 document: file:///C:/Users/74993/Desktop/毕设/wll论文/java-language-server2/outputDir/DEF/ca/DEF_320.java
Sep 28, 2025 4:53:06 PM org.javacs.JavaLanguageServer findReferences
INFO: OCC: 2231 document: file:///C:/Users/74993/Desktop/毕设/wll论文/java-language-server2/outputDir/DEF/ca/DEF_320.java
Sep 28, 2025 4:53:06 PM org.javacs.JavaLanguageServer findReferences
INFO: LOC: 1626 document: file:///C:/Users/74993/Desktop/毕设/wll论文/java-language-server2/outputDir/DEF/ca/DEF_320.java
Sep 28, 2025 4:53:06 PM org.javacs.JavaLanguageServer didOpenTextDocument
INFO: #didOpenTextDocument# try call goto {"context":{"includeDeclaration":false},"textDocument":{"uri":"file:///C:/Users/74993/Desktop/%E6%AF%95%E8%AE%BE/wll%E8%AE%BA%E6%96%87/java-language-server2/outputDir/DEF/ca/DEF_320.java"},"position":{"line":50,"character":31}}
Sep 28, 2025 4:53:06 PM org.javacs.JavaCompilerService compileBatch
INFO: ...using cached compile
Sep 28, 2025 4:53:06 PM org.javacs.JavaLanguageServer gotoDefinition
INFO: gotoDefinition: 57.044 document: file:///C:/Users/74993/Desktop/毕设/wll论文/java-language-server2/outputDir/DEF/ca/DEF_320.java
Sep 28, 2025 4:53:06 PM org.javacs.JavaCompilerService compileBatch
INFO: ...using cached compile
Sep 28, 2025 4:53:06 PM org.javacs.JavaLanguageServer gotoDefinition
INFO: gotoDefinition: 55.1567 document: file:///C:/Users/74993/Desktop/毕设/wll论文/java-language-server2/outputDir/DEF/ca/DEF_320.java
Sep 28, 2025 4:53:06 PM org.javacs.JavaCompilerService compileBatch
INFO: ...using cached compile
Sep 28, 2025 4:53:06 PM org.javacs.JavaLanguageServer gotoDefinition
INFO: gotoDefinition: 57.9643 document: file:///C:/Users/74993/Desktop/毕设/wll论文/java-language-server2/outputDir/DEF/ca/DEF_320.java
Sep 28, 2025 4:53:06 PM org.javacs.JavaCompilerService compileBatch
INFO: ...using cached compile
Sep 28, 2025 4:53:06 PM org.javacs.JavaLanguageServer gotoDefinition
INFO: gotoDefinition: 56.5024 document: file:///C:/Users/74993/Desktop/毕设/wll论文/java-language-server2/outputDir/DEF/ca/DEF_320.java
Sep 28, 2025 4:53:06 PM org.javacs.JavaCompilerService compileBatch
INFO: ...using cached compile
Sep 28, 2025 4:53:06 PM org.javacs.JavaLanguageServer gotoDefinition
INFO: gotoDefinition: 55.1888 document: file:///C:/Users/74993/Desktop/毕设/wll论文/java-language-server2/outputDir/DEF/ca/DEF_320.java
Sep 28, 2025 4:53:06 PM org.javacs.JavaLanguageServer didOpenTextDocument
INFO: #didOpenTextDocument# try call rename {"context":{"includeDeclaration":false},"textDocument":{"uri":"file:///C:/Users/74993/Desktop/%E6%AF%95%E8%AE%BE/wll%E8%AE%BA%E6%96%87/java-language-server2/outputDir/DEF/ca/DEF_320.java"},"position":{"line":50,"character":31}}
Sep 28, 2025 4:53:06 PM org.javacs.JavaCompilerService compileBatch
INFO: ...using cached compile
Sep 28, 2025 4:53:06 PM org.javacs.JavaLanguageServer rename
INFO: rename: 54.0253 document: file:///C:/Users/74993/Desktop/毕设/wll论文/java-language-server2/outputDir/DEF/ca/DEF_320.java
Sep 28, 2025 4:53:06 PM org.javacs.JavaCompilerService compileBatch
INFO: ...using cached compile
Sep 28, 2025 4:53:06 PM org.javacs.JavaLanguageServer rename
INFO: rename: 54.4314 document: file:///C:/Users/74993/Desktop/毕设/wll论文/java-language-server2/outputDir/DEF/ca/DEF_320.java
Sep 28, 2025 4:53:06 PM org.javacs.JavaCompilerService compileBatch
INFO: ...using cached compile
Sep 28, 2025 4:53:06 PM org.javacs.JavaLanguageServer rename
INFO: rename: 55.569 document: file:///C:/Users/74993/Desktop/毕设/wll论文/java-language-server2/outputDir/DEF/ca/DEF_320.java
Sep 28, 2025 4:53:06 PM org.javacs.JavaCompilerService compileBatch
INFO: ...using cached compile
Sep 28, 2025 4:53:07 PM org.javacs.JavaLanguageServer rename
INFO: rename: 54.4023 document: file:///C:/Users/74993/Desktop/毕设/wll论文/java-language-server2/outputDir/DEF/ca/DEF_320.java
Sep 28, 2025 4:53:07 PM org.javacs.JavaCompilerService compileBatch
INFO: ...using cached compile
Sep 28, 2025 4:53:07 PM org.javacs.JavaLanguageServer rename
INFO: rename: 55.6758 document: file:///C:/Users/74993/Desktop/毕设/wll论文/java-language-server2/outputDir/DEF/ca/DEF_320.java
Sep 28, 2025 4:53:07 PM org.javacs.JavaLanguageServer didOpenTextDocument
INFO: #didOpenTextDocument# try completion {"context":{"includeDeclaration":false},"textDocument":{"uri":"file:///C:/Users/74993/Desktop/%E6%AF%95%E8%AE%BE/wll%E8%AE%BA%E6%96%87/java-language-server2/outputDir/DEF/ca/DEF_320.java"},"position":{"line":50,"character":31}}
Sep 28, 2025 4:53:07 PM org.javacs.JavaLanguageServer completion
INFO: completion: 11.9581 document: file:///C:/Users/74993/Desktop/毕设/wll论文/java-language-server2/outputDir/DEF/ca/DEF_320.java
Sep 28, 2025 4:53:07 PM org.javacs.JavaLanguageServer completion
INFO: completion: 9.0722 document: file:///C:/Users/74993/Desktop/毕设/wll论文/java-language-server2/outputDir/DEF/ca/DEF_320.java
Sep 28, 2025 4:53:07 PM org.javacs.JavaLanguageServer completion
INFO: completion: 9.0003 document: file:///C:/Users/74993/Desktop/毕设/wll论文/java-language-server2/outputDir/DEF/ca/DEF_320.java
Sep 28, 2025 4:53:07 PM org.javacs.JavaLanguageServer completion
INFO: completion: 8.3577 document: file:///C:/Users/74993/Desktop/毕设/wll论文/java-language-server2/outputDir/DEF/ca/DEF_320.java
Sep 28, 2025 4:53:07 PM org.javacs.JavaLanguageServer completion
INFO: completion: 8.5188 document: file:///C:/Users/74993/Desktop/毕设/wll论文/java-language-server2/outputDir/DEF/ca/DEF_320.java
Sep 28, 2025 4:53:07 PM org.javacs.JavaLanguageServer didOpenTextDocument
INFO: #didOpenTextDocument# try call goto {"context":{"includeDeclaration":false},"textDocument":{"uri":"file:///C:/Users/74993/Desktop/%E6%AF%95%E8%AE%BE/wll%E8%AE%BA%E6%96%87/java-language-server2/outputDir/DEF/ca/DEF_320.java"},"position":{"line":1604,"character":56}}
Sep 28, 2025 4:53:07 PM org.javacs.JavaLanguageServer gotoDefinition
INFO: gotoDefinition: 73.9626 document: file:///C:/Users/74993/Desktop/毕设/wll论文/java-language-server2/outputDir/DEF/ca/DEF_320.java
Sep 28, 2025 4:53:07 PM org.javacs.JavaCompilerService compileBatch
INFO: ...using cached compile
Sep 28, 2025 4:53:07 PM org.javacs.JavaLanguageServer gotoDefinition
INFO: gotoDefinition: 53.4283 document: file:///C:/Users/74993/Desktop/毕设/wll论文/java-language-server2/outputDir/DEF/ca/DEF_320.java
Sep 28, 2025 4:53:07 PM org.javacs.JavaCompilerService compileBatch
INFO: ...using cached compile
Sep 28, 2025 4:53:07 PM org.javacs.JavaLanguageServer gotoDefinition
INFO: gotoDefinition: 60.8314 document: file:///C:/Users/74993/Desktop/毕设/wll论文/java-language-server2/outputDir/DEF/ca/DEF_320.java
Sep 28, 2025 4:53:07 PM org.javacs.JavaCompilerService compileBatch
INFO: ...using cached compile
Sep 28, 2025 4:53:07 PM org.javacs.JavaLanguageServer gotoDefinition
INFO: gotoDefinition: 54.8737 document: file:///C:/Users/74993/Desktop/毕设/wll论文/java-language-server2/outputDir/DEF/ca/DEF_320.java
Sep 28, 2025 4:53:07 PM org.javacs.JavaCompilerService compileBatch
INFO: ...using cached compile
Sep 28, 2025 4:53:07 PM org.javacs.JavaLanguageServer gotoDefinition
INFO: gotoDefinition: 55.3387 document: file:///C:/Users/74993/Desktop/毕设/wll论文/java-language-server2/outputDir/DEF/ca/DEF_320.java
Sep 28, 2025 4:53:07 PM org.javacs.JavaLanguageServer didOpenTextDocument
INFO: #didOpenTextDocument# try call rename {"context":{"includeDeclaration":false},"textDocument":{"uri":"file:///C:/Users/74993/Desktop/%E6%AF%95%E8%AE%BE/wll%E8%AE%BA%E6%96%87/java-language-server2/outputDir/DEF/ca/DEF_320.java"},"position":{"line":1604,"character":56}}
Sep 28, 2025 4:53:07 PM org.javacs.JavaCompilerService compileBatch
INFO: ...using cached compile
Sep 28, 2025 4:53:07 PM org.javacs.JavaLanguageServer rename
INFO: rename: 55.5215 document: file:///C:/Users/74993/Desktop/毕设/wll论文/java-language-server2/outputDir/DEF/ca/DEF_320.java
Sep 28, 2025 4:53:07 PM org.javacs.JavaCompilerService compileBatch
INFO: ...using cached compile
Sep 28, 2025 4:53:07 PM org.javacs.JavaLanguageServer rename
INFO: rename: 55.2437 document: file:///C:/Users/74993/Desktop/毕设/wll论文/java-language-server2/outputDir/DEF/ca/DEF_320.java
Sep 28, 2025 4:53:07 PM org.javacs.JavaCompilerService compileBatch
INFO: ...using cached compile
Sep 28, 2025 4:53:07 PM org.javacs.JavaLanguageServer rename
INFO: rename: 57.833 document: file:///C:/Users/74993/Desktop/毕设/wll论文/java-language-server2/outputDir/DEF/ca/DEF_320.java
Sep 28, 2025 4:53:07 PM org.javacs.JavaCompilerService compileBatch
INFO: ...using cached compile
Sep 28, 2025 4:53:07 PM org.javacs.JavaLanguageServer rename
INFO: rename: 54.0186 document: file:///C:/Users/74993/Desktop/毕设/wll论文/java-language-server2/outputDir/DEF/ca/DEF_320.java
Sep 28, 2025 4:53:07 PM org.javacs.JavaCompilerService compileBatch
INFO: ...using cached compile
Sep 28, 2025 4:53:07 PM org.javacs.JavaLanguageServer rename
INFO: rename: 55.5454 document: file:///C:/Users/74993/Desktop/毕设/wll论文/java-language-server2/outputDir/DEF/ca/DEF_320.java
Sep 28, 2025 4:53:07 PM org.javacs.JavaLanguageServer didOpenTextDocument
INFO: #didOpenTextDocument# try completion {"context":{"includeDeclaration":false},"textDocument":{"uri":"file:///C:/Users/74993/Desktop/%E6%AF%95%E8%AE%BE/wll%E8%AE%BA%E6%96%87/java-language-server2/outputDir/DEF/ca/DEF_320.java"},"position":{"line":1604,"character":56}}
Sep 28, 2025 4:53:07 PM org.javacs.JavaLanguageServer completion
INFO: completion: 10.0081 document: file:///C:/Users/74993/Desktop/毕设/wll论文/java-language-server2/outputDir/DEF/ca/DEF_320.java
Sep 28, 2025 4:53:07 PM org.javacs.JavaLanguageServer completion
INFO: completion: 7.9983 document: file:///C:/Users/74993/Desktop/毕设/wll论文/java-language-server2/outputDir/DEF/ca/DEF_320.java
Sep 28, 2025 4:53:07 PM org.javacs.JavaLanguageServer completion
INFO: completion: 7.2379 document: file:///C:/Users/74993/Desktop/毕设/wll论文/java-language-server2/outputDir/DEF/ca/DEF_320.java
Sep 28, 2025 4:53:07 PM org.javacs.JavaLanguageServer completion
INFO: completion: 7.5183 document: file:///C:/Users/74993/Desktop/毕设/wll论文/java-language-server2/outputDir/DEF/ca/DEF_320.java
Sep 28, 2025 4:53:07 PM org.javacs.JavaLanguageServer completion
INFO: completion: 7.2253 document: file:///C:/Users/74993/Desktop/毕设/wll论文/java-language-server2/outputDir/DEF/ca/DEF_320.java
Sep 28, 2025 4:53:07 PM org.javacs.JavaLanguageServer didOpenTextDocument
INFO: #didOpenTextDocument# try call reference {"context":{"includeDeclaration":false},"textDocument":{"uri":"file:///C:/Users/74993/Desktop/%E6%AF%95%E8%AE%BE/wll%E8%AE%BA%E6%96%87/java-language-server2/outputDir/DEF/cb/DEF_400.java"},"position":{"line":85,"character":17}}
Sep 28, 2025 4:53:07 PM org.javacs.ScanClassPath jdkTopLevelClasses
INFO: Searching for top-level classes in the JDK
Sep 28, 2025 4:53:07 PM org.javacs.ScanClassPath jdkTopLevelClasses
INFO: Found 15005 classes in the java platform
Sep 28, 2025 4:53:07 PM org.javacs.ScanClassPath classPathTopLevelClasses
INFO: Searching for top-level classes in 0 classpath locations
Sep 28, 2025 4:53:07 PM org.javacs.ScanClassPath classPathTopLevelClasses
INFO: Found 0 classes in classpath
Sep 28, 2025 4:53:07 PM org.javacs.ReusableCompiler getTask
WARNING: Options changed from [-classpath, , --add-modules, ALL-MODULE-PATH, -proc:none, -g, -Xlint:cast, -Xlint:deprecation, -Xlint:empty, -Xlint:fallthrough, -Xlint:finally, -Xlint:path, -Xlint:unchecked, -Xlint:varargs, -Xlint:static] to [-classpath, , --add-modules, ALL-MODULE-PATH, -proc:none, -g, -Xlint:cast, -Xlint:deprecation, -Xlint:empty, -Xlint:fallthrough, -Xlint:finally, -Xlint:path, -Xlint:unchecked, -Xlint:varargs, -Xlint:static], creating new compiler
Sep 28, 2025 4:53:07 PM org.javacs.JavaLanguageServer findReferences
INFO: compile component: 12.0837 document: file:///C:/Users/74993/Desktop/毕设/wll论文/java-language-server2/outputDir/DEF/cb/DEF_400.java
Sep 28, 2025 4:53:07 PM org.javacs.JavaLanguageServer findReferences
INFO: locate component: 17.0578 document: file:///C:/Users/74993/Desktop/毕设/wll论文/java-language-server2/outputDir/DEF/cb/DEF_400.java
Sep 28, 2025 4:53:07 PM org.javacs.JavaLanguageServer findReferences
INFO: traverse component: 1.0033 document: file:///C:/Users/74993/Desktop/毕设/wll论文/java-language-server2/outputDir/DEF/cb/DEF_400.java
Sep 28, 2025 4:53:07 PM org.javacs.JavaLanguageServer findReferences
INFO: NOD: 1294 document: file:///C:/Users/74993/Desktop/毕设/wll论文/java-language-server2/outputDir/DEF/cb/DEF_400.java
Sep 28, 2025 4:53:07 PM org.javacs.JavaLanguageServer findReferences
INFO: DEF: 400 document: file:///C:/Users/74993/Desktop/毕设/wll论文/java-language-server2/outputDir/DEF/cb/DEF_400.java
Sep 28, 2025 4:53:07 PM org.javacs.JavaLanguageServer findReferences
INFO: OCC: 592 document: file:///C:/Users/74993/Desktop/毕设/wll论文/java-language-server2/outputDir/DEF/cb/DEF_400.java
Sep 28, 2025 4:53:07 PM org.javacs.JavaLanguageServer findReferences
INFO: LOC: 1727 document: file:///C:/Users/74993/Desktop/毕设/wll论文/java-language-server2/outputDir/DEF/cb/DEF_400.java
Sep 28, 2025 4:53:07 PM org.javacs.ScanClassPath jdkTopLevelClasses
INFO: Searching for top-level classes in the JDK
Sep 28, 2025 4:53:07 PM org.javacs.ScanClassPath jdkTopLevelClasses
INFO: Found 15005 classes in the java platform
Sep 28, 2025 4:53:07 PM org.javacs.ScanClassPath classPathTopLevelClasses
INFO: Searching for top-level classes in 0 classpath locations
Sep 28, 2025 4:53:07 PM org.javacs.ScanClassPath classPathTopLevelClasses
INFO: Found 0 classes in classpath
Sep 28, 2025 4:53:07 PM org.javacs.ReusableCompiler getTask
WARNING: Options changed from [-classpath, , --add-modules, ALL-MODULE-PATH, -proc:none, -g, -Xlint:cast, -Xlint:deprecation, -Xlint:empty, -Xlint:fallthrough, -Xlint:finally, -Xlint:path, -Xlint:unchecked, -Xlint:varargs, -Xlint:static] to [-classpath, , --add-modules, ALL-MODULE-PATH, -proc:none, -g, -Xlint:cast, -Xlint:deprecation, -Xlint:empty, -Xlint:fallthrough, -Xlint:finally, -Xlint:path, -Xlint:unchecked, -Xlint:varargs, -Xlint:static], creating new compiler
Sep 28, 2025 4:53:07 PM org.javacs.JavaLanguageServer findReferences
INFO: compile component: 6.5153 document: file:///C:/Users/74993/Desktop/毕设/wll论文/java-language-server2/outputDir/DEF/cb/DEF_400.java
Sep 28, 2025 4:53:07 PM org.javacs.JavaLanguageServer findReferences
INFO: locate component: 15.0343 document: file:///C:/Users/74993/Desktop/毕设/wll论文/java-language-server2/outputDir/DEF/cb/DEF_400.java
Sep 28, 2025 4:53:07 PM org.javacs.JavaLanguageServer findReferences
INFO: traverse component: 0.0 document: file:///C:/Users/74993/Desktop/毕设/wll论文/java-language-server2/outputDir/DEF/cb/DEF_400.java
Sep 28, 2025 4:53:07 PM org.javacs.JavaLanguageServer findReferences
INFO: NOD: 1294 document: file:///C:/Users/74993/Desktop/毕设/wll论文/java-language-server2/outputDir/DEF/cb/DEF_400.java
Sep 28, 2025 4:53:07 PM org.javacs.JavaLanguageServer findReferences
INFO: DEF: 400 document: file:///C:/Users/74993/Desktop/毕设/wll论文/java-language-server2/outputDir/DEF/cb/DEF_400.java
Sep 28, 2025 4:53:07 PM org.javacs.JavaLanguageServer findReferences
INFO: OCC: 592 document: file:///C:/Users/74993/Desktop/毕设/wll论文/java-language-server2/outputDir/DEF/cb/DEF_400.java
Sep 28, 2025 4:53:07 PM org.javacs.JavaLanguageServer findReferences
INFO: LOC: 1727 document: file:///C:/Users/74993/Desktop/毕设/wll论文/java-language-server2/outputDir/DEF/cb/DEF_400.java
Sep 28, 2025 4:53:07 PM org.javacs.ScanClassPath jdkTopLevelClasses
INFO: Searching for top-level classes in the JDK
Sep 28, 2025 4:53:08 PM org.javacs.ScanClassPath jdkTopLevelClasses
INFO: Found 15005 classes in the java platform
Sep 28, 2025 4:53:08 PM org.javacs.ScanClassPath classPathTopLevelClasses
INFO: Searching for top-level classes in 0 classpath locations
Sep 28, 2025 4:53:08 PM org.javacs.ScanClassPath classPathTopLevelClasses
INFO: Found 0 classes in classpath
Sep 28, 2025 4:53:08 PM org.javacs.ReusableCompiler getTask
WARNING: Options changed from [-classpath, , --add-modules, ALL-MODULE-PATH, -proc:none, -g, -Xlint:cast, -Xlint:deprecation, -Xlint:empty, -Xlint:fallthrough, -Xlint:finally, -Xlint:path, -Xlint:unchecked, -Xlint:varargs, -Xlint:static] to [-classpath, , --add-modules, ALL-MODULE-PATH, -proc:none, -g, -Xlint:cast, -Xlint:deprecation, -Xlint:empty, -Xlint:fallthrough, -Xlint:finally, -Xlint:path, -Xlint:unchecked, -Xlint:varargs, -Xlint:static], creating new compiler
Sep 28, 2025 4:53:08 PM org.javacs.JavaLanguageServer findReferences
INFO: compile component: 6.0446 document: file:///C:/Users/74993/Desktop/毕设/wll论文/java-language-server2/outputDir/DEF/cb/DEF_400.java
Sep 28, 2025 4:53:08 PM org.javacs.JavaLanguageServer findReferences
INFO: locate component: 16.3916 document: file:///C:/Users/74993/Desktop/毕设/wll论文/java-language-server2/outputDir/DEF/cb/DEF_400.java
Sep 28, 2025 4:53:08 PM org.javacs.JavaLanguageServer findReferences
INFO: traverse component: 0.0 document: file:///C:/Users/74993/Desktop/毕设/wll论文/java-language-server2/outputDir/DEF/cb/DEF_400.java
Sep 28, 2025 4:53:08 PM org.javacs.JavaLanguageServer findReferences
INFO: NOD: 1294 document: file:///C:/Users/74993/Desktop/毕设/wll论文/java-language-server2/outputDir/DEF/cb/DEF_400.java
Sep 28, 2025 4:53:08 PM org.javacs.JavaLanguageServer findReferences
INFO: DEF: 400 document: file:///C:/Users/74993/Desktop/毕设/wll论文/java-language-server2/outputDir/DEF/cb/DEF_400.java
Sep 28, 2025 4:53:08 PM org.javacs.JavaLanguageServer findReferences
INFO: OCC: 592 document: file:///C:/Users/74993/Desktop/毕设/wll论文/java-language-server2/outputDir/DEF/cb/DEF_400.java
Sep 28, 2025 4:53:08 PM org.javacs.JavaLanguageServer findReferences
INFO: LOC: 1727 document: file:///C:/Users/74993/Desktop/毕设/wll论文/java-language-server2/outputDir/DEF/cb/DEF_400.java
Sep 28, 2025 4:53:08 PM org.javacs.ScanClassPath jdkTopLevelClasses
INFO: Searching for top-level classes in the JDK
Sep 28, 2025 4:53:08 PM org.javacs.ScanClassPath jdkTopLevelClasses
INFO: Found 15005 classes in the java platform
Sep 28, 2025 4:53:08 PM org.javacs.ScanClassPath classPathTopLevelClasses
INFO: Searching for top-level classes in 0 classpath locations
Sep 28, 2025 4:53:08 PM org.javacs.ScanClassPath classPathTopLevelClasses
INFO: Found 0 classes in classpath
Sep 28, 2025 4:53:08 PM org.javacs.ReusableCompiler getTask
WARNING: Options changed from [-classpath, , --add-modules, ALL-MODULE-PATH, -proc:none, -g, -Xlint:cast, -Xlint:deprecation, -Xlint:empty, -Xlint:fallthrough, -Xlint:finally, -Xlint:path, -Xlint:unchecked, -Xlint:varargs, -Xlint:static] to [-classpath, , --add-modules, ALL-MODULE-PATH, -proc:none, -g, -Xlint:cast, -Xlint:deprecation, -Xlint:empty, -Xlint:fallthrough, -Xlint:finally, -Xlint:path, -Xlint:unchecked, -Xlint:varargs, -Xlint:static], creating new compiler
Sep 28, 2025 4:53:08 PM org.javacs.JavaLanguageServer findReferences
INFO: compile component: 13.2225 document: file:///C:/Users/74993/Desktop/毕设/wll论文/java-language-server2/outputDir/DEF/cb/DEF_400.java
Sep 28, 2025 4:53:08 PM org.javacs.JavaLanguageServer findReferences
INFO: locate component: 16.8203 document: file:///C:/Users/74993/Desktop/毕设/wll论文/java-language-server2/outputDir/DEF/cb/DEF_400.java
Sep 28, 2025 4:53:08 PM org.javacs.JavaLanguageServer findReferences
INFO: traverse component: 0.9993 document: file:///C:/Users/74993/Desktop/毕设/wll论文/java-language-server2/outputDir/DEF/cb/DEF_400.java
Sep 28, 2025 4:53:08 PM org.javacs.JavaLanguageServer findReferences
INFO: NOD: 1294 document: file:///C:/Users/74993/Desktop/毕设/wll论文/java-language-server2/outputDir/DEF/cb/DEF_400.java
Sep 28, 2025 4:53:08 PM org.javacs.JavaLanguageServer findReferences
INFO: DEF: 400 document: file:///C:/Users/74993/Desktop/毕设/wll论文/java-language-server2/outputDir/DEF/cb/DEF_400.java
Sep 28, 2025 4:53:08 PM org.javacs.JavaLanguageServer findReferences
INFO: OCC: 592 document: file:///C:/Users/74993/Desktop/毕设/wll论文/java-language-server2/outputDir/DEF/cb/DEF_400.java
Sep 28, 2025 4:53:08 PM org.javacs.JavaLanguageServer findReferences
INFO: LOC: 1727 document: file:///C:/Users/74993/Desktop/毕设/wll论文/java-language-server2/outputDir/DEF/cb/DEF_400.java
Sep 28, 2025 4:53:08 PM org.javacs.ScanClassPath jdkTopLevelClasses
INFO: Searching for top-level classes in the JDK
Sep 28, 2025 4:53:08 PM org.javacs.ScanClassPath jdkTopLevelClasses
INFO: Found 15005 classes in the java platform
Sep 28, 2025 4:53:08 PM org.javacs.ScanClassPath classPathTopLevelClasses
INFO: Searching for top-level classes in 0 classpath locations
Sep 28, 2025 4:53:08 PM org.javacs.ScanClassPath classPathTopLevelClasses
INFO: Found 0 classes in classpath
Sep 28, 2025 4:53:08 PM org.javacs.ReusableCompiler getTask
WARNING: Options changed from [-classpath, , --add-modules, ALL-MODULE-PATH, -proc:none, -g, -Xlint:cast, -Xlint:deprecation, -Xlint:empty, -Xlint:fallthrough, -Xlint:finally, -Xlint:path, -Xlint:unchecked, -Xlint:varargs, -Xlint:static] to [-classpath, , --add-modules, ALL-MODULE-PATH, -proc:none, -g, -Xlint:cast, -Xlint:deprecation, -Xlint:empty, -Xlint:fallthrough, -Xlint:finally, -Xlint:path, -Xlint:unchecked, -Xlint:varargs, -Xlint:static], creating new compiler
Sep 28, 2025 4:53:08 PM org.javacs.JavaLanguageServer findReferences
INFO: compile component: 7.1572 document: file:///C:/Users/74993/Desktop/毕设/wll论文/java-language-server2/outputDir/DEF/cb/DEF_400.java
Sep 28, 2025 4:53:08 PM org.javacs.JavaLanguageServer findReferences
INFO: locate component: 16.6841 document: file:///C:/Users/74993/Desktop/毕设/wll论文/java-language-server2/outputDir/DEF/cb/DEF_400.java
Sep 28, 2025 4:53:08 PM org.javacs.JavaLanguageServer findReferences
INFO: traverse component: 0.0 document: file:///C:/Users/74993/Desktop/毕设/wll论文/java-language-server2/outputDir/DEF/cb/DEF_400.java
Sep 28, 2025 4:53:08 PM org.javacs.JavaLanguageServer findReferences
INFO: NOD: 1294 document: file:///C:/Users/74993/Desktop/毕设/wll论文/java-language-server2/outputDir/DEF/cb/DEF_400.java
Sep 28, 2025 4:53:08 PM org.javacs.JavaLanguageServer findReferences
INFO: DEF: 400 document: file:///C:/Users/74993/Desktop/毕设/wll论文/java-language-server2/outputDir/DEF/cb/DEF_400.java
Sep 28, 2025 4:53:08 PM org.javacs.JavaLanguageServer findReferences
INFO: OCC: 592 document: file:///C:/Users/74993/Desktop/毕设/wll论文/java-language-server2/outputDir/DEF/cb/DEF_400.java
Sep 28, 2025 4:53:08 PM org.javacs.JavaLanguageServer findReferences
INFO: LOC: 1727 document: file:///C:/Users/74993/Desktop/毕设/wll论文/java-language-server2/outputDir/DEF/cb/DEF_400.java
Sep 28, 2025 4:53:08 PM org.javacs.JavaLanguageServer didOpenTextDocument
INFO: #didOpenTextDocument# try call goto {"context":{"includeDeclaration":false},"textDocument":{"uri":"file:///C:/Users/74993/Desktop/%E6%AF%95%E8%AE%BE/wll%E8%AE%BA%E6%96%87/java-language-server2/outputDir/DEF/cb/DEF_400.java"},"position":{"line":85,"character":17}}
Sep 28, 2025 4:53:08 PM org.javacs.JavaCompilerService compileBatch
INFO: ...using cached compile
Sep 28, 2025 4:53:08 PM org.javacs.JavaLanguageServer gotoDefinition
INFO: gotoDefinition: 17.4326 document: file:///C:/Users/74993/Desktop/毕设/wll论文/java-language-server2/outputDir/DEF/cb/DEF_400.java
Sep 28, 2025 4:53:08 PM org.javacs.JavaCompilerService compileBatch
INFO: ...using cached compile
Sep 28, 2025 4:53:08 PM org.javacs.JavaLanguageServer gotoDefinition
INFO: gotoDefinition: 18.5572 document: file:///C:/Users/74993/Desktop/毕设/wll论文/java-language-server2/outputDir/DEF/cb/DEF_400.java
Sep 28, 2025 4:53:08 PM org.javacs.JavaCompilerService compileBatch
INFO: ...using cached compile
Sep 28, 2025 4:53:08 PM org.javacs.JavaLanguageServer gotoDefinition
INFO: gotoDefinition: 19.1167 document: file:///C:/Users/74993/Desktop/毕设/wll论文/java-language-server2/outputDir/DEF/cb/DEF_400.java
Sep 28, 2025 4:53:08 PM org.javacs.JavaCompilerService compileBatch
INFO: ...using cached compile
Sep 28, 2025 4:53:08 PM org.javacs.JavaLanguageServer gotoDefinition
INFO: gotoDefinition: 20.2089 document: file:///C:/Users/74993/Desktop/毕设/wll论文/java-language-server2/outputDir/DEF/cb/DEF_400.java
Sep 28, 2025 4:53:08 PM org.javacs.JavaCompilerService compileBatch
INFO: ...using cached compile
Sep 28, 2025 4:53:08 PM org.javacs.JavaLanguageServer gotoDefinition
INFO: gotoDefinition: 19.0431 document: file:///C:/Users/74993/Desktop/毕设/wll论文/java-language-server2/outputDir/DEF/cb/DEF_400.java
Sep 28, 2025 4:53:08 PM org.javacs.JavaLanguageServer didOpenTextDocument
INFO: #didOpenTextDocument# try call rename {"context":{"includeDeclaration":false},"textDocument":{"uri":"file:///C:/Users/74993/Desktop/%E6%AF%95%E8%AE%BE/wll%E8%AE%BA%E6%96%87/java-language-server2/outputDir/DEF/cb/DEF_400.java"},"position":{"line":85,"character":17}}
Sep 28, 2025 4:53:08 PM org.javacs.JavaCompilerService compileBatch
INFO: ...using cached compile
Sep 28, 2025 4:53:08 PM org.javacs.JavaLanguageServer rename
INFO: rename: 19.044 document: file:///C:/Users/74993/Desktop/毕设/wll论文/java-language-server2/outputDir/DEF/cb/DEF_400.java
Sep 28, 2025 4:53:08 PM org.javacs.JavaCompilerService compileBatch
INFO: ...using cached compile
Sep 28, 2025 4:53:08 PM org.javacs.JavaLanguageServer rename
INFO: rename: 17.5672 document: file:///C:/Users/74993/Desktop/毕设/wll论文/java-language-server2/outputDir/DEF/cb/DEF_400.java
Sep 28, 2025 4:53:08 PM org.javacs.JavaCompilerService compileBatch
INFO: ...using cached compile
Sep 28, 2025 4:53:08 PM org.javacs.JavaLanguageServer rename
INFO: rename: 17.2004 document: file:///C:/Users/74993/Desktop/毕设/wll论文/java-language-server2/outputDir/DEF/cb/DEF_400.java
Sep 28, 2025 4:53:08 PM org.javacs.JavaCompilerService compileBatch
INFO: ...using cached compile
Sep 28, 2025 4:53:08 PM org.javacs.JavaLanguageServer rename
INFO: rename: 17.716 document: file:///C:/Users/74993/Desktop/毕设/wll论文/java-language-server2/outputDir/DEF/cb/DEF_400.java
Sep 28, 2025 4:53:08 PM org.javacs.JavaCompilerService compileBatch
INFO: ...using cached compile
Sep 28, 2025 4:53:08 PM org.javacs.JavaLanguageServer rename
INFO: rename: 17.6378 document: file:///C:/Users/74993/Desktop/毕设/wll论文/java-language-server2/outputDir/DEF/cb/DEF_400.java
Sep 28, 2025 4:53:08 PM org.javacs.JavaLanguageServer didOpenTextDocument
INFO: #didOpenTextDocument# try completion {"context":{"includeDeclaration":false},"textDocument":{"uri":"file:///C:/Users/74993/Desktop/%E6%AF%95%E8%AE%BE/wll%E8%AE%BA%E6%96%87/java-language-server2/outputDir/DEF/cb/DEF_400.java"},"position":{"line":85,"character":17}}
Sep 28, 2025 4:53:08 PM org.javacs.JavaLanguageServer completion
INFO: completion: 13.7933 document: file:///C:/Users/74993/Desktop/毕设/wll论文/java-language-server2/outputDir/DEF/cb/DEF_400.java
Sep 28, 2025 4:53:08 PM org.javacs.JavaLanguageServer completion
INFO: completion: 10.1692 document: file:///C:/Users/74993/Desktop/毕设/wll论文/java-language-server2/outputDir/DEF/cb/DEF_400.java
Sep 28, 2025 4:53:08 PM org.javacs.JavaLanguageServer completion
INFO: completion: 8.516 document: file:///C:/Users/74993/Desktop/毕设/wll论文/java-language-server2/outputDir/DEF/cb/DEF_400.java
Sep 28, 2025 4:53:08 PM org.javacs.JavaLanguageServer completion
INFO: completion: 7.5272 document: file:///C:/Users/74993/Desktop/毕设/wll论文/java-language-server2/outputDir/DEF/cb/DEF_400.java
Sep 28, 2025 4:53:08 PM org.javacs.JavaLanguageServer completion
INFO: completion: 7.5142 document: file:///C:/Users/74993/Desktop/毕设/wll论文/java-language-server2/outputDir/DEF/cb/DEF_400.java
Sep 28, 2025 4:53:08 PM org.javacs.JavaLanguageServer didOpenTextDocument
INFO: #didOpenTextDocument# try call goto {"context":{"includeDeclaration":false},"textDocument":{"uri":"file:///C:/Users/74993/Desktop/%E6%AF%95%E8%AE%BE/wll%E8%AE%BA%E6%96%87/java-language-server2/outputDir/DEF/cb/DEF_400.java"},"position":{"line":1723,"character":100}}
Sep 28, 2025 4:53:08 PM org.javacs.JavaLanguageServer gotoDefinition
INFO: gotoDefinition: 22.285 document: file:///C:/Users/74993/Desktop/毕设/wll论文/java-language-server2/outputDir/DEF/cb/DEF_400.java
Sep 28, 2025 4:53:08 PM org.javacs.JavaCompilerService compileBatch
INFO: ...using cached compile
Sep 28, 2025 4:53:08 PM org.javacs.JavaLanguageServer gotoDefinition
INFO: gotoDefinition: 17.1325 document: file:///C:/Users/74993/Desktop/毕设/wll论文/java-language-server2/outputDir/DEF/cb/DEF_400.java
Sep 28, 2025 4:53:08 PM org.javacs.JavaCompilerService compileBatch
INFO: ...using cached compile
Sep 28, 2025 4:53:08 PM org.javacs.JavaLanguageServer gotoDefinition
INFO: gotoDefinition: 16.537 document: file:///C:/Users/74993/Desktop/毕设/wll论文/java-language-server2/outputDir/DEF/cb/DEF_400.java
Sep 28, 2025 4:53:08 PM org.javacs.JavaCompilerService compileBatch
INFO: ...using cached compile
Sep 28, 2025 4:53:08 PM org.javacs.JavaLanguageServer gotoDefinition
INFO: gotoDefinition: 20.8821 document: file:///C:/Users/74993/Desktop/毕设/wll论文/java-language-server2/outputDir/DEF/cb/DEF_400.java
Sep 28, 2025 4:53:08 PM org.javacs.JavaCompilerService compileBatch
INFO: ...using cached compile
Sep 28, 2025 4:53:08 PM org.javacs.JavaLanguageServer gotoDefinition
INFO: gotoDefinition: 20.2438 document: file:///C:/Users/74993/Desktop/毕设/wll论文/java-language-server2/outputDir/DEF/cb/DEF_400.java
Sep 28, 2025 4:53:08 PM org.javacs.JavaLanguageServer didOpenTextDocument
INFO: #didOpenTextDocument# try call rename {"context":{"includeDeclaration":false},"textDocument":{"uri":"file:///C:/Users/74993/Desktop/%E6%AF%95%E8%AE%BE/wll%E8%AE%BA%E6%96%87/java-language-server2/outputDir/DEF/cb/DEF_400.java"},"position":{"line":1723,"character":100}}
Sep 28, 2025 4:53:08 PM org.javacs.JavaCompilerService compileBatch
INFO: ...using cached compile
Sep 28, 2025 4:53:08 PM org.javacs.JavaLanguageServer rename
INFO: rename: 20.4427 document: file:///C:/Users/74993/Desktop/毕设/wll论文/java-language-server2/outputDir/DEF/cb/DEF_400.java
Sep 28, 2025 4:53:08 PM org.javacs.JavaCompilerService compileBatch
INFO: ...using cached compile
Sep 28, 2025 4:53:08 PM org.javacs.JavaLanguageServer rename
INFO: rename: 16.9272 document: file:///C:/Users/74993/Desktop/毕设/wll论文/java-language-server2/outputDir/DEF/cb/DEF_400.java
Sep 28, 2025 4:53:08 PM org.javacs.JavaCompilerService compileBatch
INFO: ...using cached compile
Sep 28, 2025 4:53:08 PM org.javacs.JavaLanguageServer rename
INFO: rename: 17.0245 document: file:///C:/Users/74993/Desktop/毕设/wll论文/java-language-server2/outputDir/DEF/cb/DEF_400.java
Sep 28, 2025 4:53:08 PM org.javacs.JavaCompilerService compileBatch
INFO: ...using cached compile
Sep 28, 2025 4:53:08 PM org.javacs.JavaLanguageServer rename
INFO: rename: 17.5411 document: file:///C:/Users/74993/Desktop/毕设/wll论文/java-language-server2/outputDir/DEF/cb/DEF_400.java
Sep 28, 2025 4:53:08 PM org.javacs.JavaCompilerService compileBatch
INFO: ...using cached compile
Sep 28, 2025 4:53:08 PM org.javacs.JavaLanguageServer rename
INFO: rename: 27.122 document: file:///C:/Users/74993/Desktop/毕设/wll论文/java-language-server2/outputDir/DEF/cb/DEF_400.java
Sep 28, 2025 4:53:08 PM org.javacs.JavaLanguageServer didOpenTextDocument
INFO: #didOpenTextDocument# try completion {"context":{"includeDeclaration":false},"textDocument":{"uri":"file:///C:/Users/74993/Desktop/%E6%AF%95%E8%AE%BE/wll%E8%AE%BA%E6%96%87/java-language-server2/outputDir/DEF/cb/DEF_400.java"},"position":{"line":1723,"character":100}}
Sep 28, 2025 4:53:08 PM org.javacs.JavaLanguageServer completion
INFO: completion: 8.0427 document: file:///C:/Users/74993/Desktop/毕设/wll论文/java-language-server2/outputDir/DEF/cb/DEF_400.java
Sep 28, 2025 4:53:08 PM org.javacs.JavaLanguageServer completion
INFO: completion: 6.4435 document: file:///C:/Users/74993/Desktop/毕设/wll论文/java-language-server2/outputDir/DEF/cb/DEF_400.java
Sep 28, 2025 4:53:08 PM org.javacs.JavaLanguageServer completion
INFO: completion: 6.0045 document: file:///C:/Users/74993/Desktop/毕设/wll论文/java-language-server2/outputDir/DEF/cb/DEF_400.java
Sep 28, 2025 4:53:08 PM org.javacs.JavaLanguageServer completion
INFO: completion: 10.2698 document: file:///C:/Users/74993/Desktop/毕设/wll论文/java-language-server2/outputDir/DEF/cb/DEF_400.java
Sep 28, 2025 4:53:08 PM org.javacs.JavaLanguageServer completion
INFO: completion: 7.5192 document: file:///C:/Users/74993/Desktop/毕设/wll论文/java-language-server2/outputDir/DEF/cb/DEF_400.java
Sep 28, 2025 4:53:08 PM org.javacs.JavaLanguageServer didOpenTextDocument
INFO: #didOpenTextDocument# try call reference {"context":{"includeDeclaration":false},"textDocument":{"uri":"file:///C:/Users/74993/Desktop/%E6%AF%95%E8%AE%BE/wll%E8%AE%BA%E6%96%87/java-language-server2/outputDir/DEF/cc/DEF_480.java"},"position":{"line":61,"character":31}}
Sep 28, 2025 4:53:08 PM org.javacs.ScanClassPath jdkTopLevelClasses
INFO: Searching for top-level classes in the JDK
Sep 28, 2025 4:53:08 PM org.javacs.ScanClassPath jdkTopLevelClasses
INFO: Found 15005 classes in the java platform
Sep 28, 2025 4:53:08 PM org.javacs.ScanClassPath classPathTopLevelClasses
INFO: Searching for top-level classes in 0 classpath locations
Sep 28, 2025 4:53:08 PM org.javacs.ScanClassPath classPathTopLevelClasses
INFO: Found 0 classes in classpath
Sep 28, 2025 4:53:08 PM org.javacs.ReusableCompiler getTask
WARNING: Options changed from [-classpath, , --add-modules, ALL-MODULE-PATH, -proc:none, -g, -Xlint:cast, -Xlint:deprecation, -Xlint:empty, -Xlint:fallthrough, -Xlint:finally, -Xlint:path, -Xlint:unchecked, -Xlint:varargs, -Xlint:static] to [-classpath, , --add-modules, ALL-MODULE-PATH, -proc:none, -g, -Xlint:cast, -Xlint:deprecation, -Xlint:empty, -Xlint:fallthrough, -Xlint:finally, -Xlint:path, -Xlint:unchecked, -Xlint:varargs, -Xlint:static], creating new compiler
Sep 28, 2025 4:53:08 PM org.javacs.JavaLanguageServer findReferences
INFO: compile component: 24.1943 document: file:///C:/Users/74993/Desktop/毕设/wll论文/java-language-server2/outputDir/DEF/cc/DEF_480.java
Sep 28, 2025 4:53:09 PM org.javacs.JavaLanguageServer findReferences
INFO: locate component: 88.6268 document: file:///C:/Users/74993/Desktop/毕设/wll论文/java-language-server2/outputDir/DEF/cc/DEF_480.java
Sep 28, 2025 4:53:09 PM org.javacs.JavaLanguageServer findReferences
INFO: traverse component: 0.0 document: file:///C:/Users/74993/Desktop/毕设/wll论文/java-language-server2/outputDir/DEF/cc/DEF_480.java
Sep 28, 2025 4:53:09 PM org.javacs.JavaLanguageServer findReferences
INFO: NOD: 5617 document: file:///C:/Users/74993/Desktop/毕设/wll论文/java-language-server2/outputDir/DEF/cc/DEF_480.java
Sep 28, 2025 4:53:09 PM org.javacs.JavaLanguageServer findReferences
INFO: DEF: 478 document: file:///C:/Users/74993/Desktop/毕设/wll论文/java-language-server2/outputDir/DEF/cc/DEF_480.java
Sep 28, 2025 4:53:09 PM org.javacs.JavaLanguageServer findReferences
INFO: OCC: 3278 document: file:///C:/Users/74993/Desktop/毕设/wll论文/java-language-server2/outputDir/DEF/cc/DEF_480.java
Sep 28, 2025 4:53:09 PM org.javacs.JavaLanguageServer findReferences
INFO: LOC: 3107 document: file:///C:/Users/74993/Desktop/毕设/wll论文/java-language-server2/outputDir/DEF/cc/DEF_480.java
Sep 28, 2025 4:53:09 PM org.javacs.ScanClassPath jdkTopLevelClasses
INFO: Searching for top-level classes in the JDK
Sep 28, 2025 4:53:09 PM org.javacs.ScanClassPath jdkTopLevelClasses
INFO: Found 15005 classes in the java platform
Sep 28, 2025 4:53:09 PM org.javacs.ScanClassPath classPathTopLevelClasses
INFO: Searching for top-level classes in 0 classpath locations
Sep 28, 2025 4:53:09 PM org.javacs.ScanClassPath classPathTopLevelClasses
INFO: Found 0 classes in classpath
Sep 28, 2025 4:53:09 PM org.javacs.ReusableCompiler getTask
WARNING: Options changed from [-classpath, , --add-modules, ALL-MODULE-PATH, -proc:none, -g, -Xlint:cast, -Xlint:deprecation, -Xlint:empty, -Xlint:fallthrough, -Xlint:finally, -Xlint:path, -Xlint:unchecked, -Xlint:varargs, -Xlint:static] to [-classpath, , --add-modules, ALL-MODULE-PATH, -proc:none, -g, -Xlint:cast, -Xlint:deprecation, -Xlint:empty, -Xlint:fallthrough, -Xlint:finally, -Xlint:path, -Xlint:unchecked, -Xlint:varargs, -Xlint:static], creating new compiler
Sep 28, 2025 4:53:09 PM org.javacs.JavaLanguageServer findReferences
INFO: compile component: 8.4125 document: file:///C:/Users/74993/Desktop/毕设/wll论文/java-language-server2/outputDir/DEF/cc/DEF_480.java
Sep 28, 2025 4:53:09 PM org.javacs.JavaLanguageServer findReferences
INFO: locate component: 85.1061 document: file:///C:/Users/74993/Desktop/毕设/wll论文/java-language-server2/outputDir/DEF/cc/DEF_480.java
Sep 28, 2025 4:53:09 PM org.javacs.JavaLanguageServer findReferences
INFO: traverse component: 0.9982 document: file:///C:/Users/74993/Desktop/毕设/wll论文/java-language-server2/outputDir/DEF/cc/DEF_480.java
Sep 28, 2025 4:53:09 PM org.javacs.JavaLanguageServer findReferences
INFO: NOD: 5617 document: file:///C:/Users/74993/Desktop/毕设/wll论文/java-language-server2/outputDir/DEF/cc/DEF_480.java
Sep 28, 2025 4:53:09 PM org.javacs.JavaLanguageServer findReferences
INFO: DEF: 478 document: file:///C:/Users/74993/Desktop/毕设/wll论文/java-language-server2/outputDir/DEF/cc/DEF_480.java
Sep 28, 2025 4:53:09 PM org.javacs.JavaLanguageServer findReferences
INFO: OCC: 3278 document: file:///C:/Users/74993/Desktop/毕设/wll论文/java-language-server2/outputDir/DEF/cc/DEF_480.java
Sep 28, 2025 4:53:09 PM org.javacs.JavaLanguageServer findReferences
INFO: LOC: 3107 document: file:///C:/Users/74993/Desktop/毕设/wll论文/java-language-server2/outputDir/DEF/cc/DEF_480.java
Sep 28, 2025 4:53:09 PM org.javacs.ScanClassPath jdkTopLevelClasses
INFO: Searching for top-level classes in the JDK
Sep 28, 2025 4:53:09 PM org.javacs.ScanClassPath jdkTopLevelClasses
INFO: Found 15005 classes in the java platform
Sep 28, 2025 4:53:09 PM org.javacs.ScanClassPath classPathTopLevelClasses
INFO: Searching for top-level classes in 0 classpath locations
Sep 28, 2025 4:53:09 PM org.javacs.ScanClassPath classPathTopLevelClasses
INFO: Found 0 classes in classpath
Sep 28, 2025 4:53:09 PM org.javacs.ReusableCompiler getTask
WARNING: Options changed from [-classpath, , --add-modules, ALL-MODULE-PATH, -proc:none, -g, -Xlint:cast, -Xlint:deprecation, -Xlint:empty, -Xlint:fallthrough, -Xlint:finally, -Xlint:path, -Xlint:unchecked, -Xlint:varargs, -Xlint:static] to [-classpath, , --add-modules, ALL-MODULE-PATH, -proc:none, -g, -Xlint:cast, -Xlint:deprecation, -Xlint:empty, -Xlint:fallthrough, -Xlint:finally, -Xlint:path, -Xlint:unchecked, -Xlint:varargs, -Xlint:static], creating new compiler
Sep 28, 2025 4:53:09 PM org.javacs.JavaLanguageServer findReferences
INFO: compile component: 8.0361 document: file:///C:/Users/74993/Desktop/毕设/wll论文/java-language-server2/outputDir/DEF/cc/DEF_480.java
Sep 28, 2025 4:53:09 PM org.javacs.JavaLanguageServer findReferences
INFO: locate component: 86.3035 document: file:///C:/Users/74993/Desktop/毕设/wll论文/java-language-server2/outputDir/DEF/cc/DEF_480.java
Sep 28, 2025 4:53:09 PM org.javacs.JavaLanguageServer findReferences
INFO: traverse component: 0.0 document: file:///C:/Users/74993/Desktop/毕设/wll论文/java-language-server2/outputDir/DEF/cc/DEF_480.java
Sep 28, 2025 4:53:09 PM org.javacs.JavaLanguageServer findReferences
INFO: NOD: 5617 document: file:///C:/Users/74993/Desktop/毕设/wll论文/java-language-server2/outputDir/DEF/cc/DEF_480.java
Sep 28, 2025 4:53:09 PM org.javacs.JavaLanguageServer findReferences
INFO: DEF: 478 document: file:///C:/Users/74993/Desktop/毕设/wll论文/java-language-server2/outputDir/DEF/cc/DEF_480.java
Sep 28, 2025 4:53:09 PM org.javacs.JavaLanguageServer findReferences
INFO: OCC: 3278 document: file:///C:/Users/74993/Desktop/毕设/wll论文/java-language-server2/outputDir/DEF/cc/DEF_480.java
Sep 28, 2025 4:53:09 PM org.javacs.JavaLanguageServer findReferences
INFO: LOC: 3107 document: file:///C:/Users/74993/Desktop/毕设/wll论文/java-language-server2/outputDir/DEF/cc/DEF_480.java
Sep 28, 2025 4:53:09 PM org.javacs.ScanClassPath jdkTopLevelClasses
INFO: Searching for top-level classes in the JDK
Sep 28, 2025 4:53:09 PM org.javacs.ScanClassPath jdkTopLevelClasses
INFO: Found 15005 classes in the java platform
Sep 28, 2025 4:53:09 PM org.javacs.ScanClassPath classPathTopLevelClasses
INFO: Searching for top-level classes in 0 classpath locations
Sep 28, 2025 4:53:09 PM org.javacs.ScanClassPath classPathTopLevelClasses
INFO: Found 0 classes in classpath
Sep 28, 2025 4:53:09 PM org.javacs.ReusableCompiler getTask
WARNING: Options changed from [-classpath, , --add-modules, ALL-MODULE-PATH, -proc:none, -g, -Xlint:cast, -Xlint:deprecation, -Xlint:empty, -Xlint:fallthrough, -Xlint:finally, -Xlint:path, -Xlint:unchecked, -Xlint:varargs, -Xlint:static] to [-classpath, , --add-modules, ALL-MODULE-PATH, -proc:none, -g, -Xlint:cast, -Xlint:deprecation, -Xlint:empty, -Xlint:fallthrough, -Xlint:finally, -Xlint:path, -Xlint:unchecked, -Xlint:varargs, -Xlint:static], creating new compiler
Sep 28, 2025 4:53:09 PM org.javacs.JavaLanguageServer findReferences
INFO: compile component: 7.1552 document: file:///C:/Users/74993/Desktop/毕设/wll论文/java-language-server2/outputDir/DEF/cc/DEF_480.java
Sep 28, 2025 4:53:09 PM org.javacs.JavaLanguageServer findReferences
INFO: locate component: 76.9402 document: file:///C:/Users/74993/Desktop/毕设/wll论文/java-language-server2/outputDir/DEF/cc/DEF_480.java
Sep 28, 2025 4:53:09 PM org.javacs.JavaLanguageServer findReferences
INFO: traverse component: 0.0 document: file:///C:/Users/74993/Desktop/毕设/wll论文/java-language-server2/outputDir/DEF/cc/DEF_480.java
Sep 28, 2025 4:53:09 PM org.javacs.JavaLanguageServer findReferences
INFO: NOD: 5617 document: file:///C:/Users/74993/Desktop/毕设/wll论文/java-language-server2/outputDir/DEF/cc/DEF_480.java
Sep 28, 2025 4:53:09 PM org.javacs.JavaLanguageServer findReferences
INFO: DEF: 478 document: file:///C:/Users/74993/Desktop/毕设/wll论文/java-language-server2/outputDir/DEF/cc/DEF_480.java
Sep 28, 2025 4:53:09 PM org.javacs.JavaLanguageServer findReferences
INFO: OCC: 3278 document: file:///C:/Users/74993/Desktop/毕设/wll论文/java-language-server2/outputDir/DEF/cc/DEF_480.java
Sep 28, 2025 4:53:09 PM org.javacs.JavaLanguageServer findReferences
INFO: LOC: 3107 document: file:///C:/Users/74993/Desktop/毕设/wll论文/java-language-server2/outputDir/DEF/cc/DEF_480.java
Sep 28, 2025 4:53:09 PM org.javacs.ScanClassPath jdkTopLevelClasses
INFO: Searching for top-level classes in the JDK
Sep 28, 2025 4:53:09 PM org.javacs.ScanClassPath jdkTopLevelClasses
INFO: Found 15005 classes in the java platform
Sep 28, 2025 4:53:09 PM org.javacs.ScanClassPath classPathTopLevelClasses
INFO: Searching for top-level classes in 0 classpath locations
Sep 28, 2025 4:53:09 PM org.javacs.ScanClassPath classPathTopLevelClasses
INFO: Found 0 classes in classpath
Sep 28, 2025 4:53:09 PM org.javacs.ReusableCompiler getTask
WARNING: Options changed from [-classpath, , --add-modules, ALL-MODULE-PATH, -proc:none, -g, -Xlint:cast, -Xlint:deprecation, -Xlint:empty, -Xlint:fallthrough, -Xlint:finally, -Xlint:path, -Xlint:unchecked, -Xlint:varargs, -Xlint:static] to [-classpath, , --add-modules, ALL-MODULE-PATH, -proc:none, -g, -Xlint:cast, -Xlint:deprecation, -Xlint:empty, -Xlint:fallthrough, -Xlint:finally, -Xlint:path, -Xlint:unchecked, -Xlint:varargs, -Xlint:static], creating new compiler
Sep 28, 2025 4:53:09 PM org.javacs.JavaLanguageServer findReferences
INFO: compile component: 7.4345 document: file:///C:/Users/74993/Desktop/毕设/wll论文/java-language-server2/outputDir/DEF/cc/DEF_480.java
Sep 28, 2025 4:53:09 PM org.javacs.JavaLanguageServer findReferences
INFO: locate component: 82.5224 document: file:///C:/Users/74993/Desktop/毕设/wll论文/java-language-server2/outputDir/DEF/cc/DEF_480.java
Sep 28, 2025 4:53:09 PM org.javacs.JavaLanguageServer findReferences
INFO: traverse component: 0.9977 document: file:///C:/Users/74993/Desktop/毕设/wll论文/java-language-server2/outputDir/DEF/cc/DEF_480.java
Sep 28, 2025 4:53:09 PM org.javacs.JavaLanguageServer findReferences
INFO: NOD: 5617 document: file:///C:/Users/74993/Desktop/毕设/wll论文/java-language-server2/outputDir/DEF/cc/DEF_480.java
Sep 28, 2025 4:53:09 PM org.javacs.JavaLanguageServer findReferences
INFO: DEF: 478 document: file:///C:/Users/74993/Desktop/毕设/wll论文/java-language-server2/outputDir/DEF/cc/DEF_480.java
Sep 28, 2025 4:53:09 PM org.javacs.JavaLanguageServer findReferences
INFO: OCC: 3278 document: file:///C:/Users/74993/Desktop/毕设/wll论文/java-language-server2/outputDir/DEF/cc/DEF_480.java
Sep 28, 2025 4:53:09 PM org.javacs.JavaLanguageServer findReferences
INFO: LOC: 3107 document: file:///C:/Users/74993/Desktop/毕设/wll论文/java-language-server2/outputDir/DEF/cc/DEF_480.java
Sep 28, 2025 4:53:09 PM org.javacs.JavaLanguageServer didOpenTextDocument
INFO: #didOpenTextDocument# try call goto {"context":{"includeDeclaration":false},"textDocument":{"uri":"file:///C:/Users/74993/Desktop/%E6%AF%95%E8%AE%BE/wll%E8%AE%BA%E6%96%87/java-language-server2/outputDir/DEF/cc/DEF_480.java"},"position":{"line":61,"character":31}}
Sep 28, 2025 4:53:09 PM org.javacs.JavaCompilerService compileBatch
INFO: ...using cached compile
Sep 28, 2025 4:53:10 PM org.javacs.JavaLanguageServer gotoDefinition
INFO: gotoDefinition: 78.9542 document: file:///C:/Users/74993/Desktop/毕设/wll论文/java-language-server2/outputDir/DEF/cc/DEF_480.java
Sep 28, 2025 4:53:10 PM org.javacs.JavaCompilerService compileBatch
INFO: ...using cached compile
Sep 28, 2025 4:53:10 PM org.javacs.JavaLanguageServer gotoDefinition
INFO: gotoDefinition: 77.2478 document: file:///C:/Users/74993/Desktop/毕设/wll论文/java-language-server2/outputDir/DEF/cc/DEF_480.java
Sep 28, 2025 4:53:10 PM org.javacs.JavaCompilerService compileBatch
INFO: ...using cached compile
Sep 28, 2025 4:53:10 PM org.javacs.JavaLanguageServer gotoDefinition
INFO: gotoDefinition: 80.6036 document: file:///C:/Users/74993/Desktop/毕设/wll论文/java-language-server2/outputDir/DEF/cc/DEF_480.java
Sep 28, 2025 4:53:10 PM org.javacs.JavaCompilerService compileBatch
INFO: ...using cached compile
Sep 28, 2025 4:53:10 PM org.javacs.JavaLanguageServer gotoDefinition
INFO: gotoDefinition: 80.4506 document: file:///C:/Users/74993/Desktop/毕设/wll论文/java-language-server2/outputDir/DEF/cc/DEF_480.java
Sep 28, 2025 4:53:10 PM org.javacs.JavaCompilerService compileBatch
INFO: ...using cached compile
Sep 28, 2025 4:53:10 PM org.javacs.JavaLanguageServer gotoDefinition
INFO: gotoDefinition: 77.6183 document: file:///C:/Users/74993/Desktop/毕设/wll论文/java-language-server2/outputDir/DEF/cc/DEF_480.java
Sep 28, 2025 4:53:10 PM org.javacs.JavaLanguageServer didOpenTextDocument
INFO: #didOpenTextDocument# try call rename {"context":{"includeDeclaration":false},"textDocument":{"uri":"file:///C:/Users/74993/Desktop/%E6%AF%95%E8%AE%BE/wll%E8%AE%BA%E6%96%87/java-language-server2/outputDir/DEF/cc/DEF_480.java"},"position":{"line":61,"character":31}}
Sep 28, 2025 4:53:10 PM org.javacs.JavaCompilerService compileBatch
INFO: ...using cached compile
Sep 28, 2025 4:53:10 PM org.javacs.JavaLanguageServer rename
INFO: rename: 79.5528 document: file:///C:/Users/74993/Desktop/毕设/wll论文/java-language-server2/outputDir/DEF/cc/DEF_480.java
Sep 28, 2025 4:53:10 PM org.javacs.JavaCompilerService compileBatch
INFO: ...using cached compile
Sep 28, 2025 4:53:10 PM org.javacs.JavaLanguageServer rename
INFO: rename: 82.3223 document: file:///C:/Users/74993/Desktop/毕设/wll论文/java-language-server2/outputDir/DEF/cc/DEF_480.java
Sep 28, 2025 4:53:10 PM org.javacs.JavaCompilerService compileBatch
INFO: ...using cached compile
Sep 28, 2025 4:53:10 PM org.javacs.JavaLanguageServer rename
INFO: rename: 79.8425 document: file:///C:/Users/74993/Desktop/毕设/wll论文/java-language-server2/outputDir/DEF/cc/DEF_480.java
Sep 28, 2025 4:53:10 PM org.javacs.JavaCompilerService compileBatch
INFO: ...using cached compile
Sep 28, 2025 4:53:10 PM org.javacs.JavaLanguageServer rename
INFO: rename: 84.8409 document: file:///C:/Users/74993/Desktop/毕设/wll论文/java-language-server2/outputDir/DEF/cc/DEF_480.java
Sep 28, 2025 4:53:10 PM org.javacs.JavaCompilerService compileBatch
INFO: ...using cached compile
Sep 28, 2025 4:53:10 PM org.javacs.JavaLanguageServer rename
INFO: rename: 75.0633 document: file:///C:/Users/74993/Desktop/毕设/wll论文/java-language-server2/outputDir/DEF/cc/DEF_480.java
Sep 28, 2025 4:53:10 PM org.javacs.JavaLanguageServer didOpenTextDocument
INFO: #didOpenTextDocument# try completion {"context":{"includeDeclaration":false},"textDocument":{"uri":"file:///C:/Users/74993/Desktop/%E6%AF%95%E8%AE%BE/wll%E8%AE%BA%E6%96%87/java-language-server2/outputDir/DEF/cc/DEF_480.java"},"position":{"line":61,"character":31}}
Sep 28, 2025 4:53:10 PM org.javacs.JavaLanguageServer completion
INFO: completion: 10.0417 document: file:///C:/Users/74993/Desktop/毕设/wll论文/java-language-server2/outputDir/DEF/cc/DEF_480.java
Sep 28, 2025 4:53:10 PM org.javacs.JavaLanguageServer completion
INFO: completion: 7.5154 document: file:///C:/Users/74993/Desktop/毕设/wll论文/java-language-server2/outputDir/DEF/cc/DEF_480.java
Sep 28, 2025 4:53:10 PM org.javacs.JavaLanguageServer completion
INFO: completion: 7.5228 document: file:///C:/Users/74993/Desktop/毕设/wll论文/java-language-server2/outputDir/DEF/cc/DEF_480.java
Sep 28, 2025 4:53:10 PM org.javacs.JavaLanguageServer completion
INFO: completion: 7.5041 document: file:///C:/Users/74993/Desktop/毕设/wll论文/java-language-server2/outputDir/DEF/cc/DEF_480.java
Sep 28, 2025 4:53:10 PM org.javacs.JavaLanguageServer completion
INFO: completion: 8.0191 document: file:///C:/Users/74993/Desktop/毕设/wll论文/java-language-server2/outputDir/DEF/cc/DEF_480.java
Sep 28, 2025 4:53:10 PM org.javacs.JavaLanguageServer didOpenTextDocument
INFO: #didOpenTextDocument# try call goto {"context":{"includeDeclaration":false},"textDocument":{"uri":"file:///C:/Users/74993/Desktop/%E6%AF%95%E8%AE%BE/wll%E8%AE%BA%E6%96%87/java-language-server2/outputDir/DEF/cc/DEF_480.java"},"position":{"line":3084,"character":28}}
Sep 28, 2025 4:53:10 PM org.javacs.JavaLanguageServer gotoDefinition
INFO: gotoDefinition: 96.2287 document: file:///C:/Users/74993/Desktop/毕设/wll论文/java-language-server2/outputDir/DEF/cc/DEF_480.java
Sep 28, 2025 4:53:10 PM org.javacs.JavaCompilerService compileBatch
INFO: ...using cached compile
Sep 28, 2025 4:53:10 PM org.javacs.JavaLanguageServer gotoDefinition
INFO: gotoDefinition: 75.8376 document: file:///C:/Users/74993/Desktop/毕设/wll论文/java-language-server2/outputDir/DEF/cc/DEF_480.java
Sep 28, 2025 4:53:10 PM org.javacs.JavaCompilerService compileBatch
INFO: ...using cached compile
Sep 28, 2025 4:53:11 PM org.javacs.JavaLanguageServer gotoDefinition
INFO: gotoDefinition: 79.2149 document: file:///C:/Users/74993/Desktop/毕设/wll论文/java-language-server2/outputDir/DEF/cc/DEF_480.java
Sep 28, 2025 4:53:11 PM org.javacs.JavaCompilerService compileBatch
INFO: ...using cached compile
Sep 28, 2025 4:53:11 PM org.javacs.JavaLanguageServer gotoDefinition
INFO: gotoDefinition: 77.7654 document: file:///C:/Users/74993/Desktop/毕设/wll论文/java-language-server2/outputDir/DEF/cc/DEF_480.java
Sep 28, 2025 4:53:11 PM org.javacs.JavaCompilerService compileBatch
INFO: ...using cached compile
Sep 28, 2025 4:53:11 PM org.javacs.JavaLanguageServer gotoDefinition
INFO: gotoDefinition: 76.5789 document: file:///C:/Users/74993/Desktop/毕设/wll论文/java-language-server2/outputDir/DEF/cc/DEF_480.java
Sep 28, 2025 4:53:11 PM org.javacs.JavaLanguageServer didOpenTextDocument
INFO: #didOpenTextDocument# try call rename {"context":{"includeDeclaration":false},"textDocument":{"uri":"file:///C:/Users/74993/Desktop/%E6%AF%95%E8%AE%BE/wll%E8%AE%BA%E6%96%87/java-language-server2/outputDir/DEF/cc/DEF_480.java"},"position":{"line":3084,"character":28}}
Sep 28, 2025 4:53:11 PM org.javacs.JavaCompilerService compileBatch
INFO: ...using cached compile
Sep 28, 2025 4:53:11 PM org.javacs.JavaLanguageServer rename
INFO: rename: 76.2466 document: file:///C:/Users/74993/Desktop/毕设/wll论文/java-language-server2/outputDir/DEF/cc/DEF_480.java
Sep 28, 2025 4:53:11 PM org.javacs.JavaCompilerService compileBatch
INFO: ...using cached compile
Sep 28, 2025 4:53:11 PM org.javacs.JavaLanguageServer rename
INFO: rename: 76.0168 document: file:///C:/Users/74993/Desktop/毕设/wll论文/java-language-server2/outputDir/DEF/cc/DEF_480.java
Sep 28, 2025 4:53:11 PM org.javacs.JavaCompilerService compileBatch
INFO: ...using cached compile
Sep 28, 2025 4:53:11 PM org.javacs.JavaLanguageServer rename
INFO: rename: 76.4662 document: file:///C:/Users/74993/Desktop/毕设/wll论文/java-language-server2/outputDir/DEF/cc/DEF_480.java
Sep 28, 2025 4:53:11 PM org.javacs.JavaCompilerService compileBatch
INFO: ...using cached compile
Sep 28, 2025 4:53:11 PM org.javacs.JavaLanguageServer rename
INFO: rename: 76.388 document: file:///C:/Users/74993/Desktop/毕设/wll论文/java-language-server2/outputDir/DEF/cc/DEF_480.java
Sep 28, 2025 4:53:11 PM org.javacs.JavaCompilerService compileBatch
INFO: ...using cached compile
Sep 28, 2025 4:53:11 PM org.javacs.JavaLanguageServer rename
INFO: rename: 75.9842 document: file:///C:/Users/74993/Desktop/毕设/wll论文/java-language-server2/outputDir/DEF/cc/DEF_480.java
Sep 28, 2025 4:53:11 PM org.javacs.JavaLanguageServer didOpenTextDocument
INFO: #didOpenTextDocument# try completion {"context":{"includeDeclaration":false},"textDocument":{"uri":"file:///C:/Users/74993/Desktop/%E6%AF%95%E8%AE%BE/wll%E8%AE%BA%E6%96%87/java-language-server2/outputDir/DEF/cc/DEF_480.java"},"position":{"line":3084,"character":28}}
Sep 28, 2025 4:53:11 PM org.javacs.JavaLanguageServer completion
INFO: completion: 14.1183 document: file:///C:/Users/74993/Desktop/毕设/wll论文/java-language-server2/outputDir/DEF/cc/DEF_480.java
Sep 28, 2025 4:53:11 PM org.javacs.JavaLanguageServer completion
INFO: completion: 11.0338 document: file:///C:/Users/74993/Desktop/毕设/wll论文/java-language-server2/outputDir/DEF/cc/DEF_480.java
Sep 28, 2025 4:53:11 PM org.javacs.JavaLanguageServer completion
INFO: completion: 9.2354 document: file:///C:/Users/74993/Desktop/毕设/wll论文/java-language-server2/outputDir/DEF/cc/DEF_480.java
Sep 28, 2025 4:53:11 PM org.javacs.JavaLanguageServer completion
INFO: completion: 9.0364 document: file:///C:/Users/74993/Desktop/毕设/wll论文/java-language-server2/outputDir/DEF/cc/DEF_480.java
Sep 28, 2025 4:53:11 PM org.javacs.JavaLanguageServer completion
INFO: completion: 9.2201 document: file:///C:/Users/74993/Desktop/毕设/wll论文/java-language-server2/outputDir/DEF/cc/DEF_480.java
Sep 28, 2025 4:53:11 PM org.javacs.JavaLanguageServer didOpenTextDocument
INFO: #didOpenTextDocument# try call reference {"context":{"includeDeclaration":false},"textDocument":{"uri":"file:///C:/Users/74993/Desktop/%E6%AF%95%E8%AE%BE/wll%E8%AE%BA%E6%96%87/java-language-server2/outputDir/DEF/cd/DEF_560.java"},"position":{"line":66,"character":76}}
Sep 28, 2025 4:53:11 PM org.javacs.ScanClassPath jdkTopLevelClasses
INFO: Searching for top-level classes in the JDK
Sep 28, 2025 4:53:11 PM org.javacs.ScanClassPath jdkTopLevelClasses
INFO: Found 15005 classes in the java platform
Sep 28, 2025 4:53:11 PM org.javacs.ScanClassPath classPathTopLevelClasses
INFO: Searching for top-level classes in 0 classpath locations
Sep 28, 2025 4:53:11 PM org.javacs.ScanClassPath classPathTopLevelClasses
INFO: Found 0 classes in classpath
Sep 28, 2025 4:53:11 PM org.javacs.ReusableCompiler getTask
WARNING: Options changed from [-classpath, , --add-modules, ALL-MODULE-PATH, -proc:none, -g, -Xlint:cast, -Xlint:deprecation, -Xlint:empty, -Xlint:fallthrough, -Xlint:finally, -Xlint:path, -Xlint:unchecked, -Xlint:varargs, -Xlint:static] to [-classpath, , --add-modules, ALL-MODULE-PATH, -proc:none, -g, -Xlint:cast, -Xlint:deprecation, -Xlint:empty, -Xlint:fallthrough, -Xlint:finally, -Xlint:path, -Xlint:unchecked, -Xlint:varargs, -Xlint:static], creating new compiler
Sep 28, 2025 4:53:11 PM org.javacs.JavaLanguageServer findReferences
INFO: compile component: 18.1736 document: file:///C:/Users/74993/Desktop/毕设/wll论文/java-language-server2/outputDir/DEF/cd/DEF_560.java
Sep 28, 2025 4:53:12 PM org.javacs.JavaLanguageServer findReferences
INFO: locate component: 105.0008 document: file:///C:/Users/74993/Desktop/毕设/wll论文/java-language-server2/outputDir/DEF/cd/DEF_560.java
Sep 28, 2025 4:53:12 PM org.javacs.JavaLanguageServer findReferences
INFO: traverse component: 1.0094 document: file:///C:/Users/74993/Desktop/毕设/wll论文/java-language-server2/outputDir/DEF/cd/DEF_560.java
Sep 28, 2025 4:53:12 PM org.javacs.JavaLanguageServer findReferences
INFO: NOD: 7369 document: file:///C:/Users/74993/Desktop/毕设/wll论文/java-language-server2/outputDir/DEF/cd/DEF_560.java
Sep 28, 2025 4:53:12 PM org.javacs.JavaLanguageServer findReferences
INFO: DEF: 560 document: file:///C:/Users/74993/Desktop/毕设/wll论文/java-language-server2/outputDir/DEF/cd/DEF_560.java
Sep 28, 2025 4:53:12 PM org.javacs.JavaLanguageServer findReferences
INFO: OCC: 3951 document: file:///C:/Users/74993/Desktop/毕设/wll论文/java-language-server2/outputDir/DEF/cd/DEF_560.java
Sep 28, 2025 4:53:12 PM org.javacs.JavaLanguageServer findReferences
INFO: LOC: 2357 document: file:///C:/Users/74993/Desktop/毕设/wll论文/java-language-server2/outputDir/DEF/cd/DEF_560.java
Sep 28, 2025 4:53:12 PM org.javacs.ScanClassPath jdkTopLevelClasses
INFO: Searching for top-level classes in the JDK
Sep 28, 2025 4:53:12 PM org.javacs.ScanClassPath jdkTopLevelClasses
INFO: Found 15005 classes in the java platform
Sep 28, 2025 4:53:12 PM org.javacs.ScanClassPath classPathTopLevelClasses
INFO: Searching for top-level classes in 0 classpath locations
Sep 28, 2025 4:53:12 PM org.javacs.ScanClassPath classPathTopLevelClasses
INFO: Found 0 classes in classpath
Sep 28, 2025 4:53:12 PM org.javacs.ReusableCompiler getTask
WARNING: Options changed from [-classpath, , --add-modules, ALL-MODULE-PATH, -proc:none, -g, -Xlint:cast, -Xlint:deprecation, -Xlint:empty, -Xlint:fallthrough, -Xlint:finally, -Xlint:path, -Xlint:unchecked, -Xlint:varargs, -Xlint:static] to [-classpath, , --add-modules, ALL-MODULE-PATH, -proc:none, -g, -Xlint:cast, -Xlint:deprecation, -Xlint:empty, -Xlint:fallthrough, -Xlint:finally, -Xlint:path, -Xlint:unchecked, -Xlint:varargs, -Xlint:static], creating new compiler
Sep 28, 2025 4:53:12 PM org.javacs.JavaLanguageServer findReferences
INFO: compile component: 7.0775 document: file:///C:/Users/74993/Desktop/毕设/wll论文/java-language-server2/outputDir/DEF/cd/DEF_560.java
Sep 28, 2025 4:53:12 PM org.javacs.JavaLanguageServer findReferences
INFO: locate component: 100.9693 document: file:///C:/Users/74993/Desktop/毕设/wll论文/java-language-server2/outputDir/DEF/cd/DEF_560.java
Sep 28, 2025 4:53:12 PM org.javacs.JavaLanguageServer findReferences
INFO: traverse component: 0.0 document: file:///C:/Users/74993/Desktop/毕设/wll论文/java-language-server2/outputDir/DEF/cd/DEF_560.java
Sep 28, 2025 4:53:12 PM org.javacs.JavaLanguageServer findReferences
INFO: NOD: 7369 document: file:///C:/Users/74993/Desktop/毕设/wll论文/java-language-server2/outputDir/DEF/cd/DEF_560.java
Sep 28, 2025 4:53:12 PM org.javacs.JavaLanguageServer findReferences
INFO: DEF: 560 document: file:///C:/Users/74993/Desktop/毕设/wll论文/java-language-server2/outputDir/DEF/cd/DEF_560.java
Sep 28, 2025 4:53:12 PM org.javacs.JavaLanguageServer findReferences
INFO: OCC: 3951 document: file:///C:/Users/74993/Desktop/毕设/wll论文/java-language-server2/outputDir/DEF/cd/DEF_560.java
Sep 28, 2025 4:53:12 PM org.javacs.JavaLanguageServer findReferences
INFO: LOC: 2357 document: file:///C:/Users/74993/Desktop/毕设/wll论文/java-language-server2/outputDir/DEF/cd/DEF_560.java
Sep 28, 2025 4:53:12 PM org.javacs.ScanClassPath jdkTopLevelClasses
INFO: Searching for top-level classes in the JDK
Sep 28, 2025 4:53:12 PM org.javacs.ScanClassPath jdkTopLevelClasses
INFO: Found 15005 classes in the java platform
Sep 28, 2025 4:53:12 PM org.javacs.ScanClassPath classPathTopLevelClasses
INFO: Searching for top-level classes in 0 classpath locations
Sep 28, 2025 4:53:12 PM org.javacs.ScanClassPath classPathTopLevelClasses
INFO: Found 0 classes in classpath
Sep 28, 2025 4:53:12 PM org.javacs.ReusableCompiler getTask
WARNING: Options changed from [-classpath, , --add-modules, ALL-MODULE-PATH, -proc:none, -g, -Xlint:cast, -Xlint:deprecation, -Xlint:empty, -Xlint:fallthrough, -Xlint:finally, -Xlint:path, -Xlint:unchecked, -Xlint:varargs, -Xlint:static] to [-classpath, , --add-modules, ALL-MODULE-PATH, -proc:none, -g, -Xlint:cast, -Xlint:deprecation, -Xlint:empty, -Xlint:fallthrough, -Xlint:finally, -Xlint:path, -Xlint:unchecked, -Xlint:varargs, -Xlint:static], creating new compiler
Sep 28, 2025 4:53:12 PM org.javacs.JavaLanguageServer findReferences
INFO: compile component: 7.0006 document: file:///C:/Users/74993/Desktop/毕设/wll论文/java-language-server2/outputDir/DEF/cd/DEF_560.java
Sep 28, 2025 4:53:12 PM org.javacs.JavaLanguageServer findReferences
INFO: locate component: 99.3658 document: file:///C:/Users/74993/Desktop/毕设/wll论文/java-language-server2/outputDir/DEF/cd/DEF_560.java
Sep 28, 2025 4:53:12 PM org.javacs.JavaLanguageServer findReferences
INFO: traverse component: 0.9991 document: file:///C:/Users/74993/Desktop/毕设/wll论文/java-language-server2/outputDir/DEF/cd/DEF_560.java
Sep 28, 2025 4:53:12 PM org.javacs.JavaLanguageServer findReferences
INFO: NOD: 7369 document: file:///C:/Users/74993/Desktop/毕设/wll论文/java-language-server2/outputDir/DEF/cd/DEF_560.java
Sep 28, 2025 4:53:12 PM org.javacs.JavaLanguageServer findReferences
INFO: DEF: 560 document: file:///C:/Users/74993/Desktop/毕设/wll论文/java-language-server2/outputDir/DEF/cd/DEF_560.java
Sep 28, 2025 4:53:12 PM org.javacs.JavaLanguageServer findReferences
INFO: OCC: 3951 document: file:///C:/Users/74993/Desktop/毕设/wll论文/java-language-server2/outputDir/DEF/cd/DEF_560.java
Sep 28, 2025 4:53:12 PM org.javacs.JavaLanguageServer findReferences
INFO: LOC: 2357 document: file:///C:/Users/74993/Desktop/毕设/wll论文/java-language-server2/outputDir/DEF/cd/DEF_560.java
Sep 28, 2025 4:53:12 PM org.javacs.ScanClassPath jdkTopLevelClasses
INFO: Searching for top-level classes in the JDK
Sep 28, 2025 4:53:12 PM org.javacs.ScanClassPath jdkTopLevelClasses
INFO: Found 15005 classes in the java platform
Sep 28, 2025 4:53:12 PM org.javacs.ScanClassPath classPathTopLevelClasses
INFO: Searching for top-level classes in 0 classpath locations
Sep 28, 2025 4:53:12 PM org.javacs.ScanClassPath classPathTopLevelClasses
INFO: Found 0 classes in classpath
Sep 28, 2025 4:53:12 PM org.javacs.ReusableCompiler getTask
WARNING: Options changed from [-classpath, , --add-modules, ALL-MODULE-PATH, -proc:none, -g, -Xlint:cast, -Xlint:deprecation, -Xlint:empty, -Xlint:fallthrough, -Xlint:finally, -Xlint:path, -Xlint:unchecked, -Xlint:varargs, -Xlint:static] to [-classpath, , --add-modules, ALL-MODULE-PATH, -proc:none, -g, -Xlint:cast, -Xlint:deprecation, -Xlint:empty, -Xlint:fallthrough, -Xlint:finally, -Xlint:path, -Xlint:unchecked, -Xlint:varargs, -Xlint:static], creating new compiler
Sep 28, 2025 4:53:12 PM org.javacs.JavaLanguageServer findReferences
INFO: compile component: 5.9993 document: file:///C:/Users/74993/Desktop/毕设/wll论文/java-language-server2/outputDir/DEF/cd/DEF_560.java
Sep 28, 2025 4:53:12 PM org.javacs.JavaLanguageServer findReferences
INFO: locate component: 96.8276 document: file:///C:/Users/74993/Desktop/毕设/wll论文/java-language-server2/outputDir/DEF/cd/DEF_560.java
Sep 28, 2025 4:53:12 PM org.javacs.JavaLanguageServer findReferences
INFO: traverse component: 0.0 document: file:///C:/Users/74993/Desktop/毕设/wll论文/java-language-server2/outputDir/DEF/cd/DEF_560.java
Sep 28, 2025 4:53:12 PM org.javacs.JavaLanguageServer findReferences
INFO: NOD: 7369 document: file:///C:/Users/74993/Desktop/毕设/wll论文/java-language-server2/outputDir/DEF/cd/DEF_560.java
Sep 28, 2025 4:53:12 PM org.javacs.JavaLanguageServer findReferences
INFO: DEF: 560 document: file:///C:/Users/74993/Desktop/毕设/wll论文/java-language-server2/outputDir/DEF/cd/DEF_560.java
Sep 28, 2025 4:53:12 PM org.javacs.JavaLanguageServer findReferences
INFO: OCC: 3951 document: file:///C:/Users/74993/Desktop/毕设/wll论文/java-language-server2/outputDir/DEF/cd/DEF_560.java
Sep 28, 2025 4:53:12 PM org.javacs.JavaLanguageServer findReferences
INFO: LOC: 2357 document: file:///C:/Users/74993/Desktop/毕设/wll论文/java-language-server2/outputDir/DEF/cd/DEF_560.java
Sep 28, 2025 4:53:12 PM org.javacs.ScanClassPath jdkTopLevelClasses
INFO: Searching for top-level classes in the JDK
Sep 28, 2025 4:53:12 PM org.javacs.ScanClassPath jdkTopLevelClasses
INFO: Found 15005 classes in the java platform
Sep 28, 2025 4:53:12 PM org.javacs.ScanClassPath classPathTopLevelClasses
INFO: Searching for top-level classes in 0 classpath locations
Sep 28, 2025 4:53:12 PM org.javacs.ScanClassPath classPathTopLevelClasses
INFO: Found 0 classes in classpath
Sep 28, 2025 4:53:12 PM org.javacs.ReusableCompiler getTask
WARNING: Options changed from [-classpath, , --add-modules, ALL-MODULE-PATH, -proc:none, -g, -Xlint:cast, -Xlint:deprecation, -Xlint:empty, -Xlint:fallthrough, -Xlint:finally, -Xlint:path, -Xlint:unchecked, -Xlint:varargs, -Xlint:static] to [-classpath, , --add-modules, ALL-MODULE-PATH, -proc:none, -g, -Xlint:cast, -Xlint:deprecation, -Xlint:empty, -Xlint:fallthrough, -Xlint:finally, -Xlint:path, -Xlint:unchecked, -Xlint:varargs, -Xlint:static], creating new compiler
Sep 28, 2025 4:53:12 PM org.javacs.JavaLanguageServer findReferences
INFO: compile component: 6.3825 document: file:///C:/Users/74993/Desktop/毕设/wll论文/java-language-server2/outputDir/DEF/cd/DEF_560.java
Sep 28, 2025 4:53:12 PM org.javacs.JavaLanguageServer findReferences
INFO: locate component: 103.6189 document: file:///C:/Users/74993/Desktop/毕设/wll论文/java-language-server2/outputDir/DEF/cd/DEF_560.java
Sep 28, 2025 4:53:12 PM org.javacs.JavaLanguageServer findReferences
INFO: traverse component: 0.0 document: file:///C:/Users/74993/Desktop/毕设/wll论文/java-language-server2/outputDir/DEF/cd/DEF_560.java
Sep 28, 2025 4:53:12 PM org.javacs.JavaLanguageServer findReferences
INFO: NOD: 7369 document: file:///C:/Users/74993/Desktop/毕设/wll论文/java-language-server2/outputDir/DEF/cd/DEF_560.java
Sep 28, 2025 4:53:12 PM org.javacs.JavaLanguageServer findReferences
INFO: DEF: 560 document: file:///C:/Users/74993/Desktop/毕设/wll论文/java-language-server2/outputDir/DEF/cd/DEF_560.java
Sep 28, 2025 4:53:12 PM org.javacs.JavaLanguageServer findReferences
INFO: OCC: 3951 document: file:///C:/Users/74993/Desktop/毕设/wll论文/java-language-server2/outputDir/DEF/cd/DEF_560.java
Sep 28, 2025 4:53:12 PM org.javacs.JavaLanguageServer findReferences
INFO: LOC: 2357 document: file:///C:/Users/74993/Desktop/毕设/wll论文/java-language-server2/outputDir/DEF/cd/DEF_560.java
Sep 28, 2025 4:53:12 PM org.javacs.JavaLanguageServer didOpenTextDocument
INFO: #didOpenTextDocument# try call goto {"context":{"includeDeclaration":false},"textDocument":{"uri":"file:///C:/Users/74993/Desktop/%E6%AF%95%E8%AE%BE/wll%E8%AE%BA%E6%96%87/java-language-server2/outputDir/DEF/cd/DEF_560.java"},"position":{"line":66,"character":76}}
Sep 28, 2025 4:53:12 PM org.javacs.JavaCompilerService compileBatch
INFO: ...using cached compile
Sep 28, 2025 4:53:13 PM org.javacs.JavaLanguageServer gotoDefinition
INFO: gotoDefinition: 105.2193 document: file:///C:/Users/74993/Desktop/毕设/wll论文/java-language-server2/outputDir/DEF/cd/DEF_560.java
Sep 28, 2025 4:53:13 PM org.javacs.JavaCompilerService compileBatch
INFO: ...using cached compile
Sep 28, 2025 4:53:13 PM org.javacs.JavaLanguageServer gotoDefinition
INFO: gotoDefinition: 101.2427 document: file:///C:/Users/74993/Desktop/毕设/wll论文/java-language-server2/outputDir/DEF/cd/DEF_560.java
Sep 28, 2025 4:53:13 PM org.javacs.JavaCompilerService compileBatch
INFO: ...using cached compile
Sep 28, 2025 4:53:13 PM org.javacs.JavaLanguageServer gotoDefinition
INFO: gotoDefinition: 100.5222 document: file:///C:/Users/74993/Desktop/毕设/wll论文/java-language-server2/outputDir/DEF/cd/DEF_560.java
Sep 28, 2025 4:53:13 PM org.javacs.JavaCompilerService compileBatch
INFO: ...using cached compile
Sep 28, 2025 4:53:13 PM org.javacs.JavaLanguageServer gotoDefinition
INFO: gotoDefinition: 98.5807 document: file:///C:/Users/74993/Desktop/毕设/wll论文/java-language-server2/outputDir/DEF/cd/DEF_560.java
Sep 28, 2025 4:53:13 PM org.javacs.JavaCompilerService compileBatch
INFO: ...using cached compile
Sep 28, 2025 4:53:13 PM org.javacs.JavaLanguageServer gotoDefinition
INFO: gotoDefinition: 99.6984 document: file:///C:/Users/74993/Desktop/毕设/wll论文/java-language-server2/outputDir/DEF/cd/DEF_560.java
Sep 28, 2025 4:53:13 PM org.javacs.JavaLanguageServer didOpenTextDocument
INFO: #didOpenTextDocument# try call rename {"context":{"includeDeclaration":false},"textDocument":{"uri":"file:///C:/Users/74993/Desktop/%E6%AF%95%E8%AE%BE/wll%E8%AE%BA%E6%96%87/java-language-server2/outputDir/DEF/cd/DEF_560.java"},"position":{"line":66,"character":76}}
Sep 28, 2025 4:53:13 PM org.javacs.JavaCompilerService compileBatch
INFO: ...using cached compile
Sep 28, 2025 4:53:13 PM org.javacs.JavaLanguageServer rename
INFO: rename: 102.5665 document: file:///C:/Users/74993/Desktop/毕设/wll论文/java-language-server2/outputDir/DEF/cd/DEF_560.java
Sep 28, 2025 4:53:13 PM org.javacs.JavaCompilerService compileBatch
INFO: ...using cached compile
Sep 28, 2025 4:53:13 PM org.javacs.JavaLanguageServer rename
INFO: rename: 96.2833 document: file:///C:/Users/74993/Desktop/毕设/wll论文/java-language-server2/outputDir/DEF/cd/DEF_560.java
Sep 28, 2025 4:53:13 PM org.javacs.JavaCompilerService compileBatch
INFO: ...using cached compile
Sep 28, 2025 4:53:13 PM org.javacs.JavaLanguageServer rename
INFO: rename: 96.2063 document: file:///C:/Users/74993/Desktop/毕设/wll论文/java-language-server2/outputDir/DEF/cd/DEF_560.java
Sep 28, 2025 4:53:13 PM org.javacs.JavaCompilerService compileBatch
INFO: ...using cached compile
Sep 28, 2025 4:53:13 PM org.javacs.JavaLanguageServer rename
INFO: rename: 96.5973 document: file:///C:/Users/74993/Desktop/毕设/wll论文/java-language-server2/outputDir/DEF/cd/DEF_560.java
Sep 28, 2025 4:53:13 PM org.javacs.JavaCompilerService compileBatch
INFO: ...using cached compile
Sep 28, 2025 4:53:13 PM org.javacs.JavaLanguageServer rename
INFO: rename: 101.3112 document: file:///C:/Users/74993/Desktop/毕设/wll论文/java-language-server2/outputDir/DEF/cd/DEF_560.java
Sep 28, 2025 4:53:13 PM org.javacs.JavaLanguageServer didOpenTextDocument
INFO: #didOpenTextDocument# try completion {"context":{"includeDeclaration":false},"textDocument":{"uri":"file:///C:/Users/74993/Desktop/%E6%AF%95%E8%AE%BE/wll%E8%AE%BA%E6%96%87/java-language-server2/outputDir/DEF/cd/DEF_560.java"},"position":{"line":66,"character":76}}
Sep 28, 2025 4:53:14 PM org.javacs.JavaLanguageServer completion
INFO: completion: 9.5152 document: file:///C:/Users/74993/Desktop/毕设/wll论文/java-language-server2/outputDir/DEF/cd/DEF_560.java
Sep 28, 2025 4:53:14 PM org.javacs.JavaLanguageServer completion
INFO: completion: 7.0089 document: file:///C:/Users/74993/Desktop/毕设/wll论文/java-language-server2/outputDir/DEF/cd/DEF_560.java
Sep 28, 2025 4:53:14 PM org.javacs.JavaLanguageServer completion
INFO: completion: 7.5103 document: file:///C:/Users/74993/Desktop/毕设/wll论文/java-language-server2/outputDir/DEF/cd/DEF_560.java
Sep 28, 2025 4:53:14 PM org.javacs.JavaLanguageServer completion
INFO: completion: 7.524 document: file:///C:/Users/74993/Desktop/毕设/wll论文/java-language-server2/outputDir/DEF/cd/DEF_560.java
Sep 28, 2025 4:53:14 PM org.javacs.JavaLanguageServer completion
INFO: completion: 8.2137 document: file:///C:/Users/74993/Desktop/毕设/wll论文/java-language-server2/outputDir/DEF/cd/DEF_560.java
Sep 28, 2025 4:53:14 PM org.javacs.JavaLanguageServer didOpenTextDocument
INFO: #didOpenTextDocument# try call goto {"context":{"includeDeclaration":false},"textDocument":{"uri":"file:///C:/Users/74993/Desktop/%E6%AF%95%E8%AE%BE/wll%E8%AE%BA%E6%96%87/java-language-server2/outputDir/DEF/cd/DEF_560.java"},"position":{"line":2325,"character":26}}
Sep 28, 2025 4:53:14 PM org.javacs.JavaCompilerService findPublicTypeDeclarationInJdk
INFO: ...found jar:file:///C:/Program%20Files/Java/jdk-22/lib/src.zip!/java.base/java/lang/Object.java in module java.base of jdk
Sep 28, 2025 4:53:14 PM org.javacs.JavaLanguageServer gotoDefinition
INFO: gotoDefinition: 149.8392 document: file:///C:/Users/74993/Desktop/毕设/wll论文/java-language-server2/outputDir/DEF/cd/DEF_560.java
Sep 28, 2025 4:53:14 PM org.javacs.JavaCompilerService compileBatch
INFO: ...using cached compile
Sep 28, 2025 4:53:14 PM org.javacs.JavaCompilerService findPublicTypeDeclarationInJdk
INFO: ...found jar:file:///C:/Program%20Files/Java/jdk-22/lib/src.zip!/java.base/java/lang/Object.java in module java.base of jdk
Sep 28, 2025 4:53:14 PM org.javacs.JavaLanguageServer gotoDefinition
INFO: gotoDefinition: 100.9343 document: file:///C:/Users/74993/Desktop/毕设/wll论文/java-language-server2/outputDir/DEF/cd/DEF_560.java
Sep 28, 2025 4:53:14 PM org.javacs.JavaCompilerService compileBatch
INFO: ...using cached compile
Sep 28, 2025 4:53:14 PM org.javacs.JavaCompilerService findPublicTypeDeclarationInJdk
INFO: ...found jar:file:///C:/Program%20Files/Java/jdk-22/lib/src.zip!/java.base/java/lang/Object.java in module java.base of jdk
Sep 28, 2025 4:53:14 PM org.javacs.JavaLanguageServer gotoDefinition
INFO: gotoDefinition: 100.0884 document: file:///C:/Users/74993/Desktop/毕设/wll论文/java-language-server2/outputDir/DEF/cd/DEF_560.java
Sep 28, 2025 4:53:14 PM org.javacs.JavaCompilerService compileBatch
INFO: ...using cached compile
Sep 28, 2025 4:53:14 PM org.javacs.JavaCompilerService findPublicTypeDeclarationInJdk
INFO: ...found jar:file:///C:/Program%20Files/Java/jdk-22/lib/src.zip!/java.base/java/lang/Object.java in module java.base of jdk
Sep 28, 2025 4:53:14 PM org.javacs.JavaLanguageServer gotoDefinition
INFO: gotoDefinition: 104.1014 document: file:///C:/Users/74993/Desktop/毕设/wll论文/java-language-server2/outputDir/DEF/cd/DEF_560.java
Sep 28, 2025 4:53:14 PM org.javacs.JavaCompilerService compileBatch
INFO: ...using cached compile
Sep 28, 2025 4:53:14 PM org.javacs.JavaCompilerService findPublicTypeDeclarationInJdk
INFO: ...found jar:file:///C:/Program%20Files/Java/jdk-22/lib/src.zip!/java.base/java/lang/Object.java in module java.base of jdk
Sep 28, 2025 4:53:14 PM org.javacs.JavaLanguageServer gotoDefinition
INFO: gotoDefinition: 100.9758 document: file:///C:/Users/74993/Desktop/毕设/wll论文/java-language-server2/outputDir/DEF/cd/DEF_560.java
Sep 28, 2025 4:53:14 PM org.javacs.JavaLanguageServer didOpenTextDocument
INFO: #didOpenTextDocument# try call rename {"context":{"includeDeclaration":false},"textDocument":{"uri":"file:///C:/Users/74993/Desktop/%E6%AF%95%E8%AE%BE/wll%E8%AE%BA%E6%96%87/java-language-server2/outputDir/DEF/cd/DEF_560.java"},"position":{"line":2325,"character":26}}
Sep 28, 2025 4:53:14 PM org.javacs.JavaCompilerService compileBatch
INFO: ...using cached compile
Sep 28, 2025 4:53:14 PM org.javacs.JavaLanguageServer rename
INFO: rename: 95.2941 document: file:///C:/Users/74993/Desktop/毕设/wll论文/java-language-server2/outputDir/DEF/cd/DEF_560.java
Sep 28, 2025 4:53:14 PM org.javacs.JavaCompilerService compileBatch
INFO: ...using cached compile
Sep 28, 2025 4:53:14 PM org.javacs.JavaLanguageServer rename
INFO: rename: 94.9408 document: file:///C:/Users/74993/Desktop/毕设/wll论文/java-language-server2/outputDir/DEF/cd/DEF_560.java
Sep 28, 2025 4:53:14 PM org.javacs.JavaCompilerService compileBatch
INFO: ...using cached compile
Sep 28, 2025 4:53:14 PM org.javacs.JavaLanguageServer rename
INFO: rename: 95.1031 document: file:///C:/Users/74993/Desktop/毕设/wll论文/java-language-server2/outputDir/DEF/cd/DEF_560.java
Sep 28, 2025 4:53:14 PM org.javacs.JavaCompilerService compileBatch
INFO: ...using cached compile
Sep 28, 2025 4:53:14 PM org.javacs.JavaLanguageServer rename
INFO: rename: 101.5692 document: file:///C:/Users/74993/Desktop/毕设/wll论文/java-language-server2/outputDir/DEF/cd/DEF_560.java
Sep 28, 2025 4:53:14 PM org.javacs.JavaCompilerService compileBatch
INFO: ...using cached compile
Sep 28, 2025 4:53:15 PM org.javacs.JavaLanguageServer rename
INFO: rename: 98.7359 document: file:///C:/Users/74993/Desktop/毕设/wll论文/java-language-server2/outputDir/DEF/cd/DEF_560.java
Sep 28, 2025 4:53:15 PM org.javacs.JavaLanguageServer didOpenTextDocument
INFO: #didOpenTextDocument# try completion {"context":{"includeDeclaration":false},"textDocument":{"uri":"file:///C:/Users/74993/Desktop/%E6%AF%95%E8%AE%BE/wll%E8%AE%BA%E6%96%87/java-language-server2/outputDir/DEF/cd/DEF_560.java"},"position":{"line":2325,"character":26}}
Sep 28, 2025 4:53:15 PM org.javacs.JavaLanguageServer completion
INFO: completion: 8.0278 document: file:///C:/Users/74993/Desktop/毕设/wll论文/java-language-server2/outputDir/DEF/cd/DEF_560.java
Sep 28, 2025 4:53:15 PM org.javacs.JavaLanguageServer completion
INFO: completion: 5.5159 document: file:///C:/Users/74993/Desktop/毕设/wll论文/java-language-server2/outputDir/DEF/cd/DEF_560.java
Sep 28, 2025 4:53:15 PM org.javacs.JavaLanguageServer completion
INFO: completion: 6.0021 document: file:///C:/Users/74993/Desktop/毕设/wll论文/java-language-server2/outputDir/DEF/cd/DEF_560.java
Sep 28, 2025 4:53:15 PM org.javacs.JavaLanguageServer completion
INFO: completion: 6.5004 document: file:///C:/Users/74993/Desktop/毕设/wll论文/java-language-server2/outputDir/DEF/cd/DEF_560.java
Sep 28, 2025 4:53:15 PM org.javacs.JavaLanguageServer completion
INFO: completion: 6.5211 document: file:///C:/Users/74993/Desktop/毕设/wll论文/java-language-server2/outputDir/DEF/cd/DEF_560.java
Sep 28, 2025 4:53:15 PM org.javacs.JavaLanguageServer didOpenTextDocument
INFO: #didOpenTextDocument# try call reference {"context":{"includeDeclaration":false},"textDocument":{"uri":"file:///C:/Users/74993/Desktop/%E6%AF%95%E8%AE%BE/wll%E8%AE%BA%E6%96%87/java-language-server2/outputDir/DEF/ce/DEF_640.java"},"position":{"line":70,"character":32}}
Sep 28, 2025 4:53:15 PM org.javacs.ScanClassPath jdkTopLevelClasses
INFO: Searching for top-level classes in the JDK
Sep 28, 2025 4:53:15 PM org.javacs.ScanClassPath jdkTopLevelClasses
INFO: Found 15005 classes in the java platform
Sep 28, 2025 4:53:15 PM org.javacs.ScanClassPath classPathTopLevelClasses
INFO: Searching for top-level classes in 0 classpath locations
Sep 28, 2025 4:53:15 PM org.javacs.ScanClassPath classPathTopLevelClasses
INFO: Found 0 classes in classpath
Sep 28, 2025 4:53:15 PM org.javacs.ReusableCompiler getTask
WARNING: Options changed from [-classpath, , --add-modules, ALL-MODULE-PATH, -proc:none, -g, -Xlint:cast, -Xlint:deprecation, -Xlint:empty, -Xlint:fallthrough, -Xlint:finally, -Xlint:path, -Xlint:unchecked, -Xlint:varargs, -Xlint:static] to [-classpath, , --add-modules, ALL-MODULE-PATH, -proc:none, -g, -Xlint:cast, -Xlint:deprecation, -Xlint:empty, -Xlint:fallthrough, -Xlint:finally, -Xlint:path, -Xlint:unchecked, -Xlint:varargs, -Xlint:static], creating new compiler
Sep 28, 2025 4:53:15 PM org.javacs.JavaLanguageServer findReferences
INFO: compile component: 31.3172 document: file:///C:/Users/74993/Desktop/毕设/wll论文/java-language-server2/outputDir/DEF/ce/DEF_640.java
Sep 28, 2025 4:53:15 PM org.javacs.JavaLanguageServer findReferences
INFO: locate component: 110.793 document: file:///C:/Users/74993/Desktop/毕设/wll论文/java-language-server2/outputDir/DEF/ce/DEF_640.java
Sep 28, 2025 4:53:15 PM org.javacs.JavaLanguageServer findReferences
INFO: traverse component: 0.0 document: file:///C:/Users/74993/Desktop/毕设/wll论文/java-language-server2/outputDir/DEF/ce/DEF_640.java
Sep 28, 2025 4:53:15 PM org.javacs.JavaLanguageServer findReferences
INFO: NOD: 7461 document: file:///C:/Users/74993/Desktop/毕设/wll论文/java-language-server2/outputDir/DEF/ce/DEF_640.java
Sep 28, 2025 4:53:15 PM org.javacs.JavaLanguageServer findReferences
INFO: DEF: 640 document: file:///C:/Users/74993/Desktop/毕设/wll论文/java-language-server2/outputDir/DEF/ce/DEF_640.java
Sep 28, 2025 4:53:15 PM org.javacs.JavaLanguageServer findReferences
INFO: OCC: 4566 document: file:///C:/Users/74993/Desktop/毕设/wll论文/java-language-server2/outputDir/DEF/ce/DEF_640.java
Sep 28, 2025 4:53:15 PM org.javacs.JavaLanguageServer findReferences
INFO: LOC: 3290 document: file:///C:/Users/74993/Desktop/毕设/wll论文/java-language-server2/outputDir/DEF/ce/DEF_640.java
Sep 28, 2025 4:53:15 PM org.javacs.ScanClassPath jdkTopLevelClasses
INFO: Searching for top-level classes in the JDK
Sep 28, 2025 4:53:15 PM org.javacs.ScanClassPath jdkTopLevelClasses
INFO: Found 15005 classes in the java platform
Sep 28, 2025 4:53:15 PM org.javacs.ScanClassPath classPathTopLevelClasses
INFO: Searching for top-level classes in 0 classpath locations
Sep 28, 2025 4:53:15 PM org.javacs.ScanClassPath classPathTopLevelClasses
INFO: Found 0 classes in classpath
Sep 28, 2025 4:53:15 PM org.javacs.ReusableCompiler getTask
WARNING: Options changed from [-classpath, , --add-modules, ALL-MODULE-PATH, -proc:none, -g, -Xlint:cast, -Xlint:deprecation, -Xlint:empty, -Xlint:fallthrough, -Xlint:finally, -Xlint:path, -Xlint:unchecked, -Xlint:varargs, -Xlint:static] to [-classpath, , --add-modules, ALL-MODULE-PATH, -proc:none, -g, -Xlint:cast, -Xlint:deprecation, -Xlint:empty, -Xlint:fallthrough, -Xlint:finally, -Xlint:path, -Xlint:unchecked, -Xlint:varargs, -Xlint:static], creating new compiler
Sep 28, 2025 4:53:15 PM org.javacs.JavaLanguageServer findReferences
INFO: compile component: 12.2471 document: file:///C:/Users/74993/Desktop/毕设/wll论文/java-language-server2/outputDir/DEF/ce/DEF_640.java
Sep 28, 2025 4:53:15 PM org.javacs.JavaLanguageServer findReferences
INFO: locate component: 106.4023 document: file:///C:/Users/74993/Desktop/毕设/wll论文/java-language-server2/outputDir/DEF/ce/DEF_640.java
Sep 28, 2025 4:53:15 PM org.javacs.JavaLanguageServer findReferences
INFO: traverse component: 0.0 document: file:///C:/Users/74993/Desktop/毕设/wll论文/java-language-server2/outputDir/DEF/ce/DEF_640.java
Sep 28, 2025 4:53:15 PM org.javacs.JavaLanguageServer findReferences
INFO: NOD: 7461 document: file:///C:/Users/74993/Desktop/毕设/wll论文/java-language-server2/outputDir/DEF/ce/DEF_640.java
Sep 28, 2025 4:53:15 PM org.javacs.JavaLanguageServer findReferences
INFO: DEF: 640 document: file:///C:/Users/74993/Desktop/毕设/wll论文/java-language-server2/outputDir/DEF/ce/DEF_640.java
Sep 28, 2025 4:53:15 PM org.javacs.JavaLanguageServer findReferences
INFO: OCC: 4566 document: file:///C:/Users/74993/Desktop/毕设/wll论文/java-language-server2/outputDir/DEF/ce/DEF_640.java
Sep 28, 2025 4:53:15 PM org.javacs.JavaLanguageServer findReferences
INFO: LOC: 3290 document: file:///C:/Users/74993/Desktop/毕设/wll论文/java-language-server2/outputDir/DEF/ce/DEF_640.java
Sep 28, 2025 4:53:15 PM org.javacs.ScanClassPath jdkTopLevelClasses
INFO: Searching for top-level classes in the JDK
Sep 28, 2025 4:53:15 PM org.javacs.ScanClassPath jdkTopLevelClasses
INFO: Found 15005 classes in the java platform
Sep 28, 2025 4:53:15 PM org.javacs.ScanClassPath classPathTopLevelClasses
INFO: Searching for top-level classes in 0 classpath locations
Sep 28, 2025 4:53:15 PM org.javacs.ScanClassPath classPathTopLevelClasses
INFO: Found 0 classes in classpath
Sep 28, 2025 4:53:15 PM org.javacs.ReusableCompiler getTask
WARNING: Options changed from [-classpath, , --add-modules, ALL-MODULE-PATH, -proc:none, -g, -Xlint:cast, -Xlint:deprecation, -Xlint:empty, -Xlint:fallthrough, -Xlint:finally, -Xlint:path, -Xlint:unchecked, -Xlint:varargs, -Xlint:static] to [-classpath, , --add-modules, ALL-MODULE-PATH, -proc:none, -g, -Xlint:cast, -Xlint:deprecation, -Xlint:empty, -Xlint:fallthrough, -Xlint:finally, -Xlint:path, -Xlint:unchecked, -Xlint:varargs, -Xlint:static], creating new compiler
Sep 28, 2025 4:53:16 PM org.javacs.JavaLanguageServer findReferences
INFO: compile component: 10.0122 document: file:///C:/Users/74993/Desktop/毕设/wll论文/java-language-server2/outputDir/DEF/ce/DEF_640.java
Sep 28, 2025 4:53:16 PM org.javacs.JavaLanguageServer findReferences
INFO: locate component: 113.4438 document: file:///C:/Users/74993/Desktop/毕设/wll论文/java-language-server2/outputDir/DEF/ce/DEF_640.java
Sep 28, 2025 4:53:16 PM org.javacs.JavaLanguageServer findReferences
INFO: traverse component: 0.0 document: file:///C:/Users/74993/Desktop/毕设/wll论文/java-language-server2/outputDir/DEF/ce/DEF_640.java
Sep 28, 2025 4:53:16 PM org.javacs.JavaLanguageServer findReferences
INFO: NOD: 7461 document: file:///C:/Users/74993/Desktop/毕设/wll论文/java-language-server2/outputDir/DEF/ce/DEF_640.java
Sep 28, 2025 4:53:16 PM org.javacs.JavaLanguageServer findReferences
INFO: DEF: 640 document: file:///C:/Users/74993/Desktop/毕设/wll论文/java-language-server2/outputDir/DEF/ce/DEF_640.java
Sep 28, 2025 4:53:16 PM org.javacs.JavaLanguageServer findReferences
INFO: OCC: 4566 document: file:///C:/Users/74993/Desktop/毕设/wll论文/java-language-server2/outputDir/DEF/ce/DEF_640.java
Sep 28, 2025 4:53:16 PM org.javacs.JavaLanguageServer findReferences
INFO: LOC: 3290 document: file:///C:/Users/74993/Desktop/毕设/wll论文/java-language-server2/outputDir/DEF/ce/DEF_640.java
Sep 28, 2025 4:53:16 PM org.javacs.ScanClassPath jdkTopLevelClasses
INFO: Searching for top-level classes in the JDK
Sep 28, 2025 4:53:16 PM org.javacs.ScanClassPath jdkTopLevelClasses
INFO: Found 15005 classes in the java platform
Sep 28, 2025 4:53:16 PM org.javacs.ScanClassPath classPathTopLevelClasses
INFO: Searching for top-level classes in 0 classpath locations
Sep 28, 2025 4:53:16 PM org.javacs.ScanClassPath classPathTopLevelClasses
INFO: Found 0 classes in classpath
Sep 28, 2025 4:53:16 PM org.javacs.ReusableCompiler getTask
WARNING: Options changed from [-classpath, , --add-modules, ALL-MODULE-PATH, -proc:none, -g, -Xlint:cast, -Xlint:deprecation, -Xlint:empty, -Xlint:fallthrough, -Xlint:finally, -Xlint:path, -Xlint:unchecked, -Xlint:varargs, -Xlint:static] to [-classpath, , --add-modules, ALL-MODULE-PATH, -proc:none, -g, -Xlint:cast, -Xlint:deprecation, -Xlint:empty, -Xlint:fallthrough, -Xlint:finally, -Xlint:path, -Xlint:unchecked, -Xlint:varargs, -Xlint:static], creating new compiler
Sep 28, 2025 4:53:16 PM org.javacs.JavaLanguageServer findReferences
INFO: compile component: 10.6533 document: file:///C:/Users/74993/Desktop/毕设/wll论文/java-language-server2/outputDir/DEF/ce/DEF_640.java
Sep 28, 2025 4:53:16 PM org.javacs.JavaLanguageServer findReferences
INFO: locate component: 109.0445 document: file:///C:/Users/74993/Desktop/毕设/wll论文/java-language-server2/outputDir/DEF/ce/DEF_640.java
Sep 28, 2025 4:53:16 PM org.javacs.JavaLanguageServer findReferences
INFO: traverse component: 0.0 document: file:///C:/Users/74993/Desktop/毕设/wll论文/java-language-server2/outputDir/DEF/ce/DEF_640.java
Sep 28, 2025 4:53:16 PM org.javacs.JavaLanguageServer findReferences
INFO: NOD: 7461 document: file:///C:/Users/74993/Desktop/毕设/wll论文/java-language-server2/outputDir/DEF/ce/DEF_640.java
Sep 28, 2025 4:53:16 PM org.javacs.JavaLanguageServer findReferences
INFO: DEF: 640 document: file:///C:/Users/74993/Desktop/毕设/wll论文/java-language-server2/outputDir/DEF/ce/DEF_640.java
Sep 28, 2025 4:53:16 PM org.javacs.JavaLanguageServer findReferences
INFO: OCC: 4566 document: file:///C:/Users/74993/Desktop/毕设/wll论文/java-language-server2/outputDir/DEF/ce/DEF_640.java
Sep 28, 2025 4:53:16 PM org.javacs.JavaLanguageServer findReferences
INFO: LOC: 3290 document: file:///C:/Users/74993/Desktop/毕设/wll论文/java-language-server2/outputDir/DEF/ce/DEF_640.java
Sep 28, 2025 4:53:16 PM org.javacs.ScanClassPath jdkTopLevelClasses
INFO: Searching for top-level classes in the JDK
Sep 28, 2025 4:53:16 PM org.javacs.ScanClassPath jdkTopLevelClasses
INFO: Found 15005 classes in the java platform
Sep 28, 2025 4:53:16 PM org.javacs.ScanClassPath classPathTopLevelClasses
INFO: Searching for top-level classes in 0 classpath locations
Sep 28, 2025 4:53:16 PM org.javacs.ScanClassPath classPathTopLevelClasses
INFO: Found 0 classes in classpath
Sep 28, 2025 4:53:16 PM org.javacs.ReusableCompiler getTask
WARNING: Options changed from [-classpath, , --add-modules, ALL-MODULE-PATH, -proc:none, -g, -Xlint:cast, -Xlint:deprecation, -Xlint:empty, -Xlint:fallthrough, -Xlint:finally, -Xlint:path, -Xlint:unchecked, -Xlint:varargs, -Xlint:static] to [-classpath, , --add-modules, ALL-MODULE-PATH, -proc:none, -g, -Xlint:cast, -Xlint:deprecation, -Xlint:empty, -Xlint:fallthrough, -Xlint:finally, -Xlint:path, -Xlint:unchecked, -Xlint:varargs, -Xlint:static], creating new compiler
Sep 28, 2025 4:53:16 PM org.javacs.JavaLanguageServer findReferences
INFO: compile component: 6.5088 document: file:///C:/Users/74993/Desktop/毕设/wll论文/java-language-server2/outputDir/DEF/ce/DEF_640.java
Sep 28, 2025 4:53:16 PM org.javacs.JavaLanguageServer findReferences
INFO: locate component: 105.3945 document: file:///C:/Users/74993/Desktop/毕设/wll论文/java-language-server2/outputDir/DEF/ce/DEF_640.java
Sep 28, 2025 4:53:16 PM org.javacs.JavaLanguageServer findReferences
INFO: traverse component: 0.0 document: file:///C:/Users/74993/Desktop/毕设/wll论文/java-language-server2/outputDir/DEF/ce/DEF_640.java
Sep 28, 2025 4:53:16 PM org.javacs.JavaLanguageServer findReferences
INFO: NOD: 7461 document: file:///C:/Users/74993/Desktop/毕设/wll论文/java-language-server2/outputDir/DEF/ce/DEF_640.java
Sep 28, 2025 4:53:16 PM org.javacs.JavaLanguageServer findReferences
INFO: DEF: 640 document: file:///C:/Users/74993/Desktop/毕设/wll论文/java-language-server2/outputDir/DEF/ce/DEF_640.java
Sep 28, 2025 4:53:16 PM org.javacs.JavaLanguageServer findReferences
INFO: OCC: 4566 document: file:///C:/Users/74993/Desktop/毕设/wll论文/java-language-server2/outputDir/DEF/ce/DEF_640.java
Sep 28, 2025 4:53:16 PM org.javacs.JavaLanguageServer findReferences
INFO: LOC: 3290 document: file:///C:/Users/74993/Desktop/毕设/wll论文/java-language-server2/outputDir/DEF/ce/DEF_640.java
Sep 28, 2025 4:53:16 PM org.javacs.JavaLanguageServer didOpenTextDocument
INFO: #didOpenTextDocument# try call goto {"context":{"includeDeclaration":false},"textDocument":{"uri":"file:///C:/Users/74993/Desktop/%E6%AF%95%E8%AE%BE/wll%E8%AE%BA%E6%96%87/java-language-server2/outputDir/DEF/ce/DEF_640.java"},"position":{"line":70,"character":32}}
Sep 28, 2025 4:53:16 PM org.javacs.JavaCompilerService compileBatch
INFO: ...using cached compile
Sep 28, 2025 4:53:16 PM org.javacs.JavaLanguageServer gotoDefinition
INFO: gotoDefinition: 116.6348 document: file:///C:/Users/74993/Desktop/毕设/wll论文/java-language-server2/outputDir/DEF/ce/DEF_640.java
Sep 28, 2025 4:53:16 PM org.javacs.JavaCompilerService compileBatch
INFO: ...using cached compile
Sep 28, 2025 4:53:16 PM org.javacs.JavaLanguageServer gotoDefinition
INFO: gotoDefinition: 110.8265 document: file:///C:/Users/74993/Desktop/毕设/wll论文/java-language-server2/outputDir/DEF/ce/DEF_640.java
Sep 28, 2025 4:53:16 PM org.javacs.JavaCompilerService compileBatch
INFO: ...using cached compile
Sep 28, 2025 4:53:16 PM org.javacs.JavaLanguageServer gotoDefinition
INFO: gotoDefinition: 118.0185 document: file:///C:/Users/74993/Desktop/毕设/wll论文/java-language-server2/outputDir/DEF/ce/DEF_640.java
Sep 28, 2025 4:53:16 PM org.javacs.JavaCompilerService compileBatch
INFO: ...using cached compile
Sep 28, 2025 4:53:17 PM org.javacs.JavaLanguageServer gotoDefinition
INFO: gotoDefinition: 107.9052 document: file:///C:/Users/74993/Desktop/毕设/wll论文/java-language-server2/outputDir/DEF/ce/DEF_640.java
Sep 28, 2025 4:53:17 PM org.javacs.JavaCompilerService compileBatch
INFO: ...using cached compile
Sep 28, 2025 4:53:17 PM org.javacs.JavaLanguageServer gotoDefinition
INFO: gotoDefinition: 118.1534 document: file:///C:/Users/74993/Desktop/毕设/wll论文/java-language-server2/outputDir/DEF/ce/DEF_640.java
Sep 28, 2025 4:53:17 PM org.javacs.JavaLanguageServer didOpenTextDocument
INFO: #didOpenTextDocument# try call rename {"context":{"includeDeclaration":false},"textDocument":{"uri":"file:///C:/Users/74993/Desktop/%E6%AF%95%E8%AE%BE/wll%E8%AE%BA%E6%96%87/java-language-server2/outputDir/DEF/ce/DEF_640.java"},"position":{"line":70,"character":32}}
Sep 28, 2025 4:53:17 PM org.javacs.JavaCompilerService compileBatch
INFO: ...using cached compile
Sep 28, 2025 4:53:17 PM org.javacs.JavaLanguageServer rename
INFO: rename: 111.5119 document: file:///C:/Users/74993/Desktop/毕设/wll论文/java-language-server2/outputDir/DEF/ce/DEF_640.java
Sep 28, 2025 4:53:17 PM org.javacs.JavaCompilerService compileBatch
INFO: ...using cached compile
Sep 28, 2025 4:53:17 PM org.javacs.JavaLanguageServer rename
INFO: rename: 112.3014 document: file:///C:/Users/74993/Desktop/毕设/wll论文/java-language-server2/outputDir/DEF/ce/DEF_640.java
Sep 28, 2025 4:53:17 PM org.javacs.JavaCompilerService compileBatch
INFO: ...using cached compile
Sep 28, 2025 4:53:17 PM org.javacs.JavaLanguageServer rename
INFO: rename: 125.8336 document: file:///C:/Users/74993/Desktop/毕设/wll论文/java-language-server2/outputDir/DEF/ce/DEF_640.java
Sep 28, 2025 4:53:17 PM org.javacs.JavaCompilerService compileBatch
INFO: ...using cached compile
Sep 28, 2025 4:53:17 PM org.javacs.JavaLanguageServer rename
INFO: rename: 112.637 document: file:///C:/Users/74993/Desktop/毕设/wll论文/java-language-server2/outputDir/DEF/ce/DEF_640.java
Sep 28, 2025 4:53:17 PM org.javacs.JavaCompilerService compileBatch
INFO: ...using cached compile
Sep 28, 2025 4:53:17 PM org.javacs.JavaLanguageServer rename
INFO: rename: 106.2213 document: file:///C:/Users/74993/Desktop/毕设/wll论文/java-language-server2/outputDir/DEF/ce/DEF_640.java
Sep 28, 2025 4:53:17 PM org.javacs.JavaLanguageServer didOpenTextDocument
INFO: #didOpenTextDocument# try completion {"context":{"includeDeclaration":false},"textDocument":{"uri":"file:///C:/Users/74993/Desktop/%E6%AF%95%E8%AE%BE/wll%E8%AE%BA%E6%96%87/java-language-server2/outputDir/DEF/ce/DEF_640.java"},"position":{"line":70,"character":32}}
Sep 28, 2025 4:53:17 PM org.javacs.JavaLanguageServer completion
INFO: completion: 10.5306 document: file:///C:/Users/74993/Desktop/毕设/wll论文/java-language-server2/outputDir/DEF/ce/DEF_640.java
Sep 28, 2025 4:53:17 PM org.javacs.JavaLanguageServer completion
INFO: completion: 8.005 document: file:///C:/Users/74993/Desktop/毕设/wll论文/java-language-server2/outputDir/DEF/ce/DEF_640.java
Sep 28, 2025 4:53:17 PM org.javacs.JavaLanguageServer completion
INFO: completion: 7.8742 document: file:///C:/Users/74993/Desktop/毕设/wll论文/java-language-server2/outputDir/DEF/ce/DEF_640.java
Sep 28, 2025 4:53:17 PM org.javacs.JavaLanguageServer completion
INFO: completion: 8.1533 document: file:///C:/Users/74993/Desktop/毕设/wll论文/java-language-server2/outputDir/DEF/ce/DEF_640.java
Sep 28, 2025 4:53:17 PM org.javacs.JavaLanguageServer completion
INFO: completion: 7.4173 document: file:///C:/Users/74993/Desktop/毕设/wll论文/java-language-server2/outputDir/DEF/ce/DEF_640.java
Sep 28, 2025 4:53:17 PM org.javacs.JavaLanguageServer didOpenTextDocument
INFO: #didOpenTextDocument# try call goto {"context":{"includeDeclaration":false},"textDocument":{"uri":"file:///C:/Users/74993/Desktop/%E6%AF%95%E8%AE%BE/wll%E8%AE%BA%E6%96%87/java-language-server2/outputDir/DEF/ce/DEF_640.java"},"position":{"line":3282,"character":45}}
Sep 28, 2025 4:53:17 PM org.javacs.JavaLanguageServer gotoDefinition
INFO: gotoDefinition: 131.5357 document: file:///C:/Users/74993/Desktop/毕设/wll论文/java-language-server2/outputDir/DEF/ce/DEF_640.java
Sep 28, 2025 4:53:17 PM org.javacs.JavaCompilerService compileBatch
INFO: ...using cached compile
Sep 28, 2025 4:53:18 PM org.javacs.JavaLanguageServer gotoDefinition
INFO: gotoDefinition: 130.8722 document: file:///C:/Users/74993/Desktop/毕设/wll论文/java-language-server2/outputDir/DEF/ce/DEF_640.java
Sep 28, 2025 4:53:18 PM org.javacs.JavaCompilerService compileBatch
INFO: ...using cached compile
Sep 28, 2025 4:53:18 PM org.javacs.JavaLanguageServer gotoDefinition
INFO: gotoDefinition: 126.0147 document: file:///C:/Users/74993/Desktop/毕设/wll论文/java-language-server2/outputDir/DEF/ce/DEF_640.java
Sep 28, 2025 4:53:18 PM org.javacs.JavaCompilerService compileBatch
INFO: ...using cached compile
Sep 28, 2025 4:53:18 PM org.javacs.JavaLanguageServer gotoDefinition
INFO: gotoDefinition: 114.551 document: file:///C:/Users/74993/Desktop/毕设/wll论文/java-language-server2/outputDir/DEF/ce/DEF_640.java
Sep 28, 2025 4:53:18 PM org.javacs.JavaCompilerService compileBatch
INFO: ...using cached compile
Sep 28, 2025 4:53:18 PM org.javacs.JavaLanguageServer gotoDefinition
INFO: gotoDefinition: 118.3387 document: file:///C:/Users/74993/Desktop/毕设/wll论文/java-language-server2/outputDir/DEF/ce/DEF_640.java
Sep 28, 2025 4:53:18 PM org.javacs.JavaLanguageServer didOpenTextDocument
INFO: #didOpenTextDocument# try call rename {"context":{"includeDeclaration":false},"textDocument":{"uri":"file:///C:/Users/74993/Desktop/%E6%AF%95%E8%AE%BE/wll%E8%AE%BA%E6%96%87/java-language-server2/outputDir/DEF/ce/DEF_640.java"},"position":{"line":3282,"character":45}}
Sep 28, 2025 4:53:18 PM org.javacs.JavaCompilerService compileBatch
INFO: ...using cached compile
Sep 28, 2025 4:53:18 PM org.javacs.JavaLanguageServer rename
INFO: rename: 107.4959 document: file:///C:/Users/74993/Desktop/毕设/wll论文/java-language-server2/outputDir/DEF/ce/DEF_640.java
Sep 28, 2025 4:53:18 PM org.javacs.JavaCompilerService compileBatch
INFO: ...using cached compile
Sep 28, 2025 4:53:18 PM org.javacs.JavaLanguageServer rename
INFO: rename: 112.8482 document: file:///C:/Users/74993/Desktop/毕设/wll论文/java-language-server2/outputDir/DEF/ce/DEF_640.java
Sep 28, 2025 4:53:18 PM org.javacs.JavaCompilerService compileBatch
INFO: ...using cached compile
Sep 28, 2025 4:53:18 PM org.javacs.JavaLanguageServer rename
INFO: rename: 106.2672 document: file:///C:/Users/74993/Desktop/毕设/wll论文/java-language-server2/outputDir/DEF/ce/DEF_640.java
Sep 28, 2025 4:53:18 PM org.javacs.JavaCompilerService compileBatch
INFO: ...using cached compile
Sep 28, 2025 4:53:18 PM org.javacs.JavaLanguageServer rename
INFO: rename: 108.7034 document: file:///C:/Users/74993/Desktop/毕设/wll论文/java-language-server2/outputDir/DEF/ce/DEF_640.java
Sep 28, 2025 4:53:18 PM org.javacs.JavaCompilerService compileBatch
INFO: ...using cached compile
Sep 28, 2025 4:53:18 PM org.javacs.JavaLanguageServer rename
INFO: rename: 112.7882 document: file:///C:/Users/74993/Desktop/毕设/wll论文/java-language-server2/outputDir/DEF/ce/DEF_640.java
Sep 28, 2025 4:53:18 PM org.javacs.JavaLanguageServer didOpenTextDocument
INFO: #didOpenTextDocument# try completion {"context":{"includeDeclaration":false},"textDocument":{"uri":"file:///C:/Users/74993/Desktop/%E6%AF%95%E8%AE%BE/wll%E8%AE%BA%E6%96%87/java-language-server2/outputDir/DEF/ce/DEF_640.java"},"position":{"line":3282,"character":45}}
Sep 28, 2025 4:53:18 PM org.javacs.JavaLanguageServer completion
INFO: completion: 10.1365 document: file:///C:/Users/74993/Desktop/毕设/wll论文/java-language-server2/outputDir/DEF/ce/DEF_640.java
Sep 28, 2025 4:53:19 PM org.javacs.JavaLanguageServer completion
INFO: completion: 8.0164 document: file:///C:/Users/74993/Desktop/毕设/wll论文/java-language-server2/outputDir/DEF/ce/DEF_640.java
Sep 28, 2025 4:53:19 PM org.javacs.JavaLanguageServer completion
INFO: completion: 9.1459 document: file:///C:/Users/74993/Desktop/毕设/wll论文/java-language-server2/outputDir/DEF/ce/DEF_640.java
Sep 28, 2025 4:53:19 PM org.javacs.JavaLanguageServer completion
INFO: completion: 6.6797 document: file:///C:/Users/74993/Desktop/毕设/wll论文/java-language-server2/outputDir/DEF/ce/DEF_640.java
Sep 28, 2025 4:53:19 PM org.javacs.JavaLanguageServer completion
INFO: completion: 6.2635 document: file:///C:/Users/74993/Desktop/毕设/wll论文/java-language-server2/outputDir/DEF/ce/DEF_640.java
Sep 28, 2025 4:53:19 PM org.javacs.JavaLanguageServer didOpenTextDocument
INFO: #didOpenTextDocument# try call reference {"context":{"includeDeclaration":false},"textDocument":{"uri":"file:///C:/Users/74993/Desktop/%E6%AF%95%E8%AE%BE/wll%E8%AE%BA%E6%96%87/java-language-server2/outputDir/DEF/cf/DEF_720.java"},"position":{"line":70,"character":32}}
Sep 28, 2025 4:53:19 PM org.javacs.ScanClassPath jdkTopLevelClasses
INFO: Searching for top-level classes in the JDK
Sep 28, 2025 4:53:19 PM org.javacs.ScanClassPath jdkTopLevelClasses
INFO: Found 15005 classes in the java platform
Sep 28, 2025 4:53:19 PM org.javacs.ScanClassPath classPathTopLevelClasses
INFO: Searching for top-level classes in 0 classpath locations
Sep 28, 2025 4:53:19 PM org.javacs.ScanClassPath classPathTopLevelClasses
INFO: Found 0 classes in classpath
Sep 28, 2025 4:53:19 PM org.javacs.ReusableCompiler getTask
WARNING: Options changed from [-classpath, , --add-modules, ALL-MODULE-PATH, -proc:none, -g, -Xlint:cast, -Xlint:deprecation, -Xlint:empty, -Xlint:fallthrough, -Xlint:finally, -Xlint:path, -Xlint:unchecked, -Xlint:varargs, -Xlint:static] to [-classpath, , --add-modules, ALL-MODULE-PATH, -proc:none, -g, -Xlint:cast, -Xlint:deprecation, -Xlint:empty, -Xlint:fallthrough, -Xlint:finally, -Xlint:path, -Xlint:unchecked, -Xlint:varargs, -Xlint:static], creating new compiler
Sep 28, 2025 4:53:19 PM org.javacs.JavaLanguageServer findReferences
INFO: compile component: 17.5113 document: file:///C:/Users/74993/Desktop/毕设/wll论文/java-language-server2/outputDir/DEF/cf/DEF_720.java
Sep 28, 2025 4:53:19 PM org.javacs.JavaLanguageServer findReferences
INFO: locate component: 120.6854 document: file:///C:/Users/74993/Desktop/毕设/wll论文/java-language-server2/outputDir/DEF/cf/DEF_720.java
Sep 28, 2025 4:53:19 PM org.javacs.JavaLanguageServer findReferences
INFO: traverse component: 0.0 document: file:///C:/Users/74993/Desktop/毕设/wll论文/java-language-server2/outputDir/DEF/cf/DEF_720.java
Sep 28, 2025 4:53:19 PM org.javacs.JavaLanguageServer findReferences
INFO: NOD: 8691 document: file:///C:/Users/74993/Desktop/毕设/wll论文/java-language-server2/outputDir/DEF/cf/DEF_720.java
Sep 28, 2025 4:53:19 PM org.javacs.JavaLanguageServer findReferences
INFO: DEF: 720 document: file:///C:/Users/74993/Desktop/毕设/wll论文/java-language-server2/outputDir/DEF/cf/DEF_720.java
Sep 28, 2025 4:53:19 PM org.javacs.JavaLanguageServer findReferences
INFO: OCC: 5267 document: file:///C:/Users/74993/Desktop/毕设/wll论文/java-language-server2/outputDir/DEF/cf/DEF_720.java
Sep 28, 2025 4:53:19 PM org.javacs.JavaLanguageServer findReferences
INFO: LOC: 3850 document: file:///C:/Users/74993/Desktop/毕设/wll论文/java-language-server2/outputDir/DEF/cf/DEF_720.java
Sep 28, 2025 4:53:19 PM org.javacs.ScanClassPath jdkTopLevelClasses
INFO: Searching for top-level classes in the JDK
Sep 28, 2025 4:53:19 PM org.javacs.ScanClassPath jdkTopLevelClasses
INFO: Found 15005 classes in the java platform
Sep 28, 2025 4:53:19 PM org.javacs.ScanClassPath classPathTopLevelClasses
INFO: Searching for top-level classes in 0 classpath locations
Sep 28, 2025 4:53:19 PM org.javacs.ScanClassPath classPathTopLevelClasses
INFO: Found 0 classes in classpath
Sep 28, 2025 4:53:19 PM org.javacs.ReusableCompiler getTask
WARNING: Options changed from [-classpath, , --add-modules, ALL-MODULE-PATH, -proc:none, -g, -Xlint:cast, -Xlint:deprecation, -Xlint:empty, -Xlint:fallthrough, -Xlint:finally, -Xlint:path, -Xlint:unchecked, -Xlint:varargs, -Xlint:static] to [-classpath, , --add-modules, ALL-MODULE-PATH, -proc:none, -g, -Xlint:cast, -Xlint:deprecation, -Xlint:empty, -Xlint:fallthrough, -Xlint:finally, -Xlint:path, -Xlint:unchecked, -Xlint:varargs, -Xlint:static], creating new compiler
Sep 28, 2025 4:53:19 PM org.javacs.JavaLanguageServer findReferences
INFO: compile component: 7.1051 document: file:///C:/Users/74993/Desktop/毕设/wll论文/java-language-server2/outputDir/DEF/cf/DEF_720.java
Sep 28, 2025 4:53:19 PM org.javacs.JavaLanguageServer findReferences
INFO: locate component: 132.9276 document: file:///C:/Users/74993/Desktop/毕设/wll论文/java-language-server2/outputDir/DEF/cf/DEF_720.java
Sep 28, 2025 4:53:19 PM org.javacs.JavaLanguageServer findReferences
INFO: traverse component: 0.0 document: file:///C:/Users/74993/Desktop/毕设/wll论文/java-language-server2/outputDir/DEF/cf/DEF_720.java
Sep 28, 2025 4:53:19 PM org.javacs.JavaLanguageServer findReferences
INFO: NOD: 8691 document: file:///C:/Users/74993/Desktop/毕设/wll论文/java-language-server2/outputDir/DEF/cf/DEF_720.java
Sep 28, 2025 4:53:19 PM org.javacs.JavaLanguageServer findReferences
INFO: DEF: 720 document: file:///C:/Users/74993/Desktop/毕设/wll论文/java-language-server2/outputDir/DEF/cf/DEF_720.java
Sep 28, 2025 4:53:19 PM org.javacs.JavaLanguageServer findReferences
INFO: OCC: 5267 document: file:///C:/Users/74993/Desktop/毕设/wll论文/java-language-server2/outputDir/DEF/cf/DEF_720.java
Sep 28, 2025 4:53:19 PM org.javacs.JavaLanguageServer findReferences
INFO: LOC: 3850 document: file:///C:/Users/74993/Desktop/毕设/wll论文/java-language-server2/outputDir/DEF/cf/DEF_720.java
Sep 28, 2025 4:53:19 PM org.javacs.ScanClassPath jdkTopLevelClasses
INFO: Searching for top-level classes in the JDK
Sep 28, 2025 4:53:19 PM org.javacs.ScanClassPath jdkTopLevelClasses
INFO: Found 15005 classes in the java platform
Sep 28, 2025 4:53:19 PM org.javacs.ScanClassPath classPathTopLevelClasses
INFO: Searching for top-level classes in 0 classpath locations
Sep 28, 2025 4:53:19 PM org.javacs.ScanClassPath classPathTopLevelClasses
INFO: Found 0 classes in classpath
Sep 28, 2025 4:53:19 PM org.javacs.ReusableCompiler getTask
WARNING: Options changed from [-classpath, , --add-modules, ALL-MODULE-PATH, -proc:none, -g, -Xlint:cast, -Xlint:deprecation, -Xlint:empty, -Xlint:fallthrough, -Xlint:finally, -Xlint:path, -Xlint:unchecked, -Xlint:varargs, -Xlint:static] to [-classpath, , --add-modules, ALL-MODULE-PATH, -proc:none, -g, -Xlint:cast, -Xlint:deprecation, -Xlint:empty, -Xlint:fallthrough, -Xlint:finally, -Xlint:path, -Xlint:unchecked, -Xlint:varargs, -Xlint:static], creating new compiler
Sep 28, 2025 4:53:19 PM org.javacs.JavaLanguageServer findReferences
INFO: compile component: 8.5264 document: file:///C:/Users/74993/Desktop/毕设/wll论文/java-language-server2/outputDir/DEF/cf/DEF_720.java
Sep 28, 2025 4:53:19 PM org.javacs.JavaLanguageServer findReferences
INFO: locate component: 125.6113 document: file:///C:/Users/74993/Desktop/毕设/wll论文/java-language-server2/outputDir/DEF/cf/DEF_720.java
Sep 28, 2025 4:53:19 PM org.javacs.JavaLanguageServer findReferences
INFO: traverse component: 0.0 document: file:///C:/Users/74993/Desktop/毕设/wll论文/java-language-server2/outputDir/DEF/cf/DEF_720.java
Sep 28, 2025 4:53:19 PM org.javacs.JavaLanguageServer findReferences
INFO: NOD: 8691 document: file:///C:/Users/74993/Desktop/毕设/wll论文/java-language-server2/outputDir/DEF/cf/DEF_720.java
Sep 28, 2025 4:53:19 PM org.javacs.JavaLanguageServer findReferences
INFO: DEF: 720 document: file:///C:/Users/74993/Desktop/毕设/wll论文/java-language-server2/outputDir/DEF/cf/DEF_720.java
Sep 28, 2025 4:53:19 PM org.javacs.JavaLanguageServer findReferences
INFO: OCC: 5267 document: file:///C:/Users/74993/Desktop/毕设/wll论文/java-language-server2/outputDir/DEF/cf/DEF_720.java
Sep 28, 2025 4:53:19 PM org.javacs.JavaLanguageServer findReferences
INFO: LOC: 3850 document: file:///C:/Users/74993/Desktop/毕设/wll论文/java-language-server2/outputDir/DEF/cf/DEF_720.java
Sep 28, 2025 4:53:19 PM org.javacs.ScanClassPath jdkTopLevelClasses
INFO: Searching for top-level classes in the JDK
Sep 28, 2025 4:53:19 PM org.javacs.ScanClassPath jdkTopLevelClasses
INFO: Found 15005 classes in the java platform
Sep 28, 2025 4:53:19 PM org.javacs.ScanClassPath classPathTopLevelClasses
INFO: Searching for top-level classes in 0 classpath locations
Sep 28, 2025 4:53:19 PM org.javacs.ScanClassPath classPathTopLevelClasses
INFO: Found 0 classes in classpath
Sep 28, 2025 4:53:19 PM org.javacs.ReusableCompiler getTask
WARNING: Options changed from [-classpath, , --add-modules, ALL-MODULE-PATH, -proc:none, -g, -Xlint:cast, -Xlint:deprecation, -Xlint:empty, -Xlint:fallthrough, -Xlint:finally, -Xlint:path, -Xlint:unchecked, -Xlint:varargs, -Xlint:static] to [-classpath, , --add-modules, ALL-MODULE-PATH, -proc:none, -g, -Xlint:cast, -Xlint:deprecation, -Xlint:empty, -Xlint:fallthrough, -Xlint:finally, -Xlint:path, -Xlint:unchecked, -Xlint:varargs, -Xlint:static], creating new compiler
Sep 28, 2025 4:53:19 PM org.javacs.JavaLanguageServer findReferences
INFO: compile component: 7.0044 document: file:///C:/Users/74993/Desktop/毕设/wll论文/java-language-server2/outputDir/DEF/cf/DEF_720.java
Sep 28, 2025 4:53:20 PM org.javacs.JavaLanguageServer findReferences
INFO: locate component: 123.4543 document: file:///C:/Users/74993/Desktop/毕设/wll论文/java-language-server2/outputDir/DEF/cf/DEF_720.java
Sep 28, 2025 4:53:20 PM org.javacs.JavaLanguageServer findReferences
INFO: traverse component: 0.0 document: file:///C:/Users/74993/Desktop/毕设/wll论文/java-language-server2/outputDir/DEF/cf/DEF_720.java
Sep 28, 2025 4:53:20 PM org.javacs.JavaLanguageServer findReferences
INFO: NOD: 8691 document: file:///C:/Users/74993/Desktop/毕设/wll论文/java-language-server2/outputDir/DEF/cf/DEF_720.java
Sep 28, 2025 4:53:20 PM org.javacs.JavaLanguageServer findReferences
INFO: DEF: 720 document: file:///C:/Users/74993/Desktop/毕设/wll论文/java-language-server2/outputDir/DEF/cf/DEF_720.java
Sep 28, 2025 4:53:20 PM org.javacs.JavaLanguageServer findReferences
INFO: OCC: 5267 document: file:///C:/Users/74993/Desktop/毕设/wll论文/java-language-server2/outputDir/DEF/cf/DEF_720.java
Sep 28, 2025 4:53:20 PM org.javacs.JavaLanguageServer findReferences
INFO: LOC: 3850 document: file:///C:/Users/74993/Desktop/毕设/wll论文/java-language-server2/outputDir/DEF/cf/DEF_720.java
Sep 28, 2025 4:53:20 PM org.javacs.ScanClassPath jdkTopLevelClasses
INFO: Searching for top-level classes in the JDK
Sep 28, 2025 4:53:20 PM org.javacs.ScanClassPath jdkTopLevelClasses
INFO: Found 15005 classes in the java platform
Sep 28, 2025 4:53:20 PM org.javacs.ScanClassPath classPathTopLevelClasses
INFO: Searching for top-level classes in 0 classpath locations
Sep 28, 2025 4:53:20 PM org.javacs.ScanClassPath classPathTopLevelClasses
INFO: Found 0 classes in classpath
Sep 28, 2025 4:53:20 PM org.javacs.ReusableCompiler getTask
WARNING: Options changed from [-classpath, , --add-modules, ALL-MODULE-PATH, -proc:none, -g, -Xlint:cast, -Xlint:deprecation, -Xlint:empty, -Xlint:fallthrough, -Xlint:finally, -Xlint:path, -Xlint:unchecked, -Xlint:varargs, -Xlint:static] to [-classpath, , --add-modules, ALL-MODULE-PATH, -proc:none, -g, -Xlint:cast, -Xlint:deprecation, -Xlint:empty, -Xlint:fallthrough, -Xlint:finally, -Xlint:path, -Xlint:unchecked, -Xlint:varargs, -Xlint:static], creating new compiler
Sep 28, 2025 4:53:20 PM org.javacs.JavaLanguageServer findReferences
INFO: compile component: 7.0076 document: file:///C:/Users/74993/Desktop/毕设/wll论文/java-language-server2/outputDir/DEF/cf/DEF_720.java
Sep 28, 2025 4:53:20 PM org.javacs.JavaLanguageServer findReferences
INFO: locate component: 122.679 document: file:///C:/Users/74993/Desktop/毕设/wll论文/java-language-server2/outputDir/DEF/cf/DEF_720.java
Sep 28, 2025 4:53:20 PM org.javacs.JavaLanguageServer findReferences
INFO: traverse component: 0.0 document: file:///C:/Users/74993/Desktop/毕设/wll论文/java-language-server2/outputDir/DEF/cf/DEF_720.java
Sep 28, 2025 4:53:20 PM org.javacs.JavaLanguageServer findReferences
INFO: NOD: 8691 document: file:///C:/Users/74993/Desktop/毕设/wll论文/java-language-server2/outputDir/DEF/cf/DEF_720.java
Sep 28, 2025 4:53:20 PM org.javacs.JavaLanguageServer findReferences
INFO: DEF: 720 document: file:///C:/Users/74993/Desktop/毕设/wll论文/java-language-server2/outputDir/DEF/cf/DEF_720.java
Sep 28, 2025 4:53:20 PM org.javacs.JavaLanguageServer findReferences
INFO: OCC: 5267 document: file:///C:/Users/74993/Desktop/毕设/wll论文/java-language-server2/outputDir/DEF/cf/DEF_720.java
Sep 28, 2025 4:53:20 PM org.javacs.JavaLanguageServer findReferences
INFO: LOC: 3850 document: file:///C:/Users/74993/Desktop/毕设/wll论文/java-language-server2/outputDir/DEF/cf/DEF_720.java
Sep 28, 2025 4:53:20 PM org.javacs.JavaLanguageServer didOpenTextDocument
INFO: #didOpenTextDocument# try call goto {"context":{"includeDeclaration":false},"textDocument":{"uri":"file:///C:/Users/74993/Desktop/%E6%AF%95%E8%AE%BE/wll%E8%AE%BA%E6%96%87/java-language-server2/outputDir/DEF/cf/DEF_720.java"},"position":{"line":70,"character":32}}
Sep 28, 2025 4:53:20 PM org.javacs.JavaCompilerService compileBatch
INFO: ...using cached compile
Sep 28, 2025 4:53:20 PM org.javacs.JavaLanguageServer gotoDefinition
INFO: gotoDefinition: 130.4306 document: file:///C:/Users/74993/Desktop/毕设/wll论文/java-language-server2/outputDir/DEF/cf/DEF_720.java
Sep 28, 2025 4:53:20 PM org.javacs.JavaCompilerService compileBatch
INFO: ...using cached compile
Sep 28, 2025 4:53:20 PM org.javacs.JavaLanguageServer gotoDefinition
INFO: gotoDefinition: 128.3934 document: file:///C:/Users/74993/Desktop/毕设/wll论文/java-language-server2/outputDir/DEF/cf/DEF_720.java
Sep 28, 2025 4:53:20 PM org.javacs.JavaCompilerService compileBatch
INFO: ...using cached compile
Sep 28, 2025 4:53:20 PM org.javacs.JavaLanguageServer gotoDefinition
INFO: gotoDefinition: 124.9304 document: file:///C:/Users/74993/Desktop/毕设/wll论文/java-language-server2/outputDir/DEF/cf/DEF_720.java
Sep 28, 2025 4:53:20 PM org.javacs.JavaCompilerService compileBatch
INFO: ...using cached compile
Sep 28, 2025 4:53:20 PM org.javacs.JavaLanguageServer gotoDefinition
INFO: gotoDefinition: 124.9132 document: file:///C:/Users/74993/Desktop/毕设/wll论文/java-language-server2/outputDir/DEF/cf/DEF_720.java
Sep 28, 2025 4:53:20 PM org.javacs.JavaCompilerService compileBatch
INFO: ...using cached compile
Sep 28, 2025 4:53:21 PM org.javacs.JavaLanguageServer gotoDefinition
INFO: gotoDefinition: 128.9732 document: file:///C:/Users/74993/Desktop/毕设/wll论文/java-language-server2/outputDir/DEF/cf/DEF_720.java
Sep 28, 2025 4:53:21 PM org.javacs.JavaLanguageServer didOpenTextDocument
INFO: #didOpenTextDocument# try call rename {"context":{"includeDeclaration":false},"textDocument":{"uri":"file:///C:/Users/74993/Desktop/%E6%AF%95%E8%AE%BE/wll%E8%AE%BA%E6%96%87/java-language-server2/outputDir/DEF/cf/DEF_720.java"},"position":{"line":70,"character":32}}
Sep 28, 2025 4:53:21 PM org.javacs.JavaCompilerService compileBatch
INFO: ...using cached compile
Sep 28, 2025 4:53:21 PM org.javacs.JavaLanguageServer rename
INFO: rename: 121.2057 document: file:///C:/Users/74993/Desktop/毕设/wll论文/java-language-server2/outputDir/DEF/cf/DEF_720.java
Sep 28, 2025 4:53:21 PM org.javacs.JavaCompilerService compileBatch
INFO: ...using cached compile
Sep 28, 2025 4:53:21 PM org.javacs.JavaLanguageServer rename
INFO: rename: 122.2234 document: file:///C:/Users/74993/Desktop/毕设/wll论文/java-language-server2/outputDir/DEF/cf/DEF_720.java
Sep 28, 2025 4:53:21 PM org.javacs.JavaCompilerService compileBatch
INFO: ...using cached compile
Sep 28, 2025 4:53:21 PM org.javacs.JavaLanguageServer rename
INFO: rename: 121.6553 document: file:///C:/Users/74993/Desktop/毕设/wll论文/java-language-server2/outputDir/DEF/cf/DEF_720.java
Sep 28, 2025 4:53:21 PM org.javacs.JavaCompilerService compileBatch
INFO: ...using cached compile
Sep 28, 2025 4:53:21 PM org.javacs.JavaLanguageServer rename
INFO: rename: 128.755 document: file:///C:/Users/74993/Desktop/毕设/wll论文/java-language-server2/outputDir/DEF/cf/DEF_720.java
Sep 28, 2025 4:53:21 PM org.javacs.JavaCompilerService compileBatch
INFO: ...using cached compile
Sep 28, 2025 4:53:21 PM org.javacs.JavaLanguageServer rename
INFO: rename: 129.5656 document: file:///C:/Users/74993/Desktop/毕设/wll论文/java-language-server2/outputDir/DEF/cf/DEF_720.java
Sep 28, 2025 4:53:21 PM org.javacs.JavaLanguageServer didOpenTextDocument
INFO: #didOpenTextDocument# try completion {"context":{"includeDeclaration":false},"textDocument":{"uri":"file:///C:/Users/74993/Desktop/%E6%AF%95%E8%AE%BE/wll%E8%AE%BA%E6%96%87/java-language-server2/outputDir/DEF/cf/DEF_720.java"},"position":{"line":70,"character":32}}
Sep 28, 2025 4:53:21 PM org.javacs.JavaLanguageServer completion
INFO: completion: 9.5351 document: file:///C:/Users/74993/Desktop/毕设/wll论文/java-language-server2/outputDir/DEF/cf/DEF_720.java
Sep 28, 2025 4:53:21 PM org.javacs.JavaLanguageServer completion
INFO: completion: 8.0896 document: file:///C:/Users/74993/Desktop/毕设/wll论文/java-language-server2/outputDir/DEF/cf/DEF_720.java
Sep 28, 2025 4:53:21 PM org.javacs.JavaLanguageServer completion
INFO: completion: 7.5242 document: file:///C:/Users/74993/Desktop/毕设/wll论文/java-language-server2/outputDir/DEF/cf/DEF_720.java
Sep 28, 2025 4:53:21 PM org.javacs.JavaLanguageServer completion
INFO: completion: 9.575 document: file:///C:/Users/74993/Desktop/毕设/wll论文/java-language-server2/outputDir/DEF/cf/DEF_720.java
Sep 28, 2025 4:53:21 PM org.javacs.JavaLanguageServer completion
INFO: completion: 9.2003 document: file:///C:/Users/74993/Desktop/毕设/wll论文/java-language-server2/outputDir/DEF/cf/DEF_720.java
Sep 28, 2025 4:53:21 PM org.javacs.JavaLanguageServer didOpenTextDocument
INFO: #didOpenTextDocument# try call goto {"context":{"includeDeclaration":false},"textDocument":{"uri":"file:///C:/Users/74993/Desktop/%E6%AF%95%E8%AE%BE/wll%E8%AE%BA%E6%96%87/java-language-server2/outputDir/DEF/cf/DEF_720.java"},"position":{"line":3848,"character":53}}
Sep 28, 2025 4:53:21 PM org.javacs.JavaLanguageServer gotoDefinition
INFO: gotoDefinition: 163.2338 document: file:///C:/Users/74993/Desktop/毕设/wll论文/java-language-server2/outputDir/DEF/cf/DEF_720.java
Sep 28, 2025 4:53:21 PM org.javacs.JavaCompilerService compileBatch
INFO: ...using cached compile
Sep 28, 2025 4:53:21 PM org.javacs.JavaLanguageServer gotoDefinition
INFO: gotoDefinition: 134.6754 document: file:///C:/Users/74993/Desktop/毕设/wll论文/java-language-server2/outputDir/DEF/cf/DEF_720.java
Sep 28, 2025 4:53:21 PM org.javacs.JavaCompilerService compileBatch
INFO: ...using cached compile
Sep 28, 2025 4:53:22 PM org.javacs.JavaLanguageServer gotoDefinition
INFO: gotoDefinition: 121.0415 document: file:///C:/Users/74993/Desktop/毕设/wll论文/java-language-server2/outputDir/DEF/cf/DEF_720.java
Sep 28, 2025 4:53:22 PM org.javacs.JavaCompilerService compileBatch
INFO: ...using cached compile
Sep 28, 2025 4:53:22 PM org.javacs.JavaLanguageServer gotoDefinition
INFO: gotoDefinition: 122.1339 document: file:///C:/Users/74993/Desktop/毕设/wll论文/java-language-server2/outputDir/DEF/cf/DEF_720.java
Sep 28, 2025 4:53:22 PM org.javacs.JavaCompilerService compileBatch
INFO: ...using cached compile
Sep 28, 2025 4:53:22 PM org.javacs.JavaLanguageServer gotoDefinition
INFO: gotoDefinition: 122.803 document: file:///C:/Users/74993/Desktop/毕设/wll论文/java-language-server2/outputDir/DEF/cf/DEF_720.java
Sep 28, 2025 4:53:22 PM org.javacs.JavaLanguageServer didOpenTextDocument
INFO: #didOpenTextDocument# try call rename {"context":{"includeDeclaration":false},"textDocument":{"uri":"file:///C:/Users/74993/Desktop/%E6%AF%95%E8%AE%BE/wll%E8%AE%BA%E6%96%87/java-language-server2/outputDir/DEF/cf/DEF_720.java"},"position":{"line":3848,"character":53}}
Sep 28, 2025 4:53:22 PM org.javacs.JavaCompilerService compileBatch
INFO: ...using cached compile
Sep 28, 2025 4:53:22 PM org.javacs.JavaLanguageServer rename
INFO: rename: 124.2512 document: file:///C:/Users/74993/Desktop/毕设/wll论文/java-language-server2/outputDir/DEF/cf/DEF_720.java
Sep 28, 2025 4:53:22 PM org.javacs.JavaCompilerService compileBatch
INFO: ...using cached compile
Sep 28, 2025 4:53:22 PM org.javacs.JavaLanguageServer rename
INFO: rename: 122.7995 document: file:///C:/Users/74993/Desktop/毕设/wll论文/java-language-server2/outputDir/DEF/cf/DEF_720.java
Sep 28, 2025 4:53:22 PM org.javacs.JavaCompilerService compileBatch
INFO: ...using cached compile
Sep 28, 2025 4:53:22 PM org.javacs.JavaLanguageServer rename
INFO: rename: 125.9321 document: file:///C:/Users/74993/Desktop/毕设/wll论文/java-language-server2/outputDir/DEF/cf/DEF_720.java
Sep 28, 2025 4:53:22 PM org.javacs.JavaCompilerService compileBatch
INFO: ...using cached compile
Sep 28, 2025 4:53:22 PM org.javacs.JavaLanguageServer rename
INFO: rename: 124.2424 document: file:///C:/Users/74993/Desktop/毕设/wll论文/java-language-server2/outputDir/DEF/cf/DEF_720.java
Sep 28, 2025 4:53:22 PM org.javacs.JavaCompilerService compileBatch
INFO: ...using cached compile
Sep 28, 2025 4:53:22 PM org.javacs.JavaLanguageServer rename
INFO: rename: 121.915 document: file:///C:/Users/74993/Desktop/毕设/wll论文/java-language-server2/outputDir/DEF/cf/DEF_720.java
Sep 28, 2025 4:53:22 PM org.javacs.JavaLanguageServer didOpenTextDocument
INFO: #didOpenTextDocument# try completion {"context":{"includeDeclaration":false},"textDocument":{"uri":"file:///C:/Users/74993/Desktop/%E6%AF%95%E8%AE%BE/wll%E8%AE%BA%E6%96%87/java-language-server2/outputDir/DEF/cf/DEF_720.java"},"position":{"line":3848,"character":53}}
Sep 28, 2025 4:53:22 PM org.javacs.JavaLanguageServer completion
INFO: completion: 8.0432 document: file:///C:/Users/74993/Desktop/毕设/wll论文/java-language-server2/outputDir/DEF/cf/DEF_720.java
Sep 28, 2025 4:53:22 PM org.javacs.JavaLanguageServer completion
INFO: completion: 8.7289 document: file:///C:/Users/74993/Desktop/毕设/wll论文/java-language-server2/outputDir/DEF/cf/DEF_720.java
Sep 28, 2025 4:53:22 PM org.javacs.JavaLanguageServer completion
INFO: completion: 7.0118 document: file:///C:/Users/74993/Desktop/毕设/wll论文/java-language-server2/outputDir/DEF/cf/DEF_720.java
Sep 28, 2025 4:53:23 PM org.javacs.JavaLanguageServer completion
INFO: completion: 7.188 document: file:///C:/Users/74993/Desktop/毕设/wll论文/java-language-server2/outputDir/DEF/cf/DEF_720.java
Sep 28, 2025 4:53:23 PM org.javacs.JavaLanguageServer completion
INFO: completion: 7.4041 document: file:///C:/Users/74993/Desktop/毕设/wll论文/java-language-server2/outputDir/DEF/cf/DEF_720.java
Sep 28, 2025 4:53:23 PM org.javacs.JavaLanguageServer didOpenTextDocument
INFO: #didOpenTextDocument# try call reference {"context":{"includeDeclaration":false},"textDocument":{"uri":"file:///C:/Users/74993/Desktop/%E6%AF%95%E8%AE%BE/wll%E8%AE%BA%E6%96%87/java-language-server2/outputDir/DEF/cg/DEF_800.java"},"position":{"line":70,"character":32}}
Sep 28, 2025 4:53:23 PM org.javacs.ScanClassPath jdkTopLevelClasses
INFO: Searching for top-level classes in the JDK
Sep 28, 2025 4:53:23 PM org.javacs.ScanClassPath jdkTopLevelClasses
INFO: Found 15005 classes in the java platform
Sep 28, 2025 4:53:23 PM org.javacs.ScanClassPath classPathTopLevelClasses
INFO: Searching for top-level classes in 0 classpath locations
Sep 28, 2025 4:53:23 PM org.javacs.ScanClassPath classPathTopLevelClasses
INFO: Found 0 classes in classpath
Sep 28, 2025 4:53:23 PM org.javacs.ReusableCompiler getTask
WARNING: Options changed from [-classpath, , --add-modules, ALL-MODULE-PATH, -proc:none, -g, -Xlint:cast, -Xlint:deprecation, -Xlint:empty, -Xlint:fallthrough, -Xlint:finally, -Xlint:path, -Xlint:unchecked, -Xlint:varargs, -Xlint:static] to [-classpath, , --add-modules, ALL-MODULE-PATH, -proc:none, -g, -Xlint:cast, -Xlint:deprecation, -Xlint:empty, -Xlint:fallthrough, -Xlint:finally, -Xlint:path, -Xlint:unchecked, -Xlint:varargs, -Xlint:static], creating new compiler
Sep 28, 2025 4:53:23 PM org.javacs.JavaLanguageServer findReferences
INFO: compile component: 21.0408 document: file:///C:/Users/74993/Desktop/毕设/wll论文/java-language-server2/outputDir/DEF/cg/DEF_800.java
Sep 28, 2025 4:53:23 PM org.javacs.JavaLanguageServer findReferences
INFO: locate component: 151.6323 document: file:///C:/Users/74993/Desktop/毕设/wll论文/java-language-server2/outputDir/DEF/cg/DEF_800.java
Sep 28, 2025 4:53:23 PM org.javacs.JavaLanguageServer findReferences
INFO: traverse component: 0.0 document: file:///C:/Users/74993/Desktop/毕设/wll论文/java-language-server2/outputDir/DEF/cg/DEF_800.java
Sep 28, 2025 4:53:23 PM org.javacs.JavaLanguageServer findReferences
INFO: NOD: 10085 document: file:///C:/Users/74993/Desktop/毕设/wll论文/java-language-server2/outputDir/DEF/cg/DEF_800.java
Sep 28, 2025 4:53:23 PM org.javacs.JavaLanguageServer findReferences
INFO: DEF: 800 document: file:///C:/Users/74993/Desktop/毕设/wll论文/java-language-server2/outputDir/DEF/cg/DEF_800.java
Sep 28, 2025 4:53:23 PM org.javacs.JavaLanguageServer findReferences
INFO: OCC: 6252 document: file:///C:/Users/74993/Desktop/毕设/wll论文/java-language-server2/outputDir/DEF/cg/DEF_800.java
Sep 28, 2025 4:53:23 PM org.javacs.JavaLanguageServer findReferences
INFO: LOC: 4447 document: file:///C:/Users/74993/Desktop/毕设/wll论文/java-language-server2/outputDir/DEF/cg/DEF_800.java
Sep 28, 2025 4:53:23 PM org.javacs.ScanClassPath jdkTopLevelClasses
INFO: Searching for top-level classes in the JDK
Sep 28, 2025 4:53:23 PM org.javacs.ScanClassPath jdkTopLevelClasses
INFO: Found 15005 classes in the java platform
Sep 28, 2025 4:53:23 PM org.javacs.ScanClassPath classPathTopLevelClasses
INFO: Searching for top-level classes in 0 classpath locations
Sep 28, 2025 4:53:23 PM org.javacs.ScanClassPath classPathTopLevelClasses
INFO: Found 0 classes in classpath
Sep 28, 2025 4:53:23 PM org.javacs.ReusableCompiler getTask
WARNING: Options changed from [-classpath, , --add-modules, ALL-MODULE-PATH, -proc:none, -g, -Xlint:cast, -Xlint:deprecation, -Xlint:empty, -Xlint:fallthrough, -Xlint:finally, -Xlint:path, -Xlint:unchecked, -Xlint:varargs, -Xlint:static] to [-classpath, , --add-modules, ALL-MODULE-PATH, -proc:none, -g, -Xlint:cast, -Xlint:deprecation, -Xlint:empty, -Xlint:fallthrough, -Xlint:finally, -Xlint:path, -Xlint:unchecked, -Xlint:varargs, -Xlint:static], creating new compiler
Sep 28, 2025 4:53:23 PM org.javacs.JavaLanguageServer findReferences
INFO: compile component: 9.2851 document: file:///C:/Users/74993/Desktop/毕设/wll论文/java-language-server2/outputDir/DEF/cg/DEF_800.java
Sep 28, 2025 4:53:23 PM org.javacs.JavaLanguageServer findReferences
INFO: locate component: 147.9605 document: file:///C:/Users/74993/Desktop/毕设/wll论文/java-language-server2/outputDir/DEF/cg/DEF_800.java
Sep 28, 2025 4:53:23 PM org.javacs.JavaLanguageServer findReferences
INFO: traverse component: 0.0 document: file:///C:/Users/74993/Desktop/毕设/wll论文/java-language-server2/outputDir/DEF/cg/DEF_800.java
Sep 28, 2025 4:53:23 PM org.javacs.JavaLanguageServer findReferences
INFO: NOD: 10085 document: file:///C:/Users/74993/Desktop/毕设/wll论文/java-language-server2/outputDir/DEF/cg/DEF_800.java
Sep 28, 2025 4:53:23 PM org.javacs.JavaLanguageServer findReferences
INFO: DEF: 800 document: file:///C:/Users/74993/Desktop/毕设/wll论文/java-language-server2/outputDir/DEF/cg/DEF_800.java
Sep 28, 2025 4:53:23 PM org.javacs.JavaLanguageServer findReferences
INFO: OCC: 6252 document: file:///C:/Users/74993/Desktop/毕设/wll论文/java-language-server2/outputDir/DEF/cg/DEF_800.java
Sep 28, 2025 4:53:23 PM org.javacs.JavaLanguageServer findReferences
INFO: LOC: 4447 document: file:///C:/Users/74993/Desktop/毕设/wll论文/java-language-server2/outputDir/DEF/cg/DEF_800.java
Sep 28, 2025 4:53:23 PM org.javacs.ScanClassPath jdkTopLevelClasses
INFO: Searching for top-level classes in the JDK
Sep 28, 2025 4:53:23 PM org.javacs.ScanClassPath jdkTopLevelClasses
INFO: Found 15005 classes in the java platform
Sep 28, 2025 4:53:23 PM org.javacs.ScanClassPath classPathTopLevelClasses
INFO: Searching for top-level classes in 0 classpath locations
Sep 28, 2025 4:53:23 PM org.javacs.ScanClassPath classPathTopLevelClasses
INFO: Found 0 classes in classpath
Sep 28, 2025 4:53:23 PM org.javacs.ReusableCompiler getTask
WARNING: Options changed from [-classpath, , --add-modules, ALL-MODULE-PATH, -proc:none, -g, -Xlint:cast, -Xlint:deprecation, -Xlint:empty, -Xlint:fallthrough, -Xlint:finally, -Xlint:path, -Xlint:unchecked, -Xlint:varargs, -Xlint:static] to [-classpath, , --add-modules, ALL-MODULE-PATH, -proc:none, -g, -Xlint:cast, -Xlint:deprecation, -Xlint:empty, -Xlint:fallthrough, -Xlint:finally, -Xlint:path, -Xlint:unchecked, -Xlint:varargs, -Xlint:static], creating new compiler
Sep 28, 2025 4:53:23 PM org.javacs.JavaLanguageServer findReferences
INFO: compile component: 9.1286 document: file:///C:/Users/74993/Desktop/毕设/wll论文/java-language-server2/outputDir/DEF/cg/DEF_800.java
Sep 28, 2025 4:53:24 PM org.javacs.JavaLanguageServer findReferences
INFO: locate component: 145.3328 document: file:///C:/Users/74993/Desktop/毕设/wll论文/java-language-server2/outputDir/DEF/cg/DEF_800.java
Sep 28, 2025 4:53:24 PM org.javacs.JavaLanguageServer findReferences
INFO: traverse component: 0.0 document: file:///C:/Users/74993/Desktop/毕设/wll论文/java-language-server2/outputDir/DEF/cg/DEF_800.java
Sep 28, 2025 4:53:24 PM org.javacs.JavaLanguageServer findReferences
INFO: NOD: 10085 document: file:///C:/Users/74993/Desktop/毕设/wll论文/java-language-server2/outputDir/DEF/cg/DEF_800.java
Sep 28, 2025 4:53:24 PM org.javacs.JavaLanguageServer findReferences
INFO: DEF: 800 document: file:///C:/Users/74993/Desktop/毕设/wll论文/java-language-server2/outputDir/DEF/cg/DEF_800.java
Sep 28, 2025 4:53:24 PM org.javacs.JavaLanguageServer findReferences
INFO: OCC: 6252 document: file:///C:/Users/74993/Desktop/毕设/wll论文/java-language-server2/outputDir/DEF/cg/DEF_800.java
Sep 28, 2025 4:53:24 PM org.javacs.JavaLanguageServer findReferences
INFO: LOC: 4447 document: file:///C:/Users/74993/Desktop/毕设/wll论文/java-language-server2/outputDir/DEF/cg/DEF_800.java
Sep 28, 2025 4:53:24 PM org.javacs.ScanClassPath jdkTopLevelClasses
INFO: Searching for top-level classes in the JDK
Sep 28, 2025 4:53:24 PM org.javacs.ScanClassPath jdkTopLevelClasses
INFO: Found 15005 classes in the java platform
Sep 28, 2025 4:53:24 PM org.javacs.ScanClassPath classPathTopLevelClasses
INFO: Searching for top-level classes in 0 classpath locations
Sep 28, 2025 4:53:24 PM org.javacs.ScanClassPath classPathTopLevelClasses
INFO: Found 0 classes in classpath
Sep 28, 2025 4:53:24 PM org.javacs.ReusableCompiler getTask
WARNING: Options changed from [-classpath, , --add-modules, ALL-MODULE-PATH, -proc:none, -g, -Xlint:cast, -Xlint:deprecation, -Xlint:empty, -Xlint:fallthrough, -Xlint:finally, -Xlint:path, -Xlint:unchecked, -Xlint:varargs, -Xlint:static] to [-classpath, , --add-modules, ALL-MODULE-PATH, -proc:none, -g, -Xlint:cast, -Xlint:deprecation, -Xlint:empty, -Xlint:fallthrough, -Xlint:finally, -Xlint:path, -Xlint:unchecked, -Xlint:varargs, -Xlint:static], creating new compiler
Sep 28, 2025 4:53:24 PM org.javacs.JavaLanguageServer findReferences
INFO: compile component: 8.5063 document: file:///C:/Users/74993/Desktop/毕设/wll论文/java-language-server2/outputDir/DEF/cg/DEF_800.java
Sep 28, 2025 4:53:24 PM org.javacs.JavaLanguageServer findReferences
INFO: locate component: 142.1488 document: file:///C:/Users/74993/Desktop/毕设/wll论文/java-language-server2/outputDir/DEF/cg/DEF_800.java
Sep 28, 2025 4:53:24 PM org.javacs.JavaLanguageServer findReferences
INFO: traverse component: 0.0 document: file:///C:/Users/74993/Desktop/毕设/wll论文/java-language-server2/outputDir/DEF/cg/DEF_800.java
Sep 28, 2025 4:53:24 PM org.javacs.JavaLanguageServer findReferences
INFO: NOD: 10085 document: file:///C:/Users/74993/Desktop/毕设/wll论文/java-language-server2/outputDir/DEF/cg/DEF_800.java
Sep 28, 2025 4:53:24 PM org.javacs.JavaLanguageServer findReferences
INFO: DEF: 800 document: file:///C:/Users/74993/Desktop/毕设/wll论文/java-language-server2/outputDir/DEF/cg/DEF_800.java
Sep 28, 2025 4:53:24 PM org.javacs.JavaLanguageServer findReferences
INFO: OCC: 6252 document: file:///C:/Users/74993/Desktop/毕设/wll论文/java-language-server2/outputDir/DEF/cg/DEF_800.java
Sep 28, 2025 4:53:24 PM org.javacs.JavaLanguageServer findReferences
INFO: LOC: 4447 document: file:///C:/Users/74993/Desktop/毕设/wll论文/java-language-server2/outputDir/DEF/cg/DEF_800.java
Sep 28, 2025 4:53:24 PM org.javacs.ScanClassPath jdkTopLevelClasses
INFO: Searching for top-level classes in the JDK
Sep 28, 2025 4:53:24 PM org.javacs.ScanClassPath jdkTopLevelClasses
INFO: Found 15005 classes in the java platform
Sep 28, 2025 4:53:24 PM org.javacs.ScanClassPath classPathTopLevelClasses
INFO: Searching for top-level classes in 0 classpath locations
Sep 28, 2025 4:53:24 PM org.javacs.ScanClassPath classPathTopLevelClasses
INFO: Found 0 classes in classpath
Sep 28, 2025 4:53:24 PM org.javacs.ReusableCompiler getTask
WARNING: Options changed from [-classpath, , --add-modules, ALL-MODULE-PATH, -proc:none, -g, -Xlint:cast, -Xlint:deprecation, -Xlint:empty, -Xlint:fallthrough, -Xlint:finally, -Xlint:path, -Xlint:unchecked, -Xlint:varargs, -Xlint:static] to [-classpath, , --add-modules, ALL-MODULE-PATH, -proc:none, -g, -Xlint:cast, -Xlint:deprecation, -Xlint:empty, -Xlint:fallthrough, -Xlint:finally, -Xlint:path, -Xlint:unchecked, -Xlint:varargs, -Xlint:static], creating new compiler
Sep 28, 2025 4:53:24 PM org.javacs.JavaLanguageServer findReferences
INFO: compile component: 8.5279 document: file:///C:/Users/74993/Desktop/毕设/wll论文/java-language-server2/outputDir/DEF/cg/DEF_800.java
Sep 28, 2025 4:53:24 PM org.javacs.JavaLanguageServer findReferences
INFO: locate component: 144.1894 document: file:///C:/Users/74993/Desktop/毕设/wll论文/java-language-server2/outputDir/DEF/cg/DEF_800.java
Sep 28, 2025 4:53:24 PM org.javacs.JavaLanguageServer findReferences
INFO: traverse component: 0.0 document: file:///C:/Users/74993/Desktop/毕设/wll论文/java-language-server2/outputDir/DEF/cg/DEF_800.java
Sep 28, 2025 4:53:24 PM org.javacs.JavaLanguageServer findReferences
INFO: NOD: 10085 document: file:///C:/Users/74993/Desktop/毕设/wll论文/java-language-server2/outputDir/DEF/cg/DEF_800.java
Sep 28, 2025 4:53:24 PM org.javacs.JavaLanguageServer findReferences
INFO: DEF: 800 document: file:///C:/Users/74993/Desktop/毕设/wll论文/java-language-server2/outputDir/DEF/cg/DEF_800.java
Sep 28, 2025 4:53:24 PM org.javacs.JavaLanguageServer findReferences
INFO: OCC: 6252 document: file:///C:/Users/74993/Desktop/毕设/wll论文/java-language-server2/outputDir/DEF/cg/DEF_800.java
Sep 28, 2025 4:53:24 PM org.javacs.JavaLanguageServer findReferences
INFO: LOC: 4447 document: file:///C:/Users/74993/Desktop/毕设/wll论文/java-language-server2/outputDir/DEF/cg/DEF_800.java
Sep 28, 2025 4:53:24 PM org.javacs.JavaLanguageServer didOpenTextDocument
INFO: #didOpenTextDocument# try call goto {"context":{"includeDeclaration":false},"textDocument":{"uri":"file:///C:/Users/74993/Desktop/%E6%AF%95%E8%AE%BE/wll%E8%AE%BA%E6%96%87/java-language-server2/outputDir/DEF/cg/DEF_800.java"},"position":{"line":70,"character":32}}
Sep 28, 2025 4:53:24 PM org.javacs.JavaCompilerService compileBatch
INFO: ...using cached compile
Sep 28, 2025 4:53:24 PM org.javacs.JavaLanguageServer gotoDefinition
INFO: gotoDefinition: 143.1182 document: file:///C:/Users/74993/Desktop/毕设/wll论文/java-language-server2/outputDir/DEF/cg/DEF_800.java
Sep 28, 2025 4:53:24 PM org.javacs.JavaCompilerService compileBatch
INFO: ...using cached compile
Sep 28, 2025 4:53:24 PM org.javacs.JavaLanguageServer gotoDefinition
INFO: gotoDefinition: 161.9976 document: file:///C:/Users/74993/Desktop/毕设/wll论文/java-language-server2/outputDir/DEF/cg/DEF_800.java
Sep 28, 2025 4:53:24 PM org.javacs.JavaCompilerService compileBatch
INFO: ...using cached compile
Sep 28, 2025 4:53:25 PM org.javacs.JavaLanguageServer gotoDefinition
INFO: gotoDefinition: 141.6551 document: file:///C:/Users/74993/Desktop/毕设/wll论文/java-language-server2/outputDir/DEF/cg/DEF_800.java
Sep 28, 2025 4:53:25 PM org.javacs.JavaCompilerService compileBatch
INFO: ...using cached compile
Sep 28, 2025 4:53:25 PM org.javacs.JavaLanguageServer gotoDefinition
INFO: gotoDefinition: 142.0186 document: file:///C:/Users/74993/Desktop/毕设/wll论文/java-language-server2/outputDir/DEF/cg/DEF_800.java
Sep 28, 2025 4:53:25 PM org.javacs.JavaCompilerService compileBatch
INFO: ...using cached compile
Sep 28, 2025 4:53:25 PM org.javacs.JavaLanguageServer gotoDefinition
INFO: gotoDefinition: 152.9313 document: file:///C:/Users/74993/Desktop/毕设/wll论文/java-language-server2/outputDir/DEF/cg/DEF_800.java
Sep 28, 2025 4:53:25 PM org.javacs.JavaLanguageServer didOpenTextDocument
INFO: #didOpenTextDocument# try call rename {"context":{"includeDeclaration":false},"textDocument":{"uri":"file:///C:/Users/74993/Desktop/%E6%AF%95%E8%AE%BE/wll%E8%AE%BA%E6%96%87/java-language-server2/outputDir/DEF/cg/DEF_800.java"},"position":{"line":70,"character":32}}
Sep 28, 2025 4:53:25 PM org.javacs.JavaCompilerService compileBatch
INFO: ...using cached compile
Sep 28, 2025 4:53:25 PM org.javacs.JavaLanguageServer rename
INFO: rename: 151.7138 document: file:///C:/Users/74993/Desktop/毕设/wll论文/java-language-server2/outputDir/DEF/cg/DEF_800.java
Sep 28, 2025 4:53:25 PM org.javacs.JavaCompilerService compileBatch
INFO: ...using cached compile
Sep 28, 2025 4:53:25 PM org.javacs.JavaLanguageServer rename
INFO: rename: 155.5907 document: file:///C:/Users/74993/Desktop/毕设/wll论文/java-language-server2/outputDir/DEF/cg/DEF_800.java
Sep 28, 2025 4:53:25 PM org.javacs.JavaCompilerService compileBatch
INFO: ...using cached compile
Sep 28, 2025 4:53:25 PM org.javacs.JavaLanguageServer rename
INFO: rename: 148.9742 document: file:///C:/Users/74993/Desktop/毕设/wll论文/java-language-server2/outputDir/DEF/cg/DEF_800.java
Sep 28, 2025 4:53:25 PM org.javacs.JavaCompilerService compileBatch
INFO: ...using cached compile
Sep 28, 2025 4:53:25 PM org.javacs.JavaLanguageServer rename
INFO: rename: 151.1927 document: file:///C:/Users/74993/Desktop/毕设/wll论文/java-language-server2/outputDir/DEF/cg/DEF_800.java
Sep 28, 2025 4:53:25 PM org.javacs.JavaCompilerService compileBatch
INFO: ...using cached compile
Sep 28, 2025 4:53:26 PM org.javacs.JavaLanguageServer rename
INFO: rename: 149.0348 document: file:///C:/Users/74993/Desktop/毕设/wll论文/java-language-server2/outputDir/DEF/cg/DEF_800.java
Sep 28, 2025 4:53:26 PM org.javacs.JavaLanguageServer didOpenTextDocument
INFO: #didOpenTextDocument# try completion {"context":{"includeDeclaration":false},"textDocument":{"uri":"file:///C:/Users/74993/Desktop/%E6%AF%95%E8%AE%BE/wll%E8%AE%BA%E6%96%87/java-language-server2/outputDir/DEF/cg/DEF_800.java"},"position":{"line":70,"character":32}}
Sep 28, 2025 4:53:26 PM org.javacs.JavaLanguageServer completion
INFO: completion: 9.3301 document: file:///C:/Users/74993/Desktop/毕设/wll论文/java-language-server2/outputDir/DEF/cg/DEF_800.java
Sep 28, 2025 4:53:26 PM org.javacs.JavaLanguageServer completion
INFO: completion: 10.0285 document: file:///C:/Users/74993/Desktop/毕设/wll论文/java-language-server2/outputDir/DEF/cg/DEF_800.java
Sep 28, 2025 4:53:26 PM org.javacs.JavaLanguageServer completion
INFO: completion: 8.5699 document: file:///C:/Users/74993/Desktop/毕设/wll论文/java-language-server2/outputDir/DEF/cg/DEF_800.java
Sep 28, 2025 4:53:26 PM org.javacs.JavaLanguageServer completion
INFO: completion: 8.3345 document: file:///C:/Users/74993/Desktop/毕设/wll论文/java-language-server2/outputDir/DEF/cg/DEF_800.java
Sep 28, 2025 4:53:26 PM org.javacs.JavaLanguageServer completion
INFO: completion: 8.5155 document: file:///C:/Users/74993/Desktop/毕设/wll论文/java-language-server2/outputDir/DEF/cg/DEF_800.java
Sep 28, 2025 4:53:26 PM org.javacs.JavaLanguageServer didOpenTextDocument
INFO: #didOpenTextDocument# try call goto {"context":{"includeDeclaration":false},"textDocument":{"uri":"file:///C:/Users/74993/Desktop/%E6%AF%95%E8%AE%BE/wll%E8%AE%BA%E6%96%87/java-language-server2/outputDir/DEF/cg/DEF_800.java"},"position":{"line":4443,"character":31}}
Sep 28, 2025 4:53:26 PM org.javacs.JavaCompilerService findPublicTypeDeclarationInJdk
INFO: ...found jar:file:///C:/Program%20Files/Java/jdk-22/lib/src.zip!/java.base/java/lang/String.java in module java.base of jdk
Sep 28, 2025 4:53:26 PM org.javacs.JavaLanguageServer gotoDefinition
INFO: gotoDefinition: 177.2614 document: file:///C:/Users/74993/Desktop/毕设/wll论文/java-language-server2/outputDir/DEF/cg/DEF_800.java
Sep 28, 2025 4:53:26 PM org.javacs.JavaCompilerService compileBatch
INFO: ...using cached compile
Sep 28, 2025 4:53:26 PM org.javacs.JavaCompilerService findPublicTypeDeclarationInJdk
INFO: ...found jar:file:///C:/Program%20Files/Java/jdk-22/lib/src.zip!/java.base/java/lang/String.java in module java.base of jdk
Sep 28, 2025 4:53:26 PM org.javacs.JavaLanguageServer gotoDefinition
INFO: gotoDefinition: 147.5051 document: file:///C:/Users/74993/Desktop/毕设/wll论文/java-language-server2/outputDir/DEF/cg/DEF_800.java
Sep 28, 2025 4:53:26 PM org.javacs.JavaCompilerService compileBatch
INFO: ...using cached compile
Sep 28, 2025 4:53:26 PM org.javacs.JavaCompilerService findPublicTypeDeclarationInJdk
INFO: ...found jar:file:///C:/Program%20Files/Java/jdk-22/lib/src.zip!/java.base/java/lang/String.java in module java.base of jdk
Sep 28, 2025 4:53:26 PM org.javacs.JavaLanguageServer gotoDefinition
INFO: gotoDefinition: 146.4381 document: file:///C:/Users/74993/Desktop/毕设/wll论文/java-language-server2/outputDir/DEF/cg/DEF_800.java
Sep 28, 2025 4:53:26 PM org.javacs.JavaCompilerService compileBatch
INFO: ...using cached compile
Sep 28, 2025 4:53:26 PM org.javacs.JavaCompilerService findPublicTypeDeclarationInJdk
INFO: ...found jar:file:///C:/Program%20Files/Java/jdk-22/lib/src.zip!/java.base/java/lang/String.java in module java.base of jdk
Sep 28, 2025 4:53:26 PM org.javacs.JavaLanguageServer gotoDefinition
INFO: gotoDefinition: 149.8319 document: file:///C:/Users/74993/Desktop/毕设/wll论文/java-language-server2/outputDir/DEF/cg/DEF_800.java
Sep 28, 2025 4:53:26 PM org.javacs.JavaCompilerService compileBatch
INFO: ...using cached compile
Sep 28, 2025 4:53:26 PM org.javacs.JavaCompilerService findPublicTypeDeclarationInJdk
INFO: ...found jar:file:///C:/Program%20Files/Java/jdk-22/lib/src.zip!/java.base/java/lang/String.java in module java.base of jdk
Sep 28, 2025 4:53:26 PM org.javacs.JavaLanguageServer gotoDefinition
INFO: gotoDefinition: 146.5021 document: file:///C:/Users/74993/Desktop/毕设/wll论文/java-language-server2/outputDir/DEF/cg/DEF_800.java
Sep 28, 2025 4:53:26 PM org.javacs.JavaLanguageServer didOpenTextDocument
INFO: #didOpenTextDocument# try call rename {"context":{"includeDeclaration":false},"textDocument":{"uri":"file:///C:/Users/74993/Desktop/%E6%AF%95%E8%AE%BE/wll%E8%AE%BA%E6%96%87/java-language-server2/outputDir/DEF/cg/DEF_800.java"},"position":{"line":4443,"character":31}}
Sep 28, 2025 4:53:26 PM org.javacs.JavaCompilerService compileBatch
INFO: ...using cached compile
Sep 28, 2025 4:53:27 PM org.javacs.JavaLanguageServer rename
INFO: rename: 145.6886 document: file:///C:/Users/74993/Desktop/毕设/wll论文/java-language-server2/outputDir/DEF/cg/DEF_800.java
Sep 28, 2025 4:53:27 PM org.javacs.JavaCompilerService compileBatch
INFO: ...using cached compile
Sep 28, 2025 4:53:27 PM org.javacs.JavaLanguageServer rename
INFO: rename: 144.7337 document: file:///C:/Users/74993/Desktop/毕设/wll论文/java-language-server2/outputDir/DEF/cg/DEF_800.java
Sep 28, 2025 4:53:27 PM org.javacs.JavaCompilerService compileBatch
INFO: ...using cached compile
Sep 28, 2025 4:53:27 PM org.javacs.JavaLanguageServer rename
INFO: rename: 148.0363 document: file:///C:/Users/74993/Desktop/毕设/wll论文/java-language-server2/outputDir/DEF/cg/DEF_800.java
Sep 28, 2025 4:53:27 PM org.javacs.JavaCompilerService compileBatch
INFO: ...using cached compile
Sep 28, 2025 4:53:27 PM org.javacs.JavaLanguageServer rename
INFO: rename: 147.0268 document: file:///C:/Users/74993/Desktop/毕设/wll论文/java-language-server2/outputDir/DEF/cg/DEF_800.java
Sep 28, 2025 4:53:27 PM org.javacs.JavaCompilerService compileBatch
INFO: ...using cached compile
Sep 28, 2025 4:53:27 PM org.javacs.JavaLanguageServer rename
INFO: rename: 153.2112 document: file:///C:/Users/74993/Desktop/毕设/wll论文/java-language-server2/outputDir/DEF/cg/DEF_800.java
Sep 28, 2025 4:53:27 PM org.javacs.JavaLanguageServer didOpenTextDocument
INFO: #didOpenTextDocument# try completion {"context":{"includeDeclaration":false},"textDocument":{"uri":"file:///C:/Users/74993/Desktop/%E6%AF%95%E8%AE%BE/wll%E8%AE%BA%E6%96%87/java-language-server2/outputDir/DEF/cg/DEF_800.java"},"position":{"line":4443,"character":31}}
Sep 28, 2025 4:53:27 PM org.javacs.JavaLanguageServer completion
INFO: completion: 16.2177 document: file:///C:/Users/74993/Desktop/毕设/wll论文/java-language-server2/outputDir/DEF/cg/DEF_800.java
Sep 28, 2025 4:53:27 PM org.javacs.JavaLanguageServer completion
INFO: completion: 12.3671 document: file:///C:/Users/74993/Desktop/毕设/wll论文/java-language-server2/outputDir/DEF/cg/DEF_800.java
Sep 28, 2025 4:53:27 PM org.javacs.JavaLanguageServer completion
INFO: completion: 10.5252 document: file:///C:/Users/74993/Desktop/毕设/wll论文/java-language-server2/outputDir/DEF/cg/DEF_800.java
Sep 28, 2025 4:53:27 PM org.javacs.JavaLanguageServer completion
INFO: completion: 9.1566 document: file:///C:/Users/74993/Desktop/毕设/wll论文/java-language-server2/outputDir/DEF/cg/DEF_800.java
Sep 28, 2025 4:53:27 PM org.javacs.JavaLanguageServer completion
INFO: completion: 10.0595 document: file:///C:/Users/74993/Desktop/毕设/wll论文/java-language-server2/outputDir/DEF/cg/DEF_800.java
Sep 28, 2025 4:53:27 PM org.javacs.JavaLanguageServer didOpenTextDocument
INFO: #didOpenTextDocument# try call reference {"context":{"includeDeclaration":false},"textDocument":{"uri":"file:///C:/Users/74993/Desktop/%E6%AF%95%E8%AE%BE/wll%E8%AE%BA%E6%96%87/java-language-server2/outputDir/DEF/ch/DEF_880.java"},"position":{"line":58,"character":32}}
Sep 28, 2025 4:53:27 PM org.javacs.ScanClassPath jdkTopLevelClasses
INFO: Searching for top-level classes in the JDK
Sep 28, 2025 4:53:27 PM org.javacs.ScanClassPath jdkTopLevelClasses
INFO: Found 15005 classes in the java platform
Sep 28, 2025 4:53:27 PM org.javacs.ScanClassPath classPathTopLevelClasses
INFO: Searching for top-level classes in 0 classpath locations
Sep 28, 2025 4:53:27 PM org.javacs.ScanClassPath classPathTopLevelClasses
INFO: Found 0 classes in classpath
Sep 28, 2025 4:53:27 PM org.javacs.ReusableCompiler getTask
WARNING: Options changed from [-classpath, , --add-modules, ALL-MODULE-PATH, -proc:none, -g, -Xlint:cast, -Xlint:deprecation, -Xlint:empty, -Xlint:fallthrough, -Xlint:finally, -Xlint:path, -Xlint:unchecked, -Xlint:varargs, -Xlint:static] to [-classpath, , --add-modules, ALL-MODULE-PATH, -proc:none, -g, -Xlint:cast, -Xlint:deprecation, -Xlint:empty, -Xlint:fallthrough, -Xlint:finally, -Xlint:path, -Xlint:unchecked, -Xlint:varargs, -Xlint:static], creating new compiler
Sep 28, 2025 4:53:27 PM org.javacs.JavaLanguageServer findReferences
INFO: compile component: 20.5195 document: file:///C:/Users/74993/Desktop/毕设/wll论文/java-language-server2/outputDir/DEF/ch/DEF_880.java
Sep 28, 2025 4:53:28 PM org.javacs.JavaLanguageServer findReferences
INFO: locate component: 177.5912 document: file:///C:/Users/74993/Desktop/毕设/wll论文/java-language-server2/outputDir/DEF/ch/DEF_880.java
Sep 28, 2025 4:53:28 PM org.javacs.JavaLanguageServer findReferences
INFO: traverse component: 0.0 document: file:///C:/Users/74993/Desktop/毕设/wll论文/java-language-server2/outputDir/DEF/ch/DEF_880.java
Sep 28, 2025 4:53:28 PM org.javacs.JavaLanguageServer findReferences
INFO: NOD: 11327 document: file:///C:/Users/74993/Desktop/毕设/wll论文/java-language-server2/outputDir/DEF/ch/DEF_880.java
Sep 28, 2025 4:53:28 PM org.javacs.JavaLanguageServer findReferences
INFO: DEF: 880 document: file:///C:/Users/74993/Desktop/毕设/wll论文/java-language-server2/outputDir/DEF/ch/DEF_880.java
Sep 28, 2025 4:53:28 PM org.javacs.JavaLanguageServer findReferences
INFO: OCC: 6654 document: file:///C:/Users/74993/Desktop/毕设/wll论文/java-language-server2/outputDir/DEF/ch/DEF_880.java
Sep 28, 2025 4:53:28 PM org.javacs.JavaLanguageServer findReferences
INFO: LOC: 4886 document: file:///C:/Users/74993/Desktop/毕设/wll论文/java-language-server2/outputDir/DEF/ch/DEF_880.java
Sep 28, 2025 4:53:28 PM org.javacs.ScanClassPath jdkTopLevelClasses
INFO: Searching for top-level classes in the JDK
Sep 28, 2025 4:53:28 PM org.javacs.ScanClassPath jdkTopLevelClasses
INFO: Found 15005 classes in the java platform
Sep 28, 2025 4:53:28 PM org.javacs.ScanClassPath classPathTopLevelClasses
INFO: Searching for top-level classes in 0 classpath locations
Sep 28, 2025 4:53:28 PM org.javacs.ScanClassPath classPathTopLevelClasses
INFO: Found 0 classes in classpath
Sep 28, 2025 4:53:28 PM org.javacs.ReusableCompiler getTask
WARNING: Options changed from [-classpath, , --add-modules, ALL-MODULE-PATH, -proc:none, -g, -Xlint:cast, -Xlint:deprecation, -Xlint:empty, -Xlint:fallthrough, -Xlint:finally, -Xlint:path, -Xlint:unchecked, -Xlint:varargs, -Xlint:static] to [-classpath, , --add-modules, ALL-MODULE-PATH, -proc:none, -g, -Xlint:cast, -Xlint:deprecation, -Xlint:empty, -Xlint:fallthrough, -Xlint:finally, -Xlint:path, -Xlint:unchecked, -Xlint:varargs, -Xlint:static], creating new compiler
Sep 28, 2025 4:53:28 PM org.javacs.JavaLanguageServer findReferences
INFO: compile component: 19.8944 document: file:///C:/Users/74993/Desktop/毕设/wll论文/java-language-server2/outputDir/DEF/ch/DEF_880.java
Sep 28, 2025 4:53:28 PM org.javacs.JavaLanguageServer findReferences
INFO: locate component: 166.8439 document: file:///C:/Users/74993/Desktop/毕设/wll论文/java-language-server2/outputDir/DEF/ch/DEF_880.java
Sep 28, 2025 4:53:28 PM org.javacs.JavaLanguageServer findReferences
INFO: traverse component: 0.0 document: file:///C:/Users/74993/Desktop/毕设/wll论文/java-language-server2/outputDir/DEF/ch/DEF_880.java
Sep 28, 2025 4:53:28 PM org.javacs.JavaLanguageServer findReferences
INFO: NOD: 11327 document: file:///C:/Users/74993/Desktop/毕设/wll论文/java-language-server2/outputDir/DEF/ch/DEF_880.java
Sep 28, 2025 4:53:28 PM org.javacs.JavaLanguageServer findReferences
INFO: DEF: 880 document: file:///C:/Users/74993/Desktop/毕设/wll论文/java-language-server2/outputDir/DEF/ch/DEF_880.java
Sep 28, 2025 4:53:28 PM org.javacs.JavaLanguageServer findReferences
INFO: OCC: 6654 document: file:///C:/Users/74993/Desktop/毕设/wll论文/java-language-server2/outputDir/DEF/ch/DEF_880.java
Sep 28, 2025 4:53:28 PM org.javacs.JavaLanguageServer findReferences
INFO: LOC: 4886 document: file:///C:/Users/74993/Desktop/毕设/wll论文/java-language-server2/outputDir/DEF/ch/DEF_880.java
Sep 28, 2025 4:53:28 PM org.javacs.ScanClassPath jdkTopLevelClasses
INFO: Searching for top-level classes in the JDK
Sep 28, 2025 4:53:28 PM org.javacs.ScanClassPath jdkTopLevelClasses
INFO: Found 15005 classes in the java platform
Sep 28, 2025 4:53:28 PM org.javacs.ScanClassPath classPathTopLevelClasses
INFO: Searching for top-level classes in 0 classpath locations
Sep 28, 2025 4:53:28 PM org.javacs.ScanClassPath classPathTopLevelClasses
INFO: Found 0 classes in classpath
Sep 28, 2025 4:53:28 PM org.javacs.ReusableCompiler getTask
WARNING: Options changed from [-classpath, , --add-modules, ALL-MODULE-PATH, -proc:none, -g, -Xlint:cast, -Xlint:deprecation, -Xlint:empty, -Xlint:fallthrough, -Xlint:finally, -Xlint:path, -Xlint:unchecked, -Xlint:varargs, -Xlint:static] to [-classpath, , --add-modules, ALL-MODULE-PATH, -proc:none, -g, -Xlint:cast, -Xlint:deprecation, -Xlint:empty, -Xlint:fallthrough, -Xlint:finally, -Xlint:path, -Xlint:unchecked, -Xlint:varargs, -Xlint:static], creating new compiler
Sep 28, 2025 4:53:28 PM org.javacs.JavaLanguageServer findReferences
INFO: compile component: 8.6503 document: file:///C:/Users/74993/Desktop/毕设/wll论文/java-language-server2/outputDir/DEF/ch/DEF_880.java
Sep 28, 2025 4:53:28 PM org.javacs.JavaLanguageServer findReferences
INFO: locate component: 170.1107 document: file:///C:/Users/74993/Desktop/毕设/wll论文/java-language-server2/outputDir/DEF/ch/DEF_880.java
Sep 28, 2025 4:53:28 PM org.javacs.JavaLanguageServer findReferences
INFO: traverse component: 0.0 document: file:///C:/Users/74993/Desktop/毕设/wll论文/java-language-server2/outputDir/DEF/ch/DEF_880.java
Sep 28, 2025 4:53:28 PM org.javacs.JavaLanguageServer findReferences
INFO: NOD: 11327 document: file:///C:/Users/74993/Desktop/毕设/wll论文/java-language-server2/outputDir/DEF/ch/DEF_880.java
Sep 28, 2025 4:53:28 PM org.javacs.JavaLanguageServer findReferences
INFO: DEF: 880 document: file:///C:/Users/74993/Desktop/毕设/wll论文/java-language-server2/outputDir/DEF/ch/DEF_880.java
Sep 28, 2025 4:53:28 PM org.javacs.JavaLanguageServer findReferences
INFO: OCC: 6654 document: file:///C:/Users/74993/Desktop/毕设/wll论文/java-language-server2/outputDir/DEF/ch/DEF_880.java
Sep 28, 2025 4:53:28 PM org.javacs.JavaLanguageServer findReferences
INFO: LOC: 4886 document: file:///C:/Users/74993/Desktop/毕设/wll论文/java-language-server2/outputDir/DEF/ch/DEF_880.java
Sep 28, 2025 4:53:28 PM org.javacs.ScanClassPath jdkTopLevelClasses
INFO: Searching for top-level classes in the JDK
Sep 28, 2025 4:53:28 PM org.javacs.ScanClassPath jdkTopLevelClasses
INFO: Found 15005 classes in the java platform
Sep 28, 2025 4:53:28 PM org.javacs.ScanClassPath classPathTopLevelClasses
INFO: Searching for top-level classes in 0 classpath locations
Sep 28, 2025 4:53:28 PM org.javacs.ScanClassPath classPathTopLevelClasses
INFO: Found 0 classes in classpath
Sep 28, 2025 4:53:28 PM org.javacs.ReusableCompiler getTask
WARNING: Options changed from [-classpath, , --add-modules, ALL-MODULE-PATH, -proc:none, -g, -Xlint:cast, -Xlint:deprecation, -Xlint:empty, -Xlint:fallthrough, -Xlint:finally, -Xlint:path, -Xlint:unchecked, -Xlint:varargs, -Xlint:static] to [-classpath, , --add-modules, ALL-MODULE-PATH, -proc:none, -g, -Xlint:cast, -Xlint:deprecation, -Xlint:empty, -Xlint:fallthrough, -Xlint:finally, -Xlint:path, -Xlint:unchecked, -Xlint:varargs, -Xlint:static], creating new compiler
Sep 28, 2025 4:53:28 PM org.javacs.JavaLanguageServer findReferences
INFO: compile component: 8.5161 document: file:///C:/Users/74993/Desktop/毕设/wll论文/java-language-server2/outputDir/DEF/ch/DEF_880.java
Sep 28, 2025 4:53:28 PM org.javacs.JavaLanguageServer findReferences
INFO: locate component: 162.0232 document: file:///C:/Users/74993/Desktop/毕设/wll论文/java-language-server2/outputDir/DEF/ch/DEF_880.java
Sep 28, 2025 4:53:28 PM org.javacs.JavaLanguageServer findReferences
INFO: traverse component: 0.0 document: file:///C:/Users/74993/Desktop/毕设/wll论文/java-language-server2/outputDir/DEF/ch/DEF_880.java
Sep 28, 2025 4:53:28 PM org.javacs.JavaLanguageServer findReferences
INFO: NOD: 11327 document: file:///C:/Users/74993/Desktop/毕设/wll论文/java-language-server2/outputDir/DEF/ch/DEF_880.java
Sep 28, 2025 4:53:28 PM org.javacs.JavaLanguageServer findReferences
INFO: DEF: 880 document: file:///C:/Users/74993/Desktop/毕设/wll论文/java-language-server2/outputDir/DEF/ch/DEF_880.java
Sep 28, 2025 4:53:28 PM org.javacs.JavaLanguageServer findReferences
INFO: OCC: 6654 document: file:///C:/Users/74993/Desktop/毕设/wll论文/java-language-server2/outputDir/DEF/ch/DEF_880.java
Sep 28, 2025 4:53:28 PM org.javacs.JavaLanguageServer findReferences
INFO: LOC: 4886 document: file:///C:/Users/74993/Desktop/毕设/wll论文/java-language-server2/outputDir/DEF/ch/DEF_880.java
Sep 28, 2025 4:53:28 PM org.javacs.ScanClassPath jdkTopLevelClasses
INFO: Searching for top-level classes in the JDK
Sep 28, 2025 4:53:29 PM org.javacs.ScanClassPath jdkTopLevelClasses
INFO: Found 15005 classes in the java platform
Sep 28, 2025 4:53:29 PM org.javacs.ScanClassPath classPathTopLevelClasses
INFO: Searching for top-level classes in 0 classpath locations
Sep 28, 2025 4:53:29 PM org.javacs.ScanClassPath classPathTopLevelClasses
INFO: Found 0 classes in classpath
Sep 28, 2025 4:53:29 PM org.javacs.ReusableCompiler getTask
WARNING: Options changed from [-classpath, , --add-modules, ALL-MODULE-PATH, -proc:none, -g, -Xlint:cast, -Xlint:deprecation, -Xlint:empty, -Xlint:fallthrough, -Xlint:finally, -Xlint:path, -Xlint:unchecked, -Xlint:varargs, -Xlint:static] to [-classpath, , --add-modules, ALL-MODULE-PATH, -proc:none, -g, -Xlint:cast, -Xlint:deprecation, -Xlint:empty, -Xlint:fallthrough, -Xlint:finally, -Xlint:path, -Xlint:unchecked, -Xlint:varargs, -Xlint:static], creating new compiler
Sep 28, 2025 4:53:29 PM org.javacs.JavaLanguageServer findReferences
INFO: compile component: 11.2317 document: file:///C:/Users/74993/Desktop/毕设/wll论文/java-language-server2/outputDir/DEF/ch/DEF_880.java
Sep 28, 2025 4:53:29 PM org.javacs.JavaLanguageServer findReferences
INFO: locate component: 169.1211 document: file:///C:/Users/74993/Desktop/毕设/wll论文/java-language-server2/outputDir/DEF/ch/DEF_880.java
Sep 28, 2025 4:53:29 PM org.javacs.JavaLanguageServer findReferences
INFO: traverse component: 0.0 document: file:///C:/Users/74993/Desktop/毕设/wll论文/java-language-server2/outputDir/DEF/ch/DEF_880.java
Sep 28, 2025 4:53:29 PM org.javacs.JavaLanguageServer findReferences
INFO: NOD: 11327 document: file:///C:/Users/74993/Desktop/毕设/wll论文/java-language-server2/outputDir/DEF/ch/DEF_880.java
Sep 28, 2025 4:53:29 PM org.javacs.JavaLanguageServer findReferences
INFO: DEF: 880 document: file:///C:/Users/74993/Desktop/毕设/wll论文/java-language-server2/outputDir/DEF/ch/DEF_880.java
Sep 28, 2025 4:53:29 PM org.javacs.JavaLanguageServer findReferences
INFO: OCC: 6654 document: file:///C:/Users/74993/Desktop/毕设/wll论文/java-language-server2/outputDir/DEF/ch/DEF_880.java
Sep 28, 2025 4:53:29 PM org.javacs.JavaLanguageServer findReferences
INFO: LOC: 4886 document: file:///C:/Users/74993/Desktop/毕设/wll论文/java-language-server2/outputDir/DEF/ch/DEF_880.java
Sep 28, 2025 4:53:29 PM org.javacs.JavaLanguageServer didOpenTextDocument
INFO: #didOpenTextDocument# try call goto {"context":{"includeDeclaration":false},"textDocument":{"uri":"file:///C:/Users/74993/Desktop/%E6%AF%95%E8%AE%BE/wll%E8%AE%BA%E6%96%87/java-language-server2/outputDir/DEF/ch/DEF_880.java"},"position":{"line":58,"character":32}}
Sep 28, 2025 4:53:29 PM org.javacs.JavaCompilerService compileBatch
INFO: ...using cached compile
Sep 28, 2025 4:53:29 PM org.javacs.JavaLanguageServer gotoDefinition
INFO: gotoDefinition: 181.6299 document: file:///C:/Users/74993/Desktop/毕设/wll论文/java-language-server2/outputDir/DEF/ch/DEF_880.java
Sep 28, 2025 4:53:29 PM org.javacs.JavaCompilerService compileBatch
INFO: ...using cached compile
Sep 28, 2025 4:53:29 PM org.javacs.JavaLanguageServer gotoDefinition
INFO: gotoDefinition: 176.2827 document: file:///C:/Users/74993/Desktop/毕设/wll论文/java-language-server2/outputDir/DEF/ch/DEF_880.java
Sep 28, 2025 4:53:29 PM org.javacs.JavaCompilerService compileBatch
INFO: ...using cached compile
Sep 28, 2025 4:53:29 PM org.javacs.JavaLanguageServer gotoDefinition
INFO: gotoDefinition: 181.4108 document: file:///C:/Users/74993/Desktop/毕设/wll论文/java-language-server2/outputDir/DEF/ch/DEF_880.java
Sep 28, 2025 4:53:29 PM org.javacs.JavaCompilerService compileBatch
INFO: ...using cached compile
Sep 28, 2025 4:53:30 PM org.javacs.JavaLanguageServer gotoDefinition
INFO: gotoDefinition: 188.6453 document: file:///C:/Users/74993/Desktop/毕设/wll论文/java-language-server2/outputDir/DEF/ch/DEF_880.java
Sep 28, 2025 4:53:30 PM org.javacs.JavaCompilerService compileBatch
INFO: ...using cached compile
Sep 28, 2025 4:53:30 PM org.javacs.JavaLanguageServer gotoDefinition
INFO: gotoDefinition: 174.3987 document: file:///C:/Users/74993/Desktop/毕设/wll论文/java-language-server2/outputDir/DEF/ch/DEF_880.java
Sep 28, 2025 4:53:30 PM org.javacs.JavaLanguageServer didOpenTextDocument
INFO: #didOpenTextDocument# try call rename {"context":{"includeDeclaration":false},"textDocument":{"uri":"file:///C:/Users/74993/Desktop/%E6%AF%95%E8%AE%BE/wll%E8%AE%BA%E6%96%87/java-language-server2/outputDir/DEF/ch/DEF_880.java"},"position":{"line":58,"character":32}}
Sep 28, 2025 4:53:30 PM org.javacs.JavaCompilerService compileBatch
INFO: ...using cached compile
Sep 28, 2025 4:53:30 PM org.javacs.JavaLanguageServer rename
INFO: rename: 173.2775 document: file:///C:/Users/74993/Desktop/毕设/wll论文/java-language-server2/outputDir/DEF/ch/DEF_880.java
Sep 28, 2025 4:53:30 PM org.javacs.JavaCompilerService compileBatch
INFO: ...using cached compile
Sep 28, 2025 4:53:30 PM org.javacs.JavaLanguageServer rename
INFO: rename: 178.3647 document: file:///C:/Users/74993/Desktop/毕设/wll论文/java-language-server2/outputDir/DEF/ch/DEF_880.java
Sep 28, 2025 4:53:30 PM org.javacs.JavaCompilerService compileBatch
INFO: ...using cached compile
Sep 28, 2025 4:53:30 PM org.javacs.JavaLanguageServer rename
INFO: rename: 177.0751 document: file:///C:/Users/74993/Desktop/毕设/wll论文/java-language-server2/outputDir/DEF/ch/DEF_880.java
Sep 28, 2025 4:53:30 PM org.javacs.JavaCompilerService compileBatch
INFO: ...using cached compile
Sep 28, 2025 4:53:30 PM org.javacs.JavaLanguageServer rename
INFO: rename: 174.5015 document: file:///C:/Users/74993/Desktop/毕设/wll论文/java-language-server2/outputDir/DEF/ch/DEF_880.java
Sep 28, 2025 4:53:30 PM org.javacs.JavaCompilerService compileBatch
INFO: ...using cached compile
Sep 28, 2025 4:53:31 PM org.javacs.JavaLanguageServer rename
INFO: rename: 157.5511 document: file:///C:/Users/74993/Desktop/毕设/wll论文/java-language-server2/outputDir/DEF/ch/DEF_880.java
Sep 28, 2025 4:53:31 PM org.javacs.JavaLanguageServer didOpenTextDocument
INFO: #didOpenTextDocument# try completion {"context":{"includeDeclaration":false},"textDocument":{"uri":"file:///C:/Users/74993/Desktop/%E6%AF%95%E8%AE%BE/wll%E8%AE%BA%E6%96%87/java-language-server2/outputDir/DEF/ch/DEF_880.java"},"position":{"line":58,"character":32}}
Sep 28, 2025 4:53:31 PM org.javacs.JavaLanguageServer completion
INFO: completion: 9.5173 document: file:///C:/Users/74993/Desktop/毕设/wll论文/java-language-server2/outputDir/DEF/ch/DEF_880.java
Sep 28, 2025 4:53:31 PM org.javacs.JavaLanguageServer completion
INFO: completion: 9.528 document: file:///C:/Users/74993/Desktop/毕设/wll论文/java-language-server2/outputDir/DEF/ch/DEF_880.java
Sep 28, 2025 4:53:31 PM org.javacs.JavaLanguageServer completion
INFO: completion: 9.0488 document: file:///C:/Users/74993/Desktop/毕设/wll论文/java-language-server2/outputDir/DEF/ch/DEF_880.java
Sep 28, 2025 4:53:31 PM org.javacs.JavaLanguageServer completion
INFO: completion: 9.3003 document: file:///C:/Users/74993/Desktop/毕设/wll论文/java-language-server2/outputDir/DEF/ch/DEF_880.java
Sep 28, 2025 4:53:31 PM org.javacs.JavaLanguageServer completion
INFO: completion: 8.7332 document: file:///C:/Users/74993/Desktop/毕设/wll论文/java-language-server2/outputDir/DEF/ch/DEF_880.java
Sep 28, 2025 4:53:31 PM org.javacs.JavaLanguageServer didOpenTextDocument
INFO: #didOpenTextDocument# try call goto {"context":{"includeDeclaration":false},"textDocument":{"uri":"file:///C:/Users/74993/Desktop/%E6%AF%95%E8%AE%BE/wll%E8%AE%BA%E6%96%87/java-language-server2/outputDir/DEF/ch/DEF_880.java"},"position":{"line":4860,"character":26}}
Sep 28, 2025 4:53:31 PM org.javacs.JavaCompilerService findPublicTypeDeclarationInJdk
INFO: ...found jar:file:///C:/Program%20Files/Java/jdk-22/lib/src.zip!/java.base/java/lang/Object.java in module java.base of jdk
Sep 28, 2025 4:53:31 PM org.javacs.JavaLanguageServer gotoDefinition
INFO: gotoDefinition: 187.1303 document: file:///C:/Users/74993/Desktop/毕设/wll论文/java-language-server2/outputDir/DEF/ch/DEF_880.java
Sep 28, 2025 4:53:31 PM org.javacs.JavaCompilerService compileBatch
INFO: ...using cached compile
Sep 28, 2025 4:53:31 PM org.javacs.JavaCompilerService findPublicTypeDeclarationInJdk
INFO: ...found jar:file:///C:/Program%20Files/Java/jdk-22/lib/src.zip!/java.base/java/lang/Object.java in module java.base of jdk
Sep 28, 2025 4:53:31 PM org.javacs.JavaLanguageServer gotoDefinition
INFO: gotoDefinition: 162.7557 document: file:///C:/Users/74993/Desktop/毕设/wll论文/java-language-server2/outputDir/DEF/ch/DEF_880.java
Sep 28, 2025 4:53:31 PM org.javacs.JavaCompilerService compileBatch
INFO: ...using cached compile
Sep 28, 2025 4:53:31 PM org.javacs.JavaCompilerService findPublicTypeDeclarationInJdk
INFO: ...found jar:file:///C:/Program%20Files/Java/jdk-22/lib/src.zip!/java.base/java/lang/Object.java in module java.base of jdk
Sep 28, 2025 4:53:31 PM org.javacs.JavaLanguageServer gotoDefinition
INFO: gotoDefinition: 163.3557 document: file:///C:/Users/74993/Desktop/毕设/wll论文/java-language-server2/outputDir/DEF/ch/DEF_880.java
Sep 28, 2025 4:53:31 PM org.javacs.JavaCompilerService compileBatch
INFO: ...using cached compile
Sep 28, 2025 4:53:31 PM org.javacs.JavaCompilerService findPublicTypeDeclarationInJdk
INFO: ...found jar:file:///C:/Program%20Files/Java/jdk-22/lib/src.zip!/java.base/java/lang/Object.java in module java.base of jdk
Sep 28, 2025 4:53:31 PM org.javacs.JavaLanguageServer gotoDefinition
INFO: gotoDefinition: 171.7443 document: file:///C:/Users/74993/Desktop/毕设/wll论文/java-language-server2/outputDir/DEF/ch/DEF_880.java
Sep 28, 2025 4:53:31 PM org.javacs.JavaCompilerService compileBatch
INFO: ...using cached compile
Sep 28, 2025 4:53:31 PM org.javacs.JavaCompilerService findPublicTypeDeclarationInJdk
INFO: ...found jar:file:///C:/Program%20Files/Java/jdk-22/lib/src.zip!/java.base/java/lang/Object.java in module java.base of jdk
Sep 28, 2025 4:53:31 PM org.javacs.JavaLanguageServer gotoDefinition
INFO: gotoDefinition: 162.9137 document: file:///C:/Users/74993/Desktop/毕设/wll论文/java-language-server2/outputDir/DEF/ch/DEF_880.java
Sep 28, 2025 4:53:31 PM org.javacs.JavaLanguageServer didOpenTextDocument
INFO: #didOpenTextDocument# try call rename {"context":{"includeDeclaration":false},"textDocument":{"uri":"file:///C:/Users/74993/Desktop/%E6%AF%95%E8%AE%BE/wll%E8%AE%BA%E6%96%87/java-language-server2/outputDir/DEF/ch/DEF_880.java"},"position":{"line":4860,"character":26}}
Sep 28, 2025 4:53:31 PM org.javacs.JavaCompilerService compileBatch
INFO: ...using cached compile
Sep 28, 2025 4:53:32 PM org.javacs.JavaLanguageServer rename
INFO: rename: 161.9551 document: file:///C:/Users/74993/Desktop/毕设/wll论文/java-language-server2/outputDir/DEF/ch/DEF_880.java
Sep 28, 2025 4:53:32 PM org.javacs.JavaCompilerService compileBatch
INFO: ...using cached compile
Sep 28, 2025 4:53:32 PM org.javacs.JavaLanguageServer rename
INFO: rename: 159.1258 document: file:///C:/Users/74993/Desktop/毕设/wll论文/java-language-server2/outputDir/DEF/ch/DEF_880.java
Sep 28, 2025 4:53:32 PM org.javacs.JavaCompilerService compileBatch
INFO: ...using cached compile
Sep 28, 2025 4:53:32 PM org.javacs.JavaLanguageServer rename
INFO: rename: 167.1842 document: file:///C:/Users/74993/Desktop/毕设/wll论文/java-language-server2/outputDir/DEF/ch/DEF_880.java
Sep 28, 2025 4:53:32 PM org.javacs.JavaCompilerService compileBatch
INFO: ...using cached compile
Sep 28, 2025 4:53:32 PM org.javacs.JavaLanguageServer rename
INFO: rename: 173.7086 document: file:///C:/Users/74993/Desktop/毕设/wll论文/java-language-server2/outputDir/DEF/ch/DEF_880.java
Sep 28, 2025 4:53:32 PM org.javacs.JavaCompilerService compileBatch
INFO: ...using cached compile
Sep 28, 2025 4:53:32 PM org.javacs.JavaLanguageServer rename
INFO: rename: 176.1447 document: file:///C:/Users/74993/Desktop/毕设/wll论文/java-language-server2/outputDir/DEF/ch/DEF_880.java
Sep 28, 2025 4:53:32 PM org.javacs.JavaLanguageServer didOpenTextDocument
INFO: #didOpenTextDocument# try completion {"context":{"includeDeclaration":false},"textDocument":{"uri":"file:///C:/Users/74993/Desktop/%E6%AF%95%E8%AE%BE/wll%E8%AE%BA%E6%96%87/java-language-server2/outputDir/DEF/ch/DEF_880.java"},"position":{"line":4860,"character":26}}
Sep 28, 2025 4:53:32 PM org.javacs.JavaLanguageServer completion
INFO: completion: 11.7618 document: file:///C:/Users/74993/Desktop/毕设/wll论文/java-language-server2/outputDir/DEF/ch/DEF_880.java
Sep 28, 2025 4:53:32 PM org.javacs.JavaLanguageServer completion
INFO: completion: 9.3087 document: file:///C:/Users/74993/Desktop/毕设/wll论文/java-language-server2/outputDir/DEF/ch/DEF_880.java
Sep 28, 2025 4:53:32 PM org.javacs.JavaLanguageServer completion
INFO: completion: 10.0474 document: file:///C:/Users/74993/Desktop/毕设/wll论文/java-language-server2/outputDir/DEF/ch/DEF_880.java
Sep 28, 2025 4:53:32 PM org.javacs.JavaLanguageServer completion
INFO: completion: 9.2236 document: file:///C:/Users/74993/Desktop/毕设/wll论文/java-language-server2/outputDir/DEF/ch/DEF_880.java
Sep 28, 2025 4:53:32 PM org.javacs.JavaLanguageServer completion
INFO: completion: 9.5231 document: file:///C:/Users/74993/Desktop/毕设/wll论文/java-language-server2/outputDir/DEF/ch/DEF_880.java
Sep 28, 2025 4:53:32 PM org.javacs.JavaLanguageServer didOpenTextDocument
INFO: #didOpenTextDocument# try call reference {"context":{"includeDeclaration":false},"textDocument":{"uri":"file:///C:/Users/74993/Desktop/%E6%AF%95%E8%AE%BE/wll%E8%AE%BA%E6%96%87/java-language-server2/outputDir/DEF/ci/DEF_960.java"},"position":{"line":73,"character":31}}
Sep 28, 2025 4:53:32 PM org.javacs.ScanClassPath jdkTopLevelClasses
INFO: Searching for top-level classes in the JDK
Sep 28, 2025 4:53:32 PM org.javacs.ScanClassPath jdkTopLevelClasses
INFO: Found 15005 classes in the java platform
Sep 28, 2025 4:53:32 PM org.javacs.ScanClassPath classPathTopLevelClasses
INFO: Searching for top-level classes in 0 classpath locations
Sep 28, 2025 4:53:32 PM org.javacs.ScanClassPath classPathTopLevelClasses
INFO: Found 0 classes in classpath
Sep 28, 2025 4:53:32 PM org.javacs.ReusableCompiler getTask
WARNING: Options changed from [-classpath, , --add-modules, ALL-MODULE-PATH, -proc:none, -g, -Xlint:cast, -Xlint:deprecation, -Xlint:empty, -Xlint:fallthrough, -Xlint:finally, -Xlint:path, -Xlint:unchecked, -Xlint:varargs, -Xlint:static] to [-classpath, , --add-modules, ALL-MODULE-PATH, -proc:none, -g, -Xlint:cast, -Xlint:deprecation, -Xlint:empty, -Xlint:fallthrough, -Xlint:finally, -Xlint:path, -Xlint:unchecked, -Xlint:varargs, -Xlint:static], creating new compiler
Sep 28, 2025 4:53:33 PM org.javacs.JavaLanguageServer findReferences
INFO: compile component: 22.1434 document: file:///C:/Users/74993/Desktop/毕设/wll论文/java-language-server2/outputDir/DEF/ci/DEF_960.java
Sep 28, 2025 4:53:33 PM org.javacs.JavaLanguageServer findReferences
INFO: locate component: 181.7405 document: file:///C:/Users/74993/Desktop/毕设/wll论文/java-language-server2/outputDir/DEF/ci/DEF_960.java
Sep 28, 2025 4:53:33 PM org.javacs.JavaLanguageServer findReferences
INFO: traverse component: 0.0 document: file:///C:/Users/74993/Desktop/毕设/wll论文/java-language-server2/outputDir/DEF/ci/DEF_960.java
Sep 28, 2025 4:53:33 PM org.javacs.JavaLanguageServer findReferences
INFO: NOD: 12950 document: file:///C:/Users/74993/Desktop/毕设/wll论文/java-language-server2/outputDir/DEF/ci/DEF_960.java
Sep 28, 2025 4:53:33 PM org.javacs.JavaLanguageServer findReferences
INFO: DEF: 960 document: file:///C:/Users/74993/Desktop/毕设/wll论文/java-language-server2/outputDir/DEF/ci/DEF_960.java
Sep 28, 2025 4:53:33 PM org.javacs.JavaLanguageServer findReferences
INFO: OCC: 7642 document: file:///C:/Users/74993/Desktop/毕设/wll论文/java-language-server2/outputDir/DEF/ci/DEF_960.java
Sep 28, 2025 4:53:33 PM org.javacs.JavaLanguageServer findReferences
INFO: LOC: 5411 document: file:///C:/Users/74993/Desktop/毕设/wll论文/java-language-server2/outputDir/DEF/ci/DEF_960.java
Sep 28, 2025 4:53:33 PM org.javacs.ScanClassPath jdkTopLevelClasses
INFO: Searching for top-level classes in the JDK
Sep 28, 2025 4:53:33 PM org.javacs.ScanClassPath jdkTopLevelClasses
INFO: Found 15005 classes in the java platform
Sep 28, 2025 4:53:33 PM org.javacs.ScanClassPath classPathTopLevelClasses
INFO: Searching for top-level classes in 0 classpath locations
Sep 28, 2025 4:53:33 PM org.javacs.ScanClassPath classPathTopLevelClasses
INFO: Found 0 classes in classpath
Sep 28, 2025 4:53:33 PM org.javacs.ReusableCompiler getTask
WARNING: Options changed from [-classpath, , --add-modules, ALL-MODULE-PATH, -proc:none, -g, -Xlint:cast, -Xlint:deprecation, -Xlint:empty, -Xlint:fallthrough, -Xlint:finally, -Xlint:path, -Xlint:unchecked, -Xlint:varargs, -Xlint:static] to [-classpath, , --add-modules, ALL-MODULE-PATH, -proc:none, -g, -Xlint:cast, -Xlint:deprecation, -Xlint:empty, -Xlint:fallthrough, -Xlint:finally, -Xlint:path, -Xlint:unchecked, -Xlint:varargs, -Xlint:static], creating new compiler
Sep 28, 2025 4:53:33 PM org.javacs.JavaLanguageServer findReferences
INFO: compile component: 10.4314 document: file:///C:/Users/74993/Desktop/毕设/wll论文/java-language-server2/outputDir/DEF/ci/DEF_960.java
Sep 28, 2025 4:53:33 PM org.javacs.JavaLanguageServer findReferences
INFO: locate component: 190.8731 document: file:///C:/Users/74993/Desktop/毕设/wll论文/java-language-server2/outputDir/DEF/ci/DEF_960.java
Sep 28, 2025 4:53:33 PM org.javacs.JavaLanguageServer findReferences
INFO: traverse component: 0.0 document: file:///C:/Users/74993/Desktop/毕设/wll论文/java-language-server2/outputDir/DEF/ci/DEF_960.java
Sep 28, 2025 4:53:33 PM org.javacs.JavaLanguageServer findReferences
INFO: NOD: 12950 document: file:///C:/Users/74993/Desktop/毕设/wll论文/java-language-server2/outputDir/DEF/ci/DEF_960.java
Sep 28, 2025 4:53:33 PM org.javacs.JavaLanguageServer findReferences
INFO: DEF: 960 document: file:///C:/Users/74993/Desktop/毕设/wll论文/java-language-server2/outputDir/DEF/ci/DEF_960.java
Sep 28, 2025 4:53:33 PM org.javacs.JavaLanguageServer findReferences
INFO: OCC: 7642 document: file:///C:/Users/74993/Desktop/毕设/wll论文/java-language-server2/outputDir/DEF/ci/DEF_960.java
Sep 28, 2025 4:53:33 PM org.javacs.JavaLanguageServer findReferences
INFO: LOC: 5411 document: file:///C:/Users/74993/Desktop/毕设/wll论文/java-language-server2/outputDir/DEF/ci/DEF_960.java
Sep 28, 2025 4:53:33 PM org.javacs.ScanClassPath jdkTopLevelClasses
INFO: Searching for top-level classes in the JDK
Sep 28, 2025 4:53:33 PM org.javacs.ScanClassPath jdkTopLevelClasses
INFO: Found 15005 classes in the java platform
Sep 28, 2025 4:53:33 PM org.javacs.ScanClassPath classPathTopLevelClasses
INFO: Searching for top-level classes in 0 classpath locations
Sep 28, 2025 4:53:33 PM org.javacs.ScanClassPath classPathTopLevelClasses
INFO: Found 0 classes in classpath
Sep 28, 2025 4:53:33 PM org.javacs.ReusableCompiler getTask
WARNING: Options changed from [-classpath, , --add-modules, ALL-MODULE-PATH, -proc:none, -g, -Xlint:cast, -Xlint:deprecation, -Xlint:empty, -Xlint:fallthrough, -Xlint:finally, -Xlint:path, -Xlint:unchecked, -Xlint:varargs, -Xlint:static] to [-classpath, , --add-modules, ALL-MODULE-PATH, -proc:none, -g, -Xlint:cast, -Xlint:deprecation, -Xlint:empty, -Xlint:fallthrough, -Xlint:finally, -Xlint:path, -Xlint:unchecked, -Xlint:varargs, -Xlint:static], creating new compiler
Sep 28, 2025 4:53:33 PM org.javacs.JavaLanguageServer findReferences
INFO: compile component: 12.2923 document: file:///C:/Users/74993/Desktop/毕设/wll论文/java-language-server2/outputDir/DEF/ci/DEF_960.java
Sep 28, 2025 4:53:34 PM org.javacs.JavaLanguageServer findReferences
INFO: locate component: 211.5245 document: file:///C:/Users/74993/Desktop/毕设/wll论文/java-language-server2/outputDir/DEF/ci/DEF_960.java
Sep 28, 2025 4:53:34 PM org.javacs.JavaLanguageServer findReferences
INFO: traverse component: 1.0003 document: file:///C:/Users/74993/Desktop/毕设/wll论文/java-language-server2/outputDir/DEF/ci/DEF_960.java
Sep 28, 2025 4:53:34 PM org.javacs.JavaLanguageServer findReferences
INFO: NOD: 12950 document: file:///C:/Users/74993/Desktop/毕设/wll论文/java-language-server2/outputDir/DEF/ci/DEF_960.java
Sep 28, 2025 4:53:34 PM org.javacs.JavaLanguageServer findReferences
INFO: DEF: 960 document: file:///C:/Users/74993/Desktop/毕设/wll论文/java-language-server2/outputDir/DEF/ci/DEF_960.java
Sep 28, 2025 4:53:34 PM org.javacs.JavaLanguageServer findReferences
INFO: OCC: 7642 document: file:///C:/Users/74993/Desktop/毕设/wll论文/java-language-server2/outputDir/DEF/ci/DEF_960.java
Sep 28, 2025 4:53:34 PM org.javacs.JavaLanguageServer findReferences
INFO: LOC: 5411 document: file:///C:/Users/74993/Desktop/毕设/wll论文/java-language-server2/outputDir/DEF/ci/DEF_960.java
Sep 28, 2025 4:53:34 PM org.javacs.ScanClassPath jdkTopLevelClasses
INFO: Searching for top-level classes in the JDK
Sep 28, 2025 4:53:34 PM org.javacs.ScanClassPath jdkTopLevelClasses
INFO: Found 15005 classes in the java platform
Sep 28, 2025 4:53:34 PM org.javacs.ScanClassPath classPathTopLevelClasses
INFO: Searching for top-level classes in 0 classpath locations
Sep 28, 2025 4:53:34 PM org.javacs.ScanClassPath classPathTopLevelClasses
INFO: Found 0 classes in classpath
Sep 28, 2025 4:53:34 PM org.javacs.ReusableCompiler getTask
WARNING: Options changed from [-classpath, , --add-modules, ALL-MODULE-PATH, -proc:none, -g, -Xlint:cast, -Xlint:deprecation, -Xlint:empty, -Xlint:fallthrough, -Xlint:finally, -Xlint:path, -Xlint:unchecked, -Xlint:varargs, -Xlint:static] to [-classpath, , --add-modules, ALL-MODULE-PATH, -proc:none, -g, -Xlint:cast, -Xlint:deprecation, -Xlint:empty, -Xlint:fallthrough, -Xlint:finally, -Xlint:path, -Xlint:unchecked, -Xlint:varargs, -Xlint:static], creating new compiler
Sep 28, 2025 4:53:34 PM org.javacs.JavaLanguageServer findReferences
INFO: compile component: 9.5202 document: file:///C:/Users/74993/Desktop/毕设/wll论文/java-language-server2/outputDir/DEF/ci/DEF_960.java
Sep 28, 2025 4:53:34 PM org.javacs.JavaLanguageServer findReferences
INFO: locate component: 186.7719 document: file:///C:/Users/74993/Desktop/毕设/wll论文/java-language-server2/outputDir/DEF/ci/DEF_960.java
Sep 28, 2025 4:53:34 PM org.javacs.JavaLanguageServer findReferences
INFO: traverse component: 0.0 document: file:///C:/Users/74993/Desktop/毕设/wll论文/java-language-server2/outputDir/DEF/ci/DEF_960.java
Sep 28, 2025 4:53:34 PM org.javacs.JavaLanguageServer findReferences
INFO: NOD: 12950 document: file:///C:/Users/74993/Desktop/毕设/wll论文/java-language-server2/outputDir/DEF/ci/DEF_960.java
Sep 28, 2025 4:53:34 PM org.javacs.JavaLanguageServer findReferences
INFO: DEF: 960 document: file:///C:/Users/74993/Desktop/毕设/wll论文/java-language-server2/outputDir/DEF/ci/DEF_960.java
Sep 28, 2025 4:53:34 PM org.javacs.JavaLanguageServer findReferences
INFO: OCC: 7642 document: file:///C:/Users/74993/Desktop/毕设/wll论文/java-language-server2/outputDir/DEF/ci/DEF_960.java
Sep 28, 2025 4:53:34 PM org.javacs.JavaLanguageServer findReferences
INFO: LOC: 5411 document: file:///C:/Users/74993/Desktop/毕设/wll论文/java-language-server2/outputDir/DEF/ci/DEF_960.java
Sep 28, 2025 4:53:34 PM org.javacs.ScanClassPath jdkTopLevelClasses
INFO: Searching for top-level classes in the JDK
Sep 28, 2025 4:53:34 PM org.javacs.ScanClassPath jdkTopLevelClasses
INFO: Found 15005 classes in the java platform
Sep 28, 2025 4:53:34 PM org.javacs.ScanClassPath classPathTopLevelClasses
INFO: Searching for top-level classes in 0 classpath locations
Sep 28, 2025 4:53:34 PM org.javacs.ScanClassPath classPathTopLevelClasses
INFO: Found 0 classes in classpath
Sep 28, 2025 4:53:34 PM org.javacs.ReusableCompiler getTask
WARNING: Options changed from [-classpath, , --add-modules, ALL-MODULE-PATH, -proc:none, -g, -Xlint:cast, -Xlint:deprecation, -Xlint:empty, -Xlint:fallthrough, -Xlint:finally, -Xlint:path, -Xlint:unchecked, -Xlint:varargs, -Xlint:static] to [-classpath, , --add-modules, ALL-MODULE-PATH, -proc:none, -g, -Xlint:cast, -Xlint:deprecation, -Xlint:empty, -Xlint:fallthrough, -Xlint:finally, -Xlint:path, -Xlint:unchecked, -Xlint:varargs, -Xlint:static], creating new compiler
Sep 28, 2025 4:53:34 PM org.javacs.JavaLanguageServer findReferences
INFO: compile component: 19.0314 document: file:///C:/Users/74993/Desktop/毕设/wll论文/java-language-server2/outputDir/DEF/ci/DEF_960.java
Sep 28, 2025 4:53:34 PM org.javacs.JavaLanguageServer findReferences
INFO: locate component: 208.8882 document: file:///C:/Users/74993/Desktop/毕设/wll论文/java-language-server2/outputDir/DEF/ci/DEF_960.java
Sep 28, 2025 4:53:34 PM org.javacs.JavaLanguageServer findReferences
INFO: traverse component: 0.0 document: file:///C:/Users/74993/Desktop/毕设/wll论文/java-language-server2/outputDir/DEF/ci/DEF_960.java
Sep 28, 2025 4:53:34 PM org.javacs.JavaLanguageServer findReferences
INFO: NOD: 12950 document: file:///C:/Users/74993/Desktop/毕设/wll论文/java-language-server2/outputDir/DEF/ci/DEF_960.java
Sep 28, 2025 4:53:34 PM org.javacs.JavaLanguageServer findReferences
INFO: DEF: 960 document: file:///C:/Users/74993/Desktop/毕设/wll论文/java-language-server2/outputDir/DEF/ci/DEF_960.java
Sep 28, 2025 4:53:34 PM org.javacs.JavaLanguageServer findReferences
INFO: OCC: 7642 document: file:///C:/Users/74993/Desktop/毕设/wll论文/java-language-server2/outputDir/DEF/ci/DEF_960.java
Sep 28, 2025 4:53:34 PM org.javacs.JavaLanguageServer findReferences
INFO: LOC: 5411 document: file:///C:/Users/74993/Desktop/毕设/wll论文/java-language-server2/outputDir/DEF/ci/DEF_960.java
Sep 28, 2025 4:53:34 PM org.javacs.JavaLanguageServer didOpenTextDocument
INFO: #didOpenTextDocument# try call goto {"context":{"includeDeclaration":false},"textDocument":{"uri":"file:///C:/Users/74993/Desktop/%E6%AF%95%E8%AE%BE/wll%E8%AE%BA%E6%96%87/java-language-server2/outputDir/DEF/ci/DEF_960.java"},"position":{"line":73,"character":31}}
Sep 28, 2025 4:53:34 PM org.javacs.JavaCompilerService compileBatch
INFO: ...using cached compile
Sep 28, 2025 4:53:34 PM org.javacs.JavaLanguageServer gotoDefinition
INFO: gotoDefinition: 202.0925 document: file:///C:/Users/74993/Desktop/毕设/wll论文/java-language-server2/outputDir/DEF/ci/DEF_960.java
Sep 28, 2025 4:53:34 PM org.javacs.JavaCompilerService compileBatch
INFO: ...using cached compile
Sep 28, 2025 4:53:35 PM org.javacs.JavaLanguageServer gotoDefinition
INFO: gotoDefinition: 193.8546 document: file:///C:/Users/74993/Desktop/毕设/wll论文/java-language-server2/outputDir/DEF/ci/DEF_960.java
Sep 28, 2025 4:53:35 PM org.javacs.JavaCompilerService compileBatch
INFO: ...using cached compile
Sep 28, 2025 4:53:35 PM org.javacs.JavaLanguageServer gotoDefinition
INFO: gotoDefinition: 197.665 document: file:///C:/Users/74993/Desktop/毕设/wll论文/java-language-server2/outputDir/DEF/ci/DEF_960.java
Sep 28, 2025 4:53:35 PM org.javacs.JavaCompilerService compileBatch
INFO: ...using cached compile
Sep 28, 2025 4:53:35 PM org.javacs.JavaLanguageServer gotoDefinition
INFO: gotoDefinition: 216.337 document: file:///C:/Users/74993/Desktop/毕设/wll论文/java-language-server2/outputDir/DEF/ci/DEF_960.java
Sep 28, 2025 4:53:35 PM org.javacs.JavaCompilerService compileBatch
INFO: ...using cached compile
Sep 28, 2025 4:53:35 PM org.javacs.JavaLanguageServer gotoDefinition
INFO: gotoDefinition: 203.5092 document: file:///C:/Users/74993/Desktop/毕设/wll论文/java-language-server2/outputDir/DEF/ci/DEF_960.java
Sep 28, 2025 4:53:35 PM org.javacs.JavaLanguageServer didOpenTextDocument
INFO: #didOpenTextDocument# try call rename {"context":{"includeDeclaration":false},"textDocument":{"uri":"file:///C:/Users/74993/Desktop/%E6%AF%95%E8%AE%BE/wll%E8%AE%BA%E6%96%87/java-language-server2/outputDir/DEF/ci/DEF_960.java"},"position":{"line":73,"character":31}}
Sep 28, 2025 4:53:35 PM org.javacs.JavaCompilerService compileBatch
INFO: ...using cached compile
Sep 28, 2025 4:53:35 PM org.javacs.JavaLanguageServer rename
INFO: rename: 202.5198 document: file:///C:/Users/74993/Desktop/毕设/wll论文/java-language-server2/outputDir/DEF/ci/DEF_960.java
Sep 28, 2025 4:53:35 PM org.javacs.JavaCompilerService compileBatch
INFO: ...using cached compile
Sep 28, 2025 4:53:36 PM org.javacs.JavaLanguageServer rename
INFO: rename: 197.4291 document: file:///C:/Users/74993/Desktop/毕设/wll论文/java-language-server2/outputDir/DEF/ci/DEF_960.java
Sep 28, 2025 4:53:36 PM org.javacs.JavaCompilerService compileBatch
INFO: ...using cached compile
Sep 28, 2025 4:53:36 PM org.javacs.JavaLanguageServer rename
INFO: rename: 198.223 document: file:///C:/Users/74993/Desktop/毕设/wll论文/java-language-server2/outputDir/DEF/ci/DEF_960.java
Sep 28, 2025 4:53:36 PM org.javacs.JavaCompilerService compileBatch
INFO: ...using cached compile
Sep 28, 2025 4:53:36 PM org.javacs.JavaLanguageServer rename
INFO: rename: 189.0798 document: file:///C:/Users/74993/Desktop/毕设/wll论文/java-language-server2/outputDir/DEF/ci/DEF_960.java
Sep 28, 2025 4:53:36 PM org.javacs.JavaCompilerService compileBatch
INFO: ...using cached compile
Sep 28, 2025 4:53:36 PM org.javacs.JavaLanguageServer rename
INFO: rename: 194.2503 document: file:///C:/Users/74993/Desktop/毕设/wll论文/java-language-server2/outputDir/DEF/ci/DEF_960.java
Sep 28, 2025 4:53:36 PM org.javacs.JavaLanguageServer didOpenTextDocument
INFO: #didOpenTextDocument# try completion {"context":{"includeDeclaration":false},"textDocument":{"uri":"file:///C:/Users/74993/Desktop/%E6%AF%95%E8%AE%BE/wll%E8%AE%BA%E6%96%87/java-language-server2/outputDir/DEF/ci/DEF_960.java"},"position":{"line":73,"character":31}}
Sep 28, 2025 4:53:36 PM org.javacs.JavaLanguageServer completion
INFO: completion: 10.5206 document: file:///C:/Users/74993/Desktop/毕设/wll论文/java-language-server2/outputDir/DEF/ci/DEF_960.java
Sep 28, 2025 4:53:36 PM org.javacs.JavaLanguageServer completion
INFO: completion: 9.2838 document: file:///C:/Users/74993/Desktop/毕设/wll论文/java-language-server2/outputDir/DEF/ci/DEF_960.java
Sep 28, 2025 4:53:36 PM org.javacs.JavaLanguageServer completion
INFO: completion: 10.1292 document: file:///C:/Users/74993/Desktop/毕设/wll论文/java-language-server2/outputDir/DEF/ci/DEF_960.java
Sep 28, 2025 4:53:36 PM org.javacs.JavaLanguageServer completion
INFO: completion: 10.2873 document: file:///C:/Users/74993/Desktop/毕设/wll论文/java-language-server2/outputDir/DEF/ci/DEF_960.java
Sep 28, 2025 4:53:36 PM org.javacs.JavaLanguageServer completion
INFO: completion: 10.52 document: file:///C:/Users/74993/Desktop/毕设/wll论文/java-language-server2/outputDir/DEF/ci/DEF_960.java
Sep 28, 2025 4:53:36 PM org.javacs.JavaLanguageServer didOpenTextDocument
INFO: #didOpenTextDocument# try call goto {"context":{"includeDeclaration":false},"textDocument":{"uri":"file:///C:/Users/74993/Desktop/%E6%AF%95%E8%AE%BE/wll%E8%AE%BA%E6%96%87/java-language-server2/outputDir/DEF/ci/DEF_960.java"},"position":{"line":5395,"character":36}}
Sep 28, 2025 4:53:36 PM org.javacs.JavaLanguageServer gotoDefinition
INFO: gotoDefinition: 214.9273 document: file:///C:/Users/74993/Desktop/毕设/wll论文/java-language-server2/outputDir/DEF/ci/DEF_960.java
Sep 28, 2025 4:53:36 PM org.javacs.JavaCompilerService compileBatch
INFO: ...using cached compile
Sep 28, 2025 4:53:37 PM org.javacs.JavaLanguageServer gotoDefinition
INFO: gotoDefinition: 184.9659 document: file:///C:/Users/74993/Desktop/毕设/wll论文/java-language-server2/outputDir/DEF/ci/DEF_960.java
Sep 28, 2025 4:53:37 PM org.javacs.JavaCompilerService compileBatch
INFO: ...using cached compile
Sep 28, 2025 4:53:37 PM org.javacs.JavaLanguageServer gotoDefinition
INFO: gotoDefinition: 185.0234 document: file:///C:/Users/74993/Desktop/毕设/wll论文/java-language-server2/outputDir/DEF/ci/DEF_960.java
Sep 28, 2025 4:53:37 PM org.javacs.JavaCompilerService compileBatch
INFO: ...using cached compile
Sep 28, 2025 4:53:37 PM org.javacs.JavaLanguageServer gotoDefinition
INFO: gotoDefinition: 184.9024 document: file:///C:/Users/74993/Desktop/毕设/wll论文/java-language-server2/outputDir/DEF/ci/DEF_960.java
Sep 28, 2025 4:53:37 PM org.javacs.JavaCompilerService compileBatch
INFO: ...using cached compile
Sep 28, 2025 4:53:37 PM org.javacs.JavaLanguageServer gotoDefinition
INFO: gotoDefinition: 183.2056 document: file:///C:/Users/74993/Desktop/毕设/wll论文/java-language-server2/outputDir/DEF/ci/DEF_960.java
Sep 28, 2025 4:53:37 PM org.javacs.JavaLanguageServer didOpenTextDocument
INFO: #didOpenTextDocument# try call rename {"context":{"includeDeclaration":false},"textDocument":{"uri":"file:///C:/Users/74993/Desktop/%E6%AF%95%E8%AE%BE/wll%E8%AE%BA%E6%96%87/java-language-server2/outputDir/DEF/ci/DEF_960.java"},"position":{"line":5395,"character":36}}
Sep 28, 2025 4:53:37 PM org.javacs.JavaCompilerService compileBatch
INFO: ...using cached compile
Sep 28, 2025 4:53:37 PM org.javacs.JavaLanguageServer rename
INFO: rename: 196.3055 document: file:///C:/Users/74993/Desktop/毕设/wll论文/java-language-server2/outputDir/DEF/ci/DEF_960.java
Sep 28, 2025 4:53:37 PM org.javacs.JavaCompilerService compileBatch
INFO: ...using cached compile
Sep 28, 2025 4:53:38 PM org.javacs.JavaLanguageServer rename
INFO: rename: 187.5881 document: file:///C:/Users/74993/Desktop/毕设/wll论文/java-language-server2/outputDir/DEF/ci/DEF_960.java
Sep 28, 2025 4:53:38 PM org.javacs.JavaCompilerService compileBatch
INFO: ...using cached compile
Sep 28, 2025 4:53:38 PM org.javacs.JavaLanguageServer rename
INFO: rename: 194.9033 document: file:///C:/Users/74993/Desktop/毕设/wll论文/java-language-server2/outputDir/DEF/ci/DEF_960.java
Sep 28, 2025 4:53:38 PM org.javacs.JavaCompilerService compileBatch
INFO: ...using cached compile
Sep 28, 2025 4:53:38 PM org.javacs.JavaLanguageServer rename
INFO: rename: 276.1882 document: file:///C:/Users/74993/Desktop/毕设/wll论文/java-language-server2/outputDir/DEF/ci/DEF_960.java
Sep 28, 2025 4:53:38 PM org.javacs.JavaCompilerService compileBatch
INFO: ...using cached compile
Sep 28, 2025 4:53:38 PM org.javacs.JavaLanguageServer rename
INFO: rename: 270.0318 document: file:///C:/Users/74993/Desktop/毕设/wll论文/java-language-server2/outputDir/DEF/ci/DEF_960.java
Sep 28, 2025 4:53:38 PM org.javacs.JavaLanguageServer didOpenTextDocument
INFO: #didOpenTextDocument# try completion {"context":{"includeDeclaration":false},"textDocument":{"uri":"file:///C:/Users/74993/Desktop/%E6%AF%95%E8%AE%BE/wll%E8%AE%BA%E6%96%87/java-language-server2/outputDir/DEF/ci/DEF_960.java"},"position":{"line":5395,"character":36}}
Sep 28, 2025 4:53:38 PM org.javacs.JavaLanguageServer completion
INFO: completion: 17.5191 document: file:///C:/Users/74993/Desktop/毕设/wll论文/java-language-server2/outputDir/DEF/ci/DEF_960.java
Sep 28, 2025 4:53:38 PM org.javacs.JavaLanguageServer completion
INFO: completion: 17.0088 document: file:///C:/Users/74993/Desktop/毕设/wll论文/java-language-server2/outputDir/DEF/ci/DEF_960.java
Sep 28, 2025 4:53:38 PM org.javacs.JavaLanguageServer completion
INFO: completion: 14.2256 document: file:///C:/Users/74993/Desktop/毕设/wll论文/java-language-server2/outputDir/DEF/ci/DEF_960.java
Sep 28, 2025 4:53:38 PM org.javacs.JavaLanguageServer completion
INFO: completion: 14.2374 document: file:///C:/Users/74993/Desktop/毕设/wll论文/java-language-server2/outputDir/DEF/ci/DEF_960.java
Sep 28, 2025 4:53:38 PM org.javacs.JavaLanguageServer completion
INFO: completion: 16.8098 document: file:///C:/Users/74993/Desktop/毕设/wll论文/java-language-server2/outputDir/DEF/ci/DEF_960.java
Sep 28, 2025 4:53:39 PM org.javacs.JavaLanguageServer didOpenTextDocument
INFO: #didOpenTextDocument# try call reference {"context":{"includeDeclaration":false},"textDocument":{"uri":"file:///C:/Users/74993/Desktop/%E6%AF%95%E8%AE%BE/wll%E8%AE%BA%E6%96%87/java-language-server2/outputDir/DEF/cj/DEF_1040.java"},"position":{"line":73,"character":31}}
Sep 28, 2025 4:53:39 PM org.javacs.ScanClassPath jdkTopLevelClasses
INFO: Searching for top-level classes in the JDK
Sep 28, 2025 4:53:39 PM org.javacs.ScanClassPath jdkTopLevelClasses
INFO: Found 15005 classes in the java platform
Sep 28, 2025 4:53:39 PM org.javacs.ScanClassPath classPathTopLevelClasses
INFO: Searching for top-level classes in 0 classpath locations
Sep 28, 2025 4:53:39 PM org.javacs.ScanClassPath classPathTopLevelClasses
INFO: Found 0 classes in classpath
Sep 28, 2025 4:53:39 PM org.javacs.ReusableCompiler getTask
WARNING: Options changed from [-classpath, , --add-modules, ALL-MODULE-PATH, -proc:none, -g, -Xlint:cast, -Xlint:deprecation, -Xlint:empty, -Xlint:fallthrough, -Xlint:finally, -Xlint:path, -Xlint:unchecked, -Xlint:varargs, -Xlint:static] to [-classpath, , --add-modules, ALL-MODULE-PATH, -proc:none, -g, -Xlint:cast, -Xlint:deprecation, -Xlint:empty, -Xlint:fallthrough, -Xlint:finally, -Xlint:path, -Xlint:unchecked, -Xlint:varargs, -Xlint:static], creating new compiler
Sep 28, 2025 4:53:39 PM org.javacs.JavaLanguageServer findReferences
INFO: compile component: 32.8534 document: file:///C:/Users/74993/Desktop/毕设/wll论文/java-language-server2/outputDir/DEF/cj/DEF_1040.java
Sep 28, 2025 4:53:39 PM org.javacs.JavaLanguageServer findReferences
INFO: locate component: 297.3879 document: file:///C:/Users/74993/Desktop/毕设/wll论文/java-language-server2/outputDir/DEF/cj/DEF_1040.java
Sep 28, 2025 4:53:39 PM org.javacs.JavaLanguageServer findReferences
INFO: traverse component: 0.0 document: file:///C:/Users/74993/Desktop/毕设/wll论文/java-language-server2/outputDir/DEF/cj/DEF_1040.java
Sep 28, 2025 4:53:39 PM org.javacs.JavaLanguageServer findReferences
INFO: NOD: 13827 document: file:///C:/Users/74993/Desktop/毕设/wll论文/java-language-server2/outputDir/DEF/cj/DEF_1040.java
Sep 28, 2025 4:53:39 PM org.javacs.JavaLanguageServer findReferences
INFO: DEF: 1040 document: file:///C:/Users/74993/Desktop/毕设/wll论文/java-language-server2/outputDir/DEF/cj/DEF_1040.java
Sep 28, 2025 4:53:39 PM org.javacs.JavaLanguageServer findReferences
INFO: OCC: 8150 document: file:///C:/Users/74993/Desktop/毕设/wll论文/java-language-server2/outputDir/DEF/cj/DEF_1040.java
Sep 28, 2025 4:53:39 PM org.javacs.JavaLanguageServer findReferences
INFO: LOC: 5883 document: file:///C:/Users/74993/Desktop/毕设/wll论文/java-language-server2/outputDir/DEF/cj/DEF_1040.java
Sep 28, 2025 4:53:39 PM org.javacs.ScanClassPath jdkTopLevelClasses
INFO: Searching for top-level classes in the JDK
Sep 28, 2025 4:53:39 PM org.javacs.ScanClassPath jdkTopLevelClasses
INFO: Found 15005 classes in the java platform
Sep 28, 2025 4:53:39 PM org.javacs.ScanClassPath classPathTopLevelClasses
INFO: Searching for top-level classes in 0 classpath locations
Sep 28, 2025 4:53:39 PM org.javacs.ScanClassPath classPathTopLevelClasses
INFO: Found 0 classes in classpath
Sep 28, 2025 4:53:39 PM org.javacs.ReusableCompiler getTask
WARNING: Options changed from [-classpath, , --add-modules, ALL-MODULE-PATH, -proc:none, -g, -Xlint:cast, -Xlint:deprecation, -Xlint:empty, -Xlint:fallthrough, -Xlint:finally, -Xlint:path, -Xlint:unchecked, -Xlint:varargs, -Xlint:static] to [-classpath, , --add-modules, ALL-MODULE-PATH, -proc:none, -g, -Xlint:cast, -Xlint:deprecation, -Xlint:empty, -Xlint:fallthrough, -Xlint:finally, -Xlint:path, -Xlint:unchecked, -Xlint:varargs, -Xlint:static], creating new compiler
Sep 28, 2025 4:53:39 PM org.javacs.JavaLanguageServer findReferences
INFO: compile component: 14.654 document: file:///C:/Users/74993/Desktop/毕设/wll论文/java-language-server2/outputDir/DEF/cj/DEF_1040.java
Sep 28, 2025 4:53:40 PM org.javacs.JavaLanguageServer findReferences
INFO: locate component: 292.947 document: file:///C:/Users/74993/Desktop/毕设/wll论文/java-language-server2/outputDir/DEF/cj/DEF_1040.java
Sep 28, 2025 4:53:40 PM org.javacs.JavaLanguageServer findReferences
INFO: traverse component: 0.0 document: file:///C:/Users/74993/Desktop/毕设/wll论文/java-language-server2/outputDir/DEF/cj/DEF_1040.java
Sep 28, 2025 4:53:40 PM org.javacs.JavaLanguageServer findReferences
INFO: NOD: 13827 document: file:///C:/Users/74993/Desktop/毕设/wll论文/java-language-server2/outputDir/DEF/cj/DEF_1040.java
Sep 28, 2025 4:53:40 PM org.javacs.JavaLanguageServer findReferences
INFO: DEF: 1040 document: file:///C:/Users/74993/Desktop/毕设/wll论文/java-language-server2/outputDir/DEF/cj/DEF_1040.java
Sep 28, 2025 4:53:40 PM org.javacs.JavaLanguageServer findReferences
INFO: OCC: 8150 document: file:///C:/Users/74993/Desktop/毕设/wll论文/java-language-server2/outputDir/DEF/cj/DEF_1040.java
Sep 28, 2025 4:53:40 PM org.javacs.JavaLanguageServer findReferences
INFO: LOC: 5883 document: file:///C:/Users/74993/Desktop/毕设/wll论文/java-language-server2/outputDir/DEF/cj/DEF_1040.java
Sep 28, 2025 4:53:40 PM org.javacs.ScanClassPath jdkTopLevelClasses
INFO: Searching for top-level classes in the JDK
Sep 28, 2025 4:53:40 PM org.javacs.ScanClassPath jdkTopLevelClasses
INFO: Found 15005 classes in the java platform
Sep 28, 2025 4:53:40 PM org.javacs.ScanClassPath classPathTopLevelClasses
INFO: Searching for top-level classes in 0 classpath locations
Sep 28, 2025 4:53:40 PM org.javacs.ScanClassPath classPathTopLevelClasses
INFO: Found 0 classes in classpath
Sep 28, 2025 4:53:40 PM org.javacs.ReusableCompiler getTask
WARNING: Options changed from [-classpath, , --add-modules, ALL-MODULE-PATH, -proc:none, -g, -Xlint:cast, -Xlint:deprecation, -Xlint:empty, -Xlint:fallthrough, -Xlint:finally, -Xlint:path, -Xlint:unchecked, -Xlint:varargs, -Xlint:static] to [-classpath, , --add-modules, ALL-MODULE-PATH, -proc:none, -g, -Xlint:cast, -Xlint:deprecation, -Xlint:empty, -Xlint:fallthrough, -Xlint:finally, -Xlint:path, -Xlint:unchecked, -Xlint:varargs, -Xlint:static], creating new compiler
Sep 28, 2025 4:53:40 PM org.javacs.JavaLanguageServer findReferences
INFO: compile component: 14.7339 document: file:///C:/Users/74993/Desktop/毕设/wll论文/java-language-server2/outputDir/DEF/cj/DEF_1040.java
Sep 28, 2025 4:53:40 PM org.javacs.JavaLanguageServer findReferences
INFO: locate component: 302.9638 document: file:///C:/Users/74993/Desktop/毕设/wll论文/java-language-server2/outputDir/DEF/cj/DEF_1040.java
Sep 28, 2025 4:53:40 PM org.javacs.JavaLanguageServer findReferences
INFO: traverse component: 0.0 document: file:///C:/Users/74993/Desktop/毕设/wll论文/java-language-server2/outputDir/DEF/cj/DEF_1040.java
Sep 28, 2025 4:53:40 PM org.javacs.JavaLanguageServer findReferences
INFO: NOD: 13827 document: file:///C:/Users/74993/Desktop/毕设/wll论文/java-language-server2/outputDir/DEF/cj/DEF_1040.java
Sep 28, 2025 4:53:40 PM org.javacs.JavaLanguageServer findReferences
INFO: DEF: 1040 document: file:///C:/Users/74993/Desktop/毕设/wll论文/java-language-server2/outputDir/DEF/cj/DEF_1040.java
Sep 28, 2025 4:53:40 PM org.javacs.JavaLanguageServer findReferences
INFO: OCC: 8150 document: file:///C:/Users/74993/Desktop/毕设/wll论文/java-language-server2/outputDir/DEF/cj/DEF_1040.java
Sep 28, 2025 4:53:40 PM org.javacs.JavaLanguageServer findReferences
INFO: LOC: 5883 document: file:///C:/Users/74993/Desktop/毕设/wll论文/java-language-server2/outputDir/DEF/cj/DEF_1040.java
Sep 28, 2025 4:53:40 PM org.javacs.ScanClassPath jdkTopLevelClasses
INFO: Searching for top-level classes in the JDK
Sep 28, 2025 4:53:40 PM org.javacs.ScanClassPath jdkTopLevelClasses
INFO: Found 15005 classes in the java platform
Sep 28, 2025 4:53:40 PM org.javacs.ScanClassPath classPathTopLevelClasses
INFO: Searching for top-level classes in 0 classpath locations
Sep 28, 2025 4:53:40 PM org.javacs.ScanClassPath classPathTopLevelClasses
INFO: Found 0 classes in classpath
Sep 28, 2025 4:53:40 PM org.javacs.ReusableCompiler getTask
WARNING: Options changed from [-classpath, , --add-modules, ALL-MODULE-PATH, -proc:none, -g, -Xlint:cast, -Xlint:deprecation, -Xlint:empty, -Xlint:fallthrough, -Xlint:finally, -Xlint:path, -Xlint:unchecked, -Xlint:varargs, -Xlint:static] to [-classpath, , --add-modules, ALL-MODULE-PATH, -proc:none, -g, -Xlint:cast, -Xlint:deprecation, -Xlint:empty, -Xlint:fallthrough, -Xlint:finally, -Xlint:path, -Xlint:unchecked, -Xlint:varargs, -Xlint:static], creating new compiler
Sep 28, 2025 4:53:40 PM org.javacs.JavaLanguageServer findReferences
INFO: compile component: 15.5096 document: file:///C:/Users/74993/Desktop/毕设/wll论文/java-language-server2/outputDir/DEF/cj/DEF_1040.java
Sep 28, 2025 4:53:41 PM org.javacs.JavaLanguageServer findReferences
INFO: locate component: 291.9302 document: file:///C:/Users/74993/Desktop/毕设/wll论文/java-language-server2/outputDir/DEF/cj/DEF_1040.java
Sep 28, 2025 4:53:41 PM org.javacs.JavaLanguageServer findReferences
INFO: traverse component: 0.0 document: file:///C:/Users/74993/Desktop/毕设/wll论文/java-language-server2/outputDir/DEF/cj/DEF_1040.java
Sep 28, 2025 4:53:41 PM org.javacs.JavaLanguageServer findReferences
INFO: NOD: 13827 document: file:///C:/Users/74993/Desktop/毕设/wll论文/java-language-server2/outputDir/DEF/cj/DEF_1040.java
Sep 28, 2025 4:53:41 PM org.javacs.JavaLanguageServer findReferences
INFO: DEF: 1040 document: file:///C:/Users/74993/Desktop/毕设/wll论文/java-language-server2/outputDir/DEF/cj/DEF_1040.java
Sep 28, 2025 4:53:41 PM org.javacs.JavaLanguageServer findReferences
INFO: OCC: 8150 document: file:///C:/Users/74993/Desktop/毕设/wll论文/java-language-server2/outputDir/DEF/cj/DEF_1040.java
Sep 28, 2025 4:53:41 PM org.javacs.JavaLanguageServer findReferences
INFO: LOC: 5883 document: file:///C:/Users/74993/Desktop/毕设/wll论文/java-language-server2/outputDir/DEF/cj/DEF_1040.java
Sep 28, 2025 4:53:41 PM org.javacs.ScanClassPath jdkTopLevelClasses
INFO: Searching for top-level classes in the JDK
Sep 28, 2025 4:53:41 PM org.javacs.ScanClassPath jdkTopLevelClasses
INFO: Found 15005 classes in the java platform
Sep 28, 2025 4:53:41 PM org.javacs.ScanClassPath classPathTopLevelClasses
INFO: Searching for top-level classes in 0 classpath locations
Sep 28, 2025 4:53:41 PM org.javacs.ScanClassPath classPathTopLevelClasses
INFO: Found 0 classes in classpath
Sep 28, 2025 4:53:41 PM org.javacs.ReusableCompiler getTask
WARNING: Options changed from [-classpath, , --add-modules, ALL-MODULE-PATH, -proc:none, -g, -Xlint:cast, -Xlint:deprecation, -Xlint:empty, -Xlint:fallthrough, -Xlint:finally, -Xlint:path, -Xlint:unchecked, -Xlint:varargs, -Xlint:static] to [-classpath, , --add-modules, ALL-MODULE-PATH, -proc:none, -g, -Xlint:cast, -Xlint:deprecation, -Xlint:empty, -Xlint:fallthrough, -Xlint:finally, -Xlint:path, -Xlint:unchecked, -Xlint:varargs, -Xlint:static], creating new compiler
Sep 28, 2025 4:53:41 PM org.javacs.JavaLanguageServer findReferences
INFO: compile component: 14.0257 document: file:///C:/Users/74993/Desktop/毕设/wll论文/java-language-server2/outputDir/DEF/cj/DEF_1040.java
Sep 28, 2025 4:53:41 PM org.javacs.JavaLanguageServer findReferences
INFO: locate component: 272.0938 document: file:///C:/Users/74993/Desktop/毕设/wll论文/java-language-server2/outputDir/DEF/cj/DEF_1040.java
Sep 28, 2025 4:53:41 PM org.javacs.JavaLanguageServer findReferences
INFO: traverse component: 1.0015 document: file:///C:/Users/74993/Desktop/毕设/wll论文/java-language-server2/outputDir/DEF/cj/DEF_1040.java
Sep 28, 2025 4:53:41 PM org.javacs.JavaLanguageServer findReferences
INFO: NOD: 13827 document: file:///C:/Users/74993/Desktop/毕设/wll论文/java-language-server2/outputDir/DEF/cj/DEF_1040.java
Sep 28, 2025 4:53:41 PM org.javacs.JavaLanguageServer findReferences
INFO: DEF: 1040 document: file:///C:/Users/74993/Desktop/毕设/wll论文/java-language-server2/outputDir/DEF/cj/DEF_1040.java
Sep 28, 2025 4:53:41 PM org.javacs.JavaLanguageServer findReferences
INFO: OCC: 8150 document: file:///C:/Users/74993/Desktop/毕设/wll论文/java-language-server2/outputDir/DEF/cj/DEF_1040.java
Sep 28, 2025 4:53:41 PM org.javacs.JavaLanguageServer findReferences
INFO: LOC: 5883 document: file:///C:/Users/74993/Desktop/毕设/wll论文/java-language-server2/outputDir/DEF/cj/DEF_1040.java
Sep 28, 2025 4:53:41 PM org.javacs.JavaLanguageServer didOpenTextDocument
INFO: #didOpenTextDocument# try call goto {"context":{"includeDeclaration":false},"textDocument":{"uri":"file:///C:/Users/74993/Desktop/%E6%AF%95%E8%AE%BE/wll%E8%AE%BA%E6%96%87/java-language-server2/outputDir/DEF/cj/DEF_1040.java"},"position":{"line":73,"character":31}}
Sep 28, 2025 4:53:41 PM org.javacs.JavaCompilerService compileBatch
INFO: ...using cached compile
Sep 28, 2025 4:53:41 PM org.javacs.JavaLanguageServer gotoDefinition
INFO: gotoDefinition: 294.219 document: file:///C:/Users/74993/Desktop/毕设/wll论文/java-language-server2/outputDir/DEF/cj/DEF_1040.java
Sep 28, 2025 4:53:41 PM org.javacs.JavaCompilerService compileBatch
INFO: ...using cached compile
Sep 28, 2025 4:53:42 PM org.javacs.JavaLanguageServer gotoDefinition
INFO: gotoDefinition: 289.7735 document: file:///C:/Users/74993/Desktop/毕设/wll论文/java-language-server2/outputDir/DEF/cj/DEF_1040.java
Sep 28, 2025 4:53:42 PM org.javacs.JavaCompilerService compileBatch
INFO: ...using cached compile
Sep 28, 2025 4:53:42 PM org.javacs.JavaLanguageServer gotoDefinition
INFO: gotoDefinition: 293.281 document: file:///C:/Users/74993/Desktop/毕设/wll论文/java-language-server2/outputDir/DEF/cj/DEF_1040.java
Sep 28, 2025 4:53:42 PM org.javacs.JavaCompilerService compileBatch
INFO: ...using cached compile
Sep 28, 2025 4:53:42 PM org.javacs.JavaLanguageServer gotoDefinition
INFO: gotoDefinition: 295.9487 document: file:///C:/Users/74993/Desktop/毕设/wll论文/java-language-server2/outputDir/DEF/cj/DEF_1040.java
Sep 28, 2025 4:53:42 PM org.javacs.JavaCompilerService compileBatch
INFO: ...using cached compile
Sep 28, 2025 4:53:43 PM org.javacs.JavaLanguageServer gotoDefinition
INFO: gotoDefinition: 279.818 document: file:///C:/Users/74993/Desktop/毕设/wll论文/java-language-server2/outputDir/DEF/cj/DEF_1040.java
Sep 28, 2025 4:53:43 PM org.javacs.JavaLanguageServer didOpenTextDocument
INFO: #didOpenTextDocument# try call rename {"context":{"includeDeclaration":false},"textDocument":{"uri":"file:///C:/Users/74993/Desktop/%E6%AF%95%E8%AE%BE/wll%E8%AE%BA%E6%96%87/java-language-server2/outputDir/DEF/cj/DEF_1040.java"},"position":{"line":73,"character":31}}
Sep 28, 2025 4:53:43 PM org.javacs.JavaCompilerService compileBatch
INFO: ...using cached compile
Sep 28, 2025 4:53:43 PM org.javacs.JavaLanguageServer rename
INFO: rename: 340.7253 document: file:///C:/Users/74993/Desktop/毕设/wll论文/java-language-server2/outputDir/DEF/cj/DEF_1040.java
Sep 28, 2025 4:53:43 PM org.javacs.JavaCompilerService compileBatch
INFO: ...using cached compile
Sep 28, 2025 4:53:43 PM org.javacs.JavaLanguageServer rename
INFO: rename: 337.2783 document: file:///C:/Users/74993/Desktop/毕设/wll论文/java-language-server2/outputDir/DEF/cj/DEF_1040.java
Sep 28, 2025 4:53:43 PM org.javacs.JavaCompilerService compileBatch
INFO: ...using cached compile
Sep 28, 2025 4:53:44 PM org.javacs.JavaLanguageServer rename
INFO: rename: 341.4564 document: file:///C:/Users/74993/Desktop/毕设/wll论文/java-language-server2/outputDir/DEF/cj/DEF_1040.java
Sep 28, 2025 4:53:44 PM org.javacs.JavaCompilerService compileBatch
INFO: ...using cached compile
Sep 28, 2025 4:53:44 PM org.javacs.JavaLanguageServer rename
INFO: rename: 337.9011 document: file:///C:/Users/74993/Desktop/毕设/wll论文/java-language-server2/outputDir/DEF/cj/DEF_1040.java
Sep 28, 2025 4:53:44 PM org.javacs.JavaCompilerService compileBatch
INFO: ...using cached compile
Sep 28, 2025 4:53:44 PM org.javacs.JavaLanguageServer rename
INFO: rename: 328.786 document: file:///C:/Users/74993/Desktop/毕设/wll论文/java-language-server2/outputDir/DEF/cj/DEF_1040.java
Sep 28, 2025 4:53:44 PM org.javacs.JavaLanguageServer didOpenTextDocument
INFO: #didOpenTextDocument# try completion {"context":{"includeDeclaration":false},"textDocument":{"uri":"file:///C:/Users/74993/Desktop/%E6%AF%95%E8%AE%BE/wll%E8%AE%BA%E6%96%87/java-language-server2/outputDir/DEF/cj/DEF_1040.java"},"position":{"line":73,"character":31}}
Sep 28, 2025 4:53:44 PM org.javacs.JavaLanguageServer completion
INFO: completion: 17.4719 document: file:///C:/Users/74993/Desktop/毕设/wll论文/java-language-server2/outputDir/DEF/cj/DEF_1040.java
Sep 28, 2025 4:53:44 PM org.javacs.JavaLanguageServer completion
INFO: completion: 17.7026 document: file:///C:/Users/74993/Desktop/毕设/wll论文/java-language-server2/outputDir/DEF/cj/DEF_1040.java
Sep 28, 2025 4:53:44 PM org.javacs.JavaLanguageServer completion
INFO: completion: 16.7273 document: file:///C:/Users/74993/Desktop/毕设/wll论文/java-language-server2/outputDir/DEF/cj/DEF_1040.java
Sep 28, 2025 4:53:44 PM org.javacs.JavaLanguageServer completion
INFO: completion: 24.3764 document: file:///C:/Users/74993/Desktop/毕设/wll论文/java-language-server2/outputDir/DEF/cj/DEF_1040.java
Sep 28, 2025 4:53:44 PM org.javacs.JavaLanguageServer completion
INFO: completion: 16.7277 document: file:///C:/Users/74993/Desktop/毕设/wll论文/java-language-server2/outputDir/DEF/cj/DEF_1040.java
Sep 28, 2025 4:53:44 PM org.javacs.JavaLanguageServer didOpenTextDocument
INFO: #didOpenTextDocument# try call goto {"context":{"includeDeclaration":false},"textDocument":{"uri":"file:///C:/Users/74993/Desktop/%E6%AF%95%E8%AE%BE/wll%E8%AE%BA%E6%96%87/java-language-server2/outputDir/DEF/cj/DEF_1040.java"},"position":{"line":5829,"character":26}}
Sep 28, 2025 4:53:45 PM org.javacs.JavaCompilerService findPublicTypeDeclarationInJdk
INFO: ...found jar:file:///C:/Program%20Files/Java/jdk-22/lib/src.zip!/java.base/java/lang/Object.java in module java.base of jdk
Sep 28, 2025 4:53:45 PM org.javacs.JavaLanguageServer gotoDefinition
INFO: gotoDefinition: 362.3123 document: file:///C:/Users/74993/Desktop/毕设/wll论文/java-language-server2/outputDir/DEF/cj/DEF_1040.java
Sep 28, 2025 4:53:45 PM org.javacs.JavaCompilerService compileBatch
INFO: ...using cached compile
Sep 28, 2025 4:53:45 PM org.javacs.JavaCompilerService findPublicTypeDeclarationInJdk
INFO: ...found jar:file:///C:/Program%20Files/Java/jdk-22/lib/src.zip!/java.base/java/lang/Object.java in module java.base of jdk
Sep 28, 2025 4:53:45 PM org.javacs.JavaLanguageServer gotoDefinition
INFO: gotoDefinition: 230.7079 document: file:///C:/Users/74993/Desktop/毕设/wll论文/java-language-server2/outputDir/DEF/cj/DEF_1040.java
Sep 28, 2025 4:53:45 PM org.javacs.JavaCompilerService compileBatch
INFO: ...using cached compile
Sep 28, 2025 4:53:45 PM org.javacs.JavaCompilerService findPublicTypeDeclarationInJdk
INFO: ...found jar:file:///C:/Program%20Files/Java/jdk-22/lib/src.zip!/java.base/java/lang/Object.java in module java.base of jdk
Sep 28, 2025 4:53:45 PM org.javacs.JavaLanguageServer gotoDefinition
INFO: gotoDefinition: 243.4574 document: file:///C:/Users/74993/Desktop/毕设/wll论文/java-language-server2/outputDir/DEF/cj/DEF_1040.java
Sep 28, 2025 4:53:45 PM org.javacs.JavaCompilerService compileBatch
INFO: ...using cached compile
Sep 28, 2025 4:53:46 PM org.javacs.JavaCompilerService findPublicTypeDeclarationInJdk
INFO: ...found jar:file:///C:/Program%20Files/Java/jdk-22/lib/src.zip!/java.base/java/lang/Object.java in module java.base of jdk
Sep 28, 2025 4:53:46 PM org.javacs.JavaLanguageServer gotoDefinition
INFO: gotoDefinition: 257.5275 document: file:///C:/Users/74993/Desktop/毕设/wll论文/java-language-server2/outputDir/DEF/cj/DEF_1040.java
Sep 28, 2025 4:53:46 PM org.javacs.JavaCompilerService compileBatch
INFO: ...using cached compile
Sep 28, 2025 4:53:46 PM org.javacs.JavaCompilerService findPublicTypeDeclarationInJdk
INFO: ...found jar:file:///C:/Program%20Files/Java/jdk-22/lib/src.zip!/java.base/java/lang/Object.java in module java.base of jdk
Sep 28, 2025 4:53:46 PM org.javacs.JavaLanguageServer gotoDefinition
INFO: gotoDefinition: 239.1922 document: file:///C:/Users/74993/Desktop/毕设/wll论文/java-language-server2/outputDir/DEF/cj/DEF_1040.java
Sep 28, 2025 4:53:46 PM org.javacs.JavaLanguageServer didOpenTextDocument
INFO: #didOpenTextDocument# try call rename {"context":{"includeDeclaration":false},"textDocument":{"uri":"file:///C:/Users/74993/Desktop/%E6%AF%95%E8%AE%BE/wll%E8%AE%BA%E6%96%87/java-language-server2/outputDir/DEF/cj/DEF_1040.java"},"position":{"line":5829,"character":26}}
Sep 28, 2025 4:53:46 PM org.javacs.JavaCompilerService compileBatch
INFO: ...using cached compile
Sep 28, 2025 4:53:46 PM org.javacs.JavaLanguageServer rename
INFO: rename: 223.877 document: file:///C:/Users/74993/Desktop/毕设/wll论文/java-language-server2/outputDir/DEF/cj/DEF_1040.java
Sep 28, 2025 4:53:46 PM org.javacs.JavaCompilerService compileBatch
INFO: ...using cached compile
Sep 28, 2025 4:53:46 PM org.javacs.JavaLanguageServer rename
INFO: rename: 268.9767 document: file:///C:/Users/74993/Desktop/毕设/wll论文/java-language-server2/outputDir/DEF/cj/DEF_1040.java
Sep 28, 2025 4:53:46 PM org.javacs.JavaCompilerService compileBatch
INFO: ...using cached compile
Sep 28, 2025 4:53:46 PM org.javacs.JavaLanguageServer rename
INFO: rename: 227.1367 document: file:///C:/Users/74993/Desktop/毕设/wll论文/java-language-server2/outputDir/DEF/cj/DEF_1040.java
Sep 28, 2025 4:53:46 PM org.javacs.JavaCompilerService compileBatch
INFO: ...using cached compile
Sep 28, 2025 4:53:47 PM org.javacs.JavaLanguageServer rename
INFO: rename: 267.1354 document: file:///C:/Users/74993/Desktop/毕设/wll论文/java-language-server2/outputDir/DEF/cj/DEF_1040.java
Sep 28, 2025 4:53:47 PM org.javacs.JavaCompilerService compileBatch
INFO: ...using cached compile
Sep 28, 2025 4:53:47 PM org.javacs.JavaLanguageServer rename
INFO: rename: 260.1097 document: file:///C:/Users/74993/Desktop/毕设/wll论文/java-language-server2/outputDir/DEF/cj/DEF_1040.java
Sep 28, 2025 4:53:47 PM org.javacs.JavaLanguageServer didOpenTextDocument
INFO: #didOpenTextDocument# try completion {"context":{"includeDeclaration":false},"textDocument":{"uri":"file:///C:/Users/74993/Desktop/%E6%AF%95%E8%AE%BE/wll%E8%AE%BA%E6%96%87/java-language-server2/outputDir/DEF/cj/DEF_1040.java"},"position":{"line":5829,"character":26}}
Sep 28, 2025 4:53:47 PM org.javacs.JavaLanguageServer completion
INFO: completion: 17.7565 document: file:///C:/Users/74993/Desktop/毕设/wll论文/java-language-server2/outputDir/DEF/cj/DEF_1040.java
Sep 28, 2025 4:53:47 PM org.javacs.JavaLanguageServer completion
INFO: completion: 15.5278 document: file:///C:/Users/74993/Desktop/毕设/wll论文/java-language-server2/outputDir/DEF/cj/DEF_1040.java
Sep 28, 2025 4:53:47 PM org.javacs.JavaLanguageServer completion
INFO: completion: 13.9158 document: file:///C:/Users/74993/Desktop/毕设/wll论文/java-language-server2/outputDir/DEF/cj/DEF_1040.java
Sep 28, 2025 4:53:47 PM org.javacs.JavaLanguageServer completion
INFO: completion: 15.2365 document: file:///C:/Users/74993/Desktop/毕设/wll论文/java-language-server2/outputDir/DEF/cj/DEF_1040.java
Sep 28, 2025 4:53:47 PM org.javacs.JavaLanguageServer completion
INFO: completion: 12.3881 document: file:///C:/Users/74993/Desktop/毕设/wll论文/java-language-server2/outputDir/DEF/cj/DEF_1040.java
Sep 28, 2025 4:53:47 PM org.javacs.JavaLanguageServer didOpenTextDocument
INFO: #didOpenTextDocument# try call reference {"context":{"includeDeclaration":false},"textDocument":{"uri":"file:///C:/Users/74993/Desktop/%E6%AF%95%E8%AE%BE/wll%E8%AE%BA%E6%96%87/java-language-server2/outputDir/DEF/ck/DEF_1120.java"},"position":{"line":73,"character":31}}
Sep 28, 2025 4:53:47 PM org.javacs.ScanClassPath jdkTopLevelClasses
INFO: Searching for top-level classes in the JDK
Sep 28, 2025 4:53:47 PM org.javacs.ScanClassPath jdkTopLevelClasses
INFO: Found 15005 classes in the java platform
Sep 28, 2025 4:53:47 PM org.javacs.ScanClassPath classPathTopLevelClasses
INFO: Searching for top-level classes in 0 classpath locations
Sep 28, 2025 4:53:47 PM org.javacs.ScanClassPath classPathTopLevelClasses
INFO: Found 0 classes in classpath
Sep 28, 2025 4:53:47 PM org.javacs.ReusableCompiler getTask
WARNING: Options changed from [-classpath, , --add-modules, ALL-MODULE-PATH, -proc:none, -g, -Xlint:cast, -Xlint:deprecation, -Xlint:empty, -Xlint:fallthrough, -Xlint:finally, -Xlint:path, -Xlint:unchecked, -Xlint:varargs, -Xlint:static] to [-classpath, , --add-modules, ALL-MODULE-PATH, -proc:none, -g, -Xlint:cast, -Xlint:deprecation, -Xlint:empty, -Xlint:fallthrough, -Xlint:finally, -Xlint:path, -Xlint:unchecked, -Xlint:varargs, -Xlint:static], creating new compiler
Sep 28, 2025 4:53:47 PM org.javacs.JavaLanguageServer findReferences
INFO: compile component: 24.5809 document: file:///C:/Users/74993/Desktop/毕设/wll论文/java-language-server2/outputDir/DEF/ck/DEF_1120.java
Sep 28, 2025 4:53:48 PM org.javacs.JavaLanguageServer findReferences
INFO: locate component: 222.0019 document: file:///C:/Users/74993/Desktop/毕设/wll论文/java-language-server2/outputDir/DEF/ck/DEF_1120.java
Sep 28, 2025 4:53:48 PM org.javacs.JavaLanguageServer findReferences
INFO: traverse component: 0.9993 document: file:///C:/Users/74993/Desktop/毕设/wll论文/java-language-server2/outputDir/DEF/ck/DEF_1120.java
Sep 28, 2025 4:53:48 PM org.javacs.JavaLanguageServer findReferences
INFO: NOD: 15466 document: file:///C:/Users/74993/Desktop/毕设/wll论文/java-language-server2/outputDir/DEF/ck/DEF_1120.java
Sep 28, 2025 4:53:48 PM org.javacs.JavaLanguageServer findReferences
INFO: DEF: 1119 document: file:///C:/Users/74993/Desktop/毕设/wll论文/java-language-server2/outputDir/DEF/ck/DEF_1120.java
Sep 28, 2025 4:53:48 PM org.javacs.JavaLanguageServer findReferences
INFO: OCC: 8980 document: file:///C:/Users/74993/Desktop/毕设/wll论文/java-language-server2/outputDir/DEF/ck/DEF_1120.java
Sep 28, 2025 4:53:48 PM org.javacs.JavaLanguageServer findReferences
INFO: LOC: 6073 document: file:///C:/Users/74993/Desktop/毕设/wll论文/java-language-server2/outputDir/DEF/ck/DEF_1120.java
Sep 28, 2025 4:53:48 PM org.javacs.ScanClassPath jdkTopLevelClasses
INFO: Searching for top-level classes in the JDK
Sep 28, 2025 4:53:48 PM org.javacs.ScanClassPath jdkTopLevelClasses
INFO: Found 15005 classes in the java platform
Sep 28, 2025 4:53:48 PM org.javacs.ScanClassPath classPathTopLevelClasses
INFO: Searching for top-level classes in 0 classpath locations
Sep 28, 2025 4:53:48 PM org.javacs.ScanClassPath classPathTopLevelClasses
INFO: Found 0 classes in classpath
Sep 28, 2025 4:53:48 PM org.javacs.ReusableCompiler getTask
WARNING: Options changed from [-classpath, , --add-modules, ALL-MODULE-PATH, -proc:none, -g, -Xlint:cast, -Xlint:deprecation, -Xlint:empty, -Xlint:fallthrough, -Xlint:finally, -Xlint:path, -Xlint:unchecked, -Xlint:varargs, -Xlint:static] to [-classpath, , --add-modules, ALL-MODULE-PATH, -proc:none, -g, -Xlint:cast, -Xlint:deprecation, -Xlint:empty, -Xlint:fallthrough, -Xlint:finally, -Xlint:path, -Xlint:unchecked, -Xlint:varargs, -Xlint:static], creating new compiler
Sep 28, 2025 4:53:48 PM org.javacs.JavaLanguageServer findReferences
INFO: compile component: 10.1206 document: file:///C:/Users/74993/Desktop/毕设/wll论文/java-language-server2/outputDir/DEF/ck/DEF_1120.java
Sep 28, 2025 4:53:48 PM org.javacs.JavaLanguageServer findReferences
INFO: locate component: 216.908 document: file:///C:/Users/74993/Desktop/毕设/wll论文/java-language-server2/outputDir/DEF/ck/DEF_1120.java
Sep 28, 2025 4:53:48 PM org.javacs.JavaLanguageServer findReferences
INFO: traverse component: 0.0 document: file:///C:/Users/74993/Desktop/毕设/wll论文/java-language-server2/outputDir/DEF/ck/DEF_1120.java
Sep 28, 2025 4:53:48 PM org.javacs.JavaLanguageServer findReferences
INFO: NOD: 15466 document: file:///C:/Users/74993/Desktop/毕设/wll论文/java-language-server2/outputDir/DEF/ck/DEF_1120.java
Sep 28, 2025 4:53:48 PM org.javacs.JavaLanguageServer findReferences
INFO: DEF: 1119 document: file:///C:/Users/74993/Desktop/毕设/wll论文/java-language-server2/outputDir/DEF/ck/DEF_1120.java
Sep 28, 2025 4:53:48 PM org.javacs.JavaLanguageServer findReferences
INFO: OCC: 8980 document: file:///C:/Users/74993/Desktop/毕设/wll论文/java-language-server2/outputDir/DEF/ck/DEF_1120.java
Sep 28, 2025 4:53:48 PM org.javacs.JavaLanguageServer findReferences
INFO: LOC: 6073 document: file:///C:/Users/74993/Desktop/毕设/wll论文/java-language-server2/outputDir/DEF/ck/DEF_1120.java
Sep 28, 2025 4:53:48 PM org.javacs.ScanClassPath jdkTopLevelClasses
INFO: Searching for top-level classes in the JDK
Sep 28, 2025 4:53:48 PM org.javacs.ScanClassPath jdkTopLevelClasses
INFO: Found 15005 classes in the java platform
Sep 28, 2025 4:53:48 PM org.javacs.ScanClassPath classPathTopLevelClasses
INFO: Searching for top-level classes in 0 classpath locations
Sep 28, 2025 4:53:48 PM org.javacs.ScanClassPath classPathTopLevelClasses
INFO: Found 0 classes in classpath
Sep 28, 2025 4:53:48 PM org.javacs.ReusableCompiler getTask
WARNING: Options changed from [-classpath, , --add-modules, ALL-MODULE-PATH, -proc:none, -g, -Xlint:cast, -Xlint:deprecation, -Xlint:empty, -Xlint:fallthrough, -Xlint:finally, -Xlint:path, -Xlint:unchecked, -Xlint:varargs, -Xlint:static] to [-classpath, , --add-modules, ALL-MODULE-PATH, -proc:none, -g, -Xlint:cast, -Xlint:deprecation, -Xlint:empty, -Xlint:fallthrough, -Xlint:finally, -Xlint:path, -Xlint:unchecked, -Xlint:varargs, -Xlint:static], creating new compiler
Sep 28, 2025 4:53:48 PM org.javacs.JavaLanguageServer findReferences
INFO: compile component: 9.0647 document: file:///C:/Users/74993/Desktop/毕设/wll论文/java-language-server2/outputDir/DEF/ck/DEF_1120.java
Sep 28, 2025 4:53:48 PM org.javacs.JavaLanguageServer findReferences
INFO: locate component: 215.6316 document: file:///C:/Users/74993/Desktop/毕设/wll论文/java-language-server2/outputDir/DEF/ck/DEF_1120.java
Sep 28, 2025 4:53:48 PM org.javacs.JavaLanguageServer findReferences
INFO: traverse component: 0.0 document: file:///C:/Users/74993/Desktop/毕设/wll论文/java-language-server2/outputDir/DEF/ck/DEF_1120.java
Sep 28, 2025 4:53:48 PM org.javacs.JavaLanguageServer findReferences
INFO: NOD: 15466 document: file:///C:/Users/74993/Desktop/毕设/wll论文/java-language-server2/outputDir/DEF/ck/DEF_1120.java
Sep 28, 2025 4:53:48 PM org.javacs.JavaLanguageServer findReferences
INFO: DEF: 1119 document: file:///C:/Users/74993/Desktop/毕设/wll论文/java-language-server2/outputDir/DEF/ck/DEF_1120.java
Sep 28, 2025 4:53:48 PM org.javacs.JavaLanguageServer findReferences
INFO: OCC: 8980 document: file:///C:/Users/74993/Desktop/毕设/wll论文/java-language-server2/outputDir/DEF/ck/DEF_1120.java
Sep 28, 2025 4:53:48 PM org.javacs.JavaLanguageServer findReferences
INFO: LOC: 6073 document: file:///C:/Users/74993/Desktop/毕设/wll论文/java-language-server2/outputDir/DEF/ck/DEF_1120.java
Sep 28, 2025 4:53:48 PM org.javacs.ScanClassPath jdkTopLevelClasses
INFO: Searching for top-level classes in the JDK
Sep 28, 2025 4:53:48 PM org.javacs.ScanClassPath jdkTopLevelClasses
INFO: Found 15005 classes in the java platform
Sep 28, 2025 4:53:48 PM org.javacs.ScanClassPath classPathTopLevelClasses
INFO: Searching for top-level classes in 0 classpath locations
Sep 28, 2025 4:53:48 PM org.javacs.ScanClassPath classPathTopLevelClasses
INFO: Found 0 classes in classpath
Sep 28, 2025 4:53:48 PM org.javacs.ReusableCompiler getTask
WARNING: Options changed from [-classpath, , --add-modules, ALL-MODULE-PATH, -proc:none, -g, -Xlint:cast, -Xlint:deprecation, -Xlint:empty, -Xlint:fallthrough, -Xlint:finally, -Xlint:path, -Xlint:unchecked, -Xlint:varargs, -Xlint:static] to [-classpath, , --add-modules, ALL-MODULE-PATH, -proc:none, -g, -Xlint:cast, -Xlint:deprecation, -Xlint:empty, -Xlint:fallthrough, -Xlint:finally, -Xlint:path, -Xlint:unchecked, -Xlint:varargs, -Xlint:static], creating new compiler
Sep 28, 2025 4:53:48 PM org.javacs.JavaLanguageServer findReferences
INFO: compile component: 9.2368 document: file:///C:/Users/74993/Desktop/毕设/wll论文/java-language-server2/outputDir/DEF/ck/DEF_1120.java
Sep 28, 2025 4:53:49 PM org.javacs.JavaLanguageServer findReferences
INFO: locate component: 216.5837 document: file:///C:/Users/74993/Desktop/毕设/wll论文/java-language-server2/outputDir/DEF/ck/DEF_1120.java
Sep 28, 2025 4:53:49 PM org.javacs.JavaLanguageServer findReferences
INFO: traverse component: 0.0 document: file:///C:/Users/74993/Desktop/毕设/wll论文/java-language-server2/outputDir/DEF/ck/DEF_1120.java
Sep 28, 2025 4:53:49 PM org.javacs.JavaLanguageServer findReferences
INFO: NOD: 15466 document: file:///C:/Users/74993/Desktop/毕设/wll论文/java-language-server2/outputDir/DEF/ck/DEF_1120.java
Sep 28, 2025 4:53:49 PM org.javacs.JavaLanguageServer findReferences
INFO: DEF: 1119 document: file:///C:/Users/74993/Desktop/毕设/wll论文/java-language-server2/outputDir/DEF/ck/DEF_1120.java
Sep 28, 2025 4:53:49 PM org.javacs.JavaLanguageServer findReferences
INFO: OCC: 8980 document: file:///C:/Users/74993/Desktop/毕设/wll论文/java-language-server2/outputDir/DEF/ck/DEF_1120.java
Sep 28, 2025 4:53:49 PM org.javacs.JavaLanguageServer findReferences
INFO: LOC: 6073 document: file:///C:/Users/74993/Desktop/毕设/wll论文/java-language-server2/outputDir/DEF/ck/DEF_1120.java
Sep 28, 2025 4:53:49 PM org.javacs.ScanClassPath jdkTopLevelClasses
INFO: Searching for top-level classes in the JDK
Sep 28, 2025 4:53:49 PM org.javacs.ScanClassPath jdkTopLevelClasses
INFO: Found 15005 classes in the java platform
Sep 28, 2025 4:53:49 PM org.javacs.ScanClassPath classPathTopLevelClasses
INFO: Searching for top-level classes in 0 classpath locations
Sep 28, 2025 4:53:49 PM org.javacs.ScanClassPath classPathTopLevelClasses
INFO: Found 0 classes in classpath
Sep 28, 2025 4:53:49 PM org.javacs.ReusableCompiler getTask
WARNING: Options changed from [-classpath, , --add-modules, ALL-MODULE-PATH, -proc:none, -g, -Xlint:cast, -Xlint:deprecation, -Xlint:empty, -Xlint:fallthrough, -Xlint:finally, -Xlint:path, -Xlint:unchecked, -Xlint:varargs, -Xlint:static] to [-classpath, , --add-modules, ALL-MODULE-PATH, -proc:none, -g, -Xlint:cast, -Xlint:deprecation, -Xlint:empty, -Xlint:fallthrough, -Xlint:finally, -Xlint:path, -Xlint:unchecked, -Xlint:varargs, -Xlint:static], creating new compiler
Sep 28, 2025 4:53:49 PM org.javacs.JavaLanguageServer findReferences
INFO: compile component: 9.523 document: file:///C:/Users/74993/Desktop/毕设/wll论文/java-language-server2/outputDir/DEF/ck/DEF_1120.java
Sep 28, 2025 4:53:49 PM org.javacs.JavaLanguageServer findReferences
INFO: locate component: 220.0564 document: file:///C:/Users/74993/Desktop/毕设/wll论文/java-language-server2/outputDir/DEF/ck/DEF_1120.java
Sep 28, 2025 4:53:49 PM org.javacs.JavaLanguageServer findReferences
INFO: traverse component: 0.0 document: file:///C:/Users/74993/Desktop/毕设/wll论文/java-language-server2/outputDir/DEF/ck/DEF_1120.java
Sep 28, 2025 4:53:49 PM org.javacs.JavaLanguageServer findReferences
INFO: NOD: 15466 document: file:///C:/Users/74993/Desktop/毕设/wll论文/java-language-server2/outputDir/DEF/ck/DEF_1120.java
Sep 28, 2025 4:53:49 PM org.javacs.JavaLanguageServer findReferences
INFO: DEF: 1119 document: file:///C:/Users/74993/Desktop/毕设/wll论文/java-language-server2/outputDir/DEF/ck/DEF_1120.java
Sep 28, 2025 4:53:49 PM org.javacs.JavaLanguageServer findReferences
INFO: OCC: 8980 document: file:///C:/Users/74993/Desktop/毕设/wll论文/java-language-server2/outputDir/DEF/ck/DEF_1120.java
Sep 28, 2025 4:53:49 PM org.javacs.JavaLanguageServer findReferences
INFO: LOC: 6073 document: file:///C:/Users/74993/Desktop/毕设/wll论文/java-language-server2/outputDir/DEF/ck/DEF_1120.java
Sep 28, 2025 4:53:49 PM org.javacs.JavaLanguageServer didOpenTextDocument
INFO: #didOpenTextDocument# try call goto {"context":{"includeDeclaration":false},"textDocument":{"uri":"file:///C:/Users/74993/Desktop/%E6%AF%95%E8%AE%BE/wll%E8%AE%BA%E6%96%87/java-language-server2/outputDir/DEF/ck/DEF_1120.java"},"position":{"line":73,"character":31}}
Sep 28, 2025 4:53:49 PM org.javacs.JavaCompilerService compileBatch
INFO: ...using cached compile
Sep 28, 2025 4:53:49 PM org.javacs.JavaLanguageServer gotoDefinition
INFO: gotoDefinition: 218.8201 document: file:///C:/Users/74993/Desktop/毕设/wll论文/java-language-server2/outputDir/DEF/ck/DEF_1120.java
Sep 28, 2025 4:53:49 PM org.javacs.JavaCompilerService compileBatch
INFO: ...using cached compile
Sep 28, 2025 4:53:50 PM org.javacs.JavaLanguageServer gotoDefinition
INFO: gotoDefinition: 215.9961 document: file:///C:/Users/74993/Desktop/毕设/wll论文/java-language-server2/outputDir/DEF/ck/DEF_1120.java
Sep 28, 2025 4:53:50 PM org.javacs.JavaCompilerService compileBatch
INFO: ...using cached compile
Sep 28, 2025 4:53:50 PM org.javacs.JavaLanguageServer gotoDefinition
INFO: gotoDefinition: 216.2484 document: file:///C:/Users/74993/Desktop/毕设/wll论文/java-language-server2/outputDir/DEF/ck/DEF_1120.java
Sep 28, 2025 4:53:50 PM org.javacs.JavaCompilerService compileBatch
INFO: ...using cached compile
Sep 28, 2025 4:53:50 PM org.javacs.JavaLanguageServer gotoDefinition
INFO: gotoDefinition: 223.1138 document: file:///C:/Users/74993/Desktop/毕设/wll论文/java-language-server2/outputDir/DEF/ck/DEF_1120.java
Sep 28, 2025 4:53:50 PM org.javacs.JavaCompilerService compileBatch
INFO: ...using cached compile
Sep 28, 2025 4:53:50 PM org.javacs.JavaLanguageServer gotoDefinition
INFO: gotoDefinition: 227.0923 document: file:///C:/Users/74993/Desktop/毕设/wll论文/java-language-server2/outputDir/DEF/ck/DEF_1120.java
Sep 28, 2025 4:53:50 PM org.javacs.JavaLanguageServer didOpenTextDocument
INFO: #didOpenTextDocument# try call rename {"context":{"includeDeclaration":false},"textDocument":{"uri":"file:///C:/Users/74993/Desktop/%E6%AF%95%E8%AE%BE/wll%E8%AE%BA%E6%96%87/java-language-server2/outputDir/DEF/ck/DEF_1120.java"},"position":{"line":73,"character":31}}
Sep 28, 2025 4:53:50 PM org.javacs.JavaCompilerService compileBatch
INFO: ...using cached compile
Sep 28, 2025 4:53:50 PM org.javacs.JavaLanguageServer rename
INFO: rename: 217.7708 document: file:///C:/Users/74993/Desktop/毕设/wll论文/java-language-server2/outputDir/DEF/ck/DEF_1120.java
Sep 28, 2025 4:53:50 PM org.javacs.JavaCompilerService compileBatch
INFO: ...using cached compile
Sep 28, 2025 4:53:51 PM org.javacs.JavaLanguageServer rename
INFO: rename: 227.7775 document: file:///C:/Users/74993/Desktop/毕设/wll论文/java-language-server2/outputDir/DEF/ck/DEF_1120.java
Sep 28, 2025 4:53:51 PM org.javacs.JavaCompilerService compileBatch
INFO: ...using cached compile
Sep 28, 2025 4:53:51 PM org.javacs.JavaLanguageServer rename
INFO: rename: 214.4033 document: file:///C:/Users/74993/Desktop/毕设/wll论文/java-language-server2/outputDir/DEF/ck/DEF_1120.java
Sep 28, 2025 4:53:51 PM org.javacs.JavaCompilerService compileBatch
INFO: ...using cached compile
Sep 28, 2025 4:53:51 PM org.javacs.JavaLanguageServer rename
INFO: rename: 218.5892 document: file:///C:/Users/74993/Desktop/毕设/wll论文/java-language-server2/outputDir/DEF/ck/DEF_1120.java
Sep 28, 2025 4:53:51 PM org.javacs.JavaCompilerService compileBatch
INFO: ...using cached compile
Sep 28, 2025 4:53:51 PM org.javacs.JavaLanguageServer rename
INFO: rename: 226.9894 document: file:///C:/Users/74993/Desktop/毕设/wll论文/java-language-server2/outputDir/DEF/ck/DEF_1120.java
Sep 28, 2025 4:53:51 PM org.javacs.JavaLanguageServer didOpenTextDocument
INFO: #didOpenTextDocument# try completion {"context":{"includeDeclaration":false},"textDocument":{"uri":"file:///C:/Users/74993/Desktop/%E6%AF%95%E8%AE%BE/wll%E8%AE%BA%E6%96%87/java-language-server2/outputDir/DEF/ck/DEF_1120.java"},"position":{"line":73,"character":31}}
Sep 28, 2025 4:53:51 PM org.javacs.JavaLanguageServer completion
INFO: completion: 11.5174 document: file:///C:/Users/74993/Desktop/毕设/wll论文/java-language-server2/outputDir/DEF/ck/DEF_1120.java
Sep 28, 2025 4:53:51 PM org.javacs.JavaLanguageServer completion
INFO: completion: 10.5289 document: file:///C:/Users/74993/Desktop/毕设/wll论文/java-language-server2/outputDir/DEF/ck/DEF_1120.java
Sep 28, 2025 4:53:51 PM org.javacs.JavaLanguageServer completion
INFO: completion: 10.7422 document: file:///C:/Users/74993/Desktop/毕设/wll论文/java-language-server2/outputDir/DEF/ck/DEF_1120.java
Sep 28, 2025 4:53:51 PM org.javacs.JavaLanguageServer completion
INFO: completion: 10.2617 document: file:///C:/Users/74993/Desktop/毕设/wll论文/java-language-server2/outputDir/DEF/ck/DEF_1120.java
Sep 28, 2025 4:53:51 PM org.javacs.JavaLanguageServer completion
INFO: completion: 11.3729 document: file:///C:/Users/74993/Desktop/毕设/wll论文/java-language-server2/outputDir/DEF/ck/DEF_1120.java
Sep 28, 2025 4:53:51 PM org.javacs.JavaLanguageServer didOpenTextDocument
INFO: #didOpenTextDocument# try call goto {"context":{"includeDeclaration":false},"textDocument":{"uri":"file:///C:/Users/74993/Desktop/%E6%AF%95%E8%AE%BE/wll%E8%AE%BA%E6%96%87/java-language-server2/outputDir/DEF/ck/DEF_1120.java"},"position":{"line":6066,"character":28}}
Sep 28, 2025 4:53:52 PM org.javacs.JavaLanguageServer gotoDefinition
INFO: gotoDefinition: 262.5442 document: file:///C:/Users/74993/Desktop/毕设/wll论文/java-language-server2/outputDir/DEF/ck/DEF_1120.java
Sep 28, 2025 4:53:52 PM org.javacs.JavaCompilerService compileBatch
INFO: ...using cached compile
Sep 28, 2025 4:53:52 PM org.javacs.JavaLanguageServer gotoDefinition
INFO: gotoDefinition: 225.316 document: file:///C:/Users/74993/Desktop/毕设/wll论文/java-language-server2/outputDir/DEF/ck/DEF_1120.java
Sep 28, 2025 4:53:52 PM org.javacs.JavaCompilerService compileBatch
INFO: ...using cached compile
Sep 28, 2025 4:53:52 PM org.javacs.JavaLanguageServer gotoDefinition
INFO: gotoDefinition: 248.2343 document: file:///C:/Users/74993/Desktop/毕设/wll论文/java-language-server2/outputDir/DEF/ck/DEF_1120.java
Sep 28, 2025 4:53:52 PM org.javacs.JavaCompilerService compileBatch
INFO: ...using cached compile
Sep 28, 2025 4:53:52 PM org.javacs.JavaLanguageServer gotoDefinition
INFO: gotoDefinition: 245.7832 document: file:///C:/Users/74993/Desktop/毕设/wll论文/java-language-server2/outputDir/DEF/ck/DEF_1120.java
Sep 28, 2025 4:53:52 PM org.javacs.JavaCompilerService compileBatch
INFO: ...using cached compile
Sep 28, 2025 4:53:53 PM org.javacs.JavaLanguageServer gotoDefinition
INFO: gotoDefinition: 238.7779 document: file:///C:/Users/74993/Desktop/毕设/wll论文/java-language-server2/outputDir/DEF/ck/DEF_1120.java
Sep 28, 2025 4:53:53 PM org.javacs.JavaLanguageServer didOpenTextDocument
INFO: #didOpenTextDocument# try call rename {"context":{"includeDeclaration":false},"textDocument":{"uri":"file:///C:/Users/74993/Desktop/%E6%AF%95%E8%AE%BE/wll%E8%AE%BA%E6%96%87/java-language-server2/outputDir/DEF/ck/DEF_1120.java"},"position":{"line":6066,"character":28}}
Sep 28, 2025 4:53:53 PM org.javacs.JavaCompilerService compileBatch
INFO: ...using cached compile
Sep 28, 2025 4:53:53 PM org.javacs.JavaLanguageServer rename
INFO: rename: 227.2516 document: file:///C:/Users/74993/Desktop/毕设/wll论文/java-language-server2/outputDir/DEF/ck/DEF_1120.java
Sep 28, 2025 4:53:53 PM org.javacs.JavaCompilerService compileBatch
INFO: ...using cached compile
Sep 28, 2025 4:53:53 PM org.javacs.JavaLanguageServer rename
INFO: rename: 236.7764 document: file:///C:/Users/74993/Desktop/毕设/wll论文/java-language-server2/outputDir/DEF/ck/DEF_1120.java
Sep 28, 2025 4:53:53 PM org.javacs.JavaCompilerService compileBatch
INFO: ...using cached compile
Sep 28, 2025 4:53:53 PM org.javacs.JavaLanguageServer rename
INFO: rename: 253.2923 document: file:///C:/Users/74993/Desktop/毕设/wll论文/java-language-server2/outputDir/DEF/ck/DEF_1120.java
Sep 28, 2025 4:53:53 PM org.javacs.JavaCompilerService compileBatch
INFO: ...using cached compile
Sep 28, 2025 4:53:54 PM org.javacs.JavaLanguageServer rename
INFO: rename: 249.2708 document: file:///C:/Users/74993/Desktop/毕设/wll论文/java-language-server2/outputDir/DEF/ck/DEF_1120.java
Sep 28, 2025 4:53:54 PM org.javacs.JavaCompilerService compileBatch
INFO: ...using cached compile
Sep 28, 2025 4:53:54 PM org.javacs.JavaLanguageServer rename
INFO: rename: 236.3977 document: file:///C:/Users/74993/Desktop/毕设/wll论文/java-language-server2/outputDir/DEF/ck/DEF_1120.java
Sep 28, 2025 4:53:54 PM org.javacs.JavaLanguageServer didOpenTextDocument
INFO: #didOpenTextDocument# try completion {"context":{"includeDeclaration":false},"textDocument":{"uri":"file:///C:/Users/74993/Desktop/%E6%AF%95%E8%AE%BE/wll%E8%AE%BA%E6%96%87/java-language-server2/outputDir/DEF/ck/DEF_1120.java"},"position":{"line":6066,"character":28}}
Sep 28, 2025 4:53:54 PM org.javacs.JavaLanguageServer completion
INFO: completion: 12.5215 document: file:///C:/Users/74993/Desktop/毕设/wll论文/java-language-server2/outputDir/DEF/ck/DEF_1120.java
Sep 28, 2025 4:53:54 PM org.javacs.JavaLanguageServer completion
INFO: completion: 11.2078 document: file:///C:/Users/74993/Desktop/毕设/wll论文/java-language-server2/outputDir/DEF/ck/DEF_1120.java
Sep 28, 2025 4:53:54 PM org.javacs.JavaLanguageServer completion
INFO: completion: 11.1165 document: file:///C:/Users/74993/Desktop/毕设/wll论文/java-language-server2/outputDir/DEF/ck/DEF_1120.java
Sep 28, 2025 4:53:54 PM org.javacs.JavaLanguageServer completion
INFO: completion: 11.7179 document: file:///C:/Users/74993/Desktop/毕设/wll论文/java-language-server2/outputDir/DEF/ck/DEF_1120.java
Sep 28, 2025 4:53:54 PM org.javacs.JavaLanguageServer completion
INFO: completion: 11.3392 document: file:///C:/Users/74993/Desktop/毕设/wll论文/java-language-server2/outputDir/DEF/ck/DEF_1120.java
Sep 28, 2025 4:53:54 PM org.javacs.JavaLanguageServer didOpenTextDocument
INFO: #didOpenTextDocument# try call reference {"context":{"includeDeclaration":false},"textDocument":{"uri":"file:///C:/Users/74993/Desktop/%E6%AF%95%E8%AE%BE/wll%E8%AE%BA%E6%96%87/java-language-server2/outputDir/DEF/cl/DEF_1200.java"},"position":{"line":73,"character":31}}
Sep 28, 2025 4:53:54 PM org.javacs.ScanClassPath jdkTopLevelClasses
INFO: Searching for top-level classes in the JDK
Sep 28, 2025 4:53:54 PM org.javacs.ScanClassPath jdkTopLevelClasses
INFO: Found 15005 classes in the java platform
Sep 28, 2025 4:53:54 PM org.javacs.ScanClassPath classPathTopLevelClasses
INFO: Searching for top-level classes in 0 classpath locations
Sep 28, 2025 4:53:54 PM org.javacs.ScanClassPath classPathTopLevelClasses
INFO: Found 0 classes in classpath
Sep 28, 2025 4:53:54 PM org.javacs.ReusableCompiler getTask
WARNING: Options changed from [-classpath, , --add-modules, ALL-MODULE-PATH, -proc:none, -g, -Xlint:cast, -Xlint:deprecation, -Xlint:empty, -Xlint:fallthrough, -Xlint:finally, -Xlint:path, -Xlint:unchecked, -Xlint:varargs, -Xlint:static] to [-classpath, , --add-modules, ALL-MODULE-PATH, -proc:none, -g, -Xlint:cast, -Xlint:deprecation, -Xlint:empty, -Xlint:fallthrough, -Xlint:finally, -Xlint:path, -Xlint:unchecked, -Xlint:varargs, -Xlint:static], creating new compiler
Sep 28, 2025 4:53:54 PM org.javacs.JavaLanguageServer findReferences
INFO: compile component: 25.2971 document: file:///C:/Users/74993/Desktop/毕设/wll论文/java-language-server2/outputDir/DEF/cl/DEF_1200.java
Sep 28, 2025 4:53:54 PM org.javacs.JavaLanguageServer findReferences
INFO: locate component: 238.6548 document: file:///C:/Users/74993/Desktop/毕设/wll论文/java-language-server2/outputDir/DEF/cl/DEF_1200.java
Sep 28, 2025 4:53:54 PM org.javacs.JavaLanguageServer findReferences
INFO: traverse component: 0.0 document: file:///C:/Users/74993/Desktop/毕设/wll论文/java-language-server2/outputDir/DEF/cl/DEF_1200.java
Sep 28, 2025 4:53:54 PM org.javacs.JavaLanguageServer findReferences
INFO: NOD: 15755 document: file:///C:/Users/74993/Desktop/毕设/wll论文/java-language-server2/outputDir/DEF/cl/DEF_1200.java
Sep 28, 2025 4:53:54 PM org.javacs.JavaLanguageServer findReferences
INFO: DEF: 1200 document: file:///C:/Users/74993/Desktop/毕设/wll论文/java-language-server2/outputDir/DEF/cl/DEF_1200.java
Sep 28, 2025 4:53:54 PM org.javacs.JavaLanguageServer findReferences
INFO: OCC: 9328 document: file:///C:/Users/74993/Desktop/毕设/wll论文/java-language-server2/outputDir/DEF/cl/DEF_1200.java
Sep 28, 2025 4:53:54 PM org.javacs.JavaLanguageServer findReferences
INFO: LOC: 6470 document: file:///C:/Users/74993/Desktop/毕设/wll论文/java-language-server2/outputDir/DEF/cl/DEF_1200.java
Sep 28, 2025 4:53:54 PM org.javacs.ScanClassPath jdkTopLevelClasses
INFO: Searching for top-level classes in the JDK
Sep 28, 2025 4:53:54 PM org.javacs.ScanClassPath jdkTopLevelClasses
INFO: Found 15005 classes in the java platform
Sep 28, 2025 4:53:54 PM org.javacs.ScanClassPath classPathTopLevelClasses
INFO: Searching for top-level classes in 0 classpath locations
Sep 28, 2025 4:53:54 PM org.javacs.ScanClassPath classPathTopLevelClasses
INFO: Found 0 classes in classpath
Sep 28, 2025 4:53:54 PM org.javacs.ReusableCompiler getTask
WARNING: Options changed from [-classpath, , --add-modules, ALL-MODULE-PATH, -proc:none, -g, -Xlint:cast, -Xlint:deprecation, -Xlint:empty, -Xlint:fallthrough, -Xlint:finally, -Xlint:path, -Xlint:unchecked, -Xlint:varargs, -Xlint:static] to [-classpath, , --add-modules, ALL-MODULE-PATH, -proc:none, -g, -Xlint:cast, -Xlint:deprecation, -Xlint:empty, -Xlint:fallthrough, -Xlint:finally, -Xlint:path, -Xlint:unchecked, -Xlint:varargs, -Xlint:static], creating new compiler
Sep 28, 2025 4:53:55 PM org.javacs.JavaLanguageServer findReferences
INFO: compile component: 10.9894 document: file:///C:/Users/74993/Desktop/毕设/wll论文/java-language-server2/outputDir/DEF/cl/DEF_1200.java
Sep 28, 2025 4:53:55 PM org.javacs.JavaLanguageServer findReferences
INFO: locate component: 231.8737 document: file:///C:/Users/74993/Desktop/毕设/wll论文/java-language-server2/outputDir/DEF/cl/DEF_1200.java
Sep 28, 2025 4:53:55 PM org.javacs.JavaLanguageServer findReferences
INFO: traverse component: 0.0 document: file:///C:/Users/74993/Desktop/毕设/wll论文/java-language-server2/outputDir/DEF/cl/DEF_1200.java
Sep 28, 2025 4:53:55 PM org.javacs.JavaLanguageServer findReferences
INFO: NOD: 15755 document: file:///C:/Users/74993/Desktop/毕设/wll论文/java-language-server2/outputDir/DEF/cl/DEF_1200.java
Sep 28, 2025 4:53:55 PM org.javacs.JavaLanguageServer findReferences
INFO: DEF: 1200 document: file:///C:/Users/74993/Desktop/毕设/wll论文/java-language-server2/outputDir/DEF/cl/DEF_1200.java
Sep 28, 2025 4:53:55 PM org.javacs.JavaLanguageServer findReferences
INFO: OCC: 9328 document: file:///C:/Users/74993/Desktop/毕设/wll论文/java-language-server2/outputDir/DEF/cl/DEF_1200.java
Sep 28, 2025 4:53:55 PM org.javacs.JavaLanguageServer findReferences
INFO: LOC: 6470 document: file:///C:/Users/74993/Desktop/毕设/wll论文/java-language-server2/outputDir/DEF/cl/DEF_1200.java
Sep 28, 2025 4:53:55 PM org.javacs.ScanClassPath jdkTopLevelClasses
INFO: Searching for top-level classes in the JDK
Sep 28, 2025 4:53:55 PM org.javacs.ScanClassPath jdkTopLevelClasses
INFO: Found 15005 classes in the java platform
Sep 28, 2025 4:53:55 PM org.javacs.ScanClassPath classPathTopLevelClasses
INFO: Searching for top-level classes in 0 classpath locations
Sep 28, 2025 4:53:55 PM org.javacs.ScanClassPath classPathTopLevelClasses
INFO: Found 0 classes in classpath
Sep 28, 2025 4:53:55 PM org.javacs.ReusableCompiler getTask
WARNING: Options changed from [-classpath, , --add-modules, ALL-MODULE-PATH, -proc:none, -g, -Xlint:cast, -Xlint:deprecation, -Xlint:empty, -Xlint:fallthrough, -Xlint:finally, -Xlint:path, -Xlint:unchecked, -Xlint:varargs, -Xlint:static] to [-classpath, , --add-modules, ALL-MODULE-PATH, -proc:none, -g, -Xlint:cast, -Xlint:deprecation, -Xlint:empty, -Xlint:fallthrough, -Xlint:finally, -Xlint:path, -Xlint:unchecked, -Xlint:varargs, -Xlint:static], creating new compiler
Sep 28, 2025 4:53:55 PM org.javacs.JavaLanguageServer findReferences
INFO: compile component: 12.7134 document: file:///C:/Users/74993/Desktop/毕设/wll论文/java-language-server2/outputDir/DEF/cl/DEF_1200.java
Sep 28, 2025 4:53:55 PM org.javacs.JavaLanguageServer findReferences
INFO: locate component: 226.0605 document: file:///C:/Users/74993/Desktop/毕设/wll论文/java-language-server2/outputDir/DEF/cl/DEF_1200.java
Sep 28, 2025 4:53:55 PM org.javacs.JavaLanguageServer findReferences
INFO: traverse component: 0.0 document: file:///C:/Users/74993/Desktop/毕设/wll论文/java-language-server2/outputDir/DEF/cl/DEF_1200.java
Sep 28, 2025 4:53:55 PM org.javacs.JavaLanguageServer findReferences
INFO: NOD: 15755 document: file:///C:/Users/74993/Desktop/毕设/wll论文/java-language-server2/outputDir/DEF/cl/DEF_1200.java
Sep 28, 2025 4:53:55 PM org.javacs.JavaLanguageServer findReferences
INFO: DEF: 1200 document: file:///C:/Users/74993/Desktop/毕设/wll论文/java-language-server2/outputDir/DEF/cl/DEF_1200.java
Sep 28, 2025 4:53:55 PM org.javacs.JavaLanguageServer findReferences
INFO: OCC: 9328 document: file:///C:/Users/74993/Desktop/毕设/wll论文/java-language-server2/outputDir/DEF/cl/DEF_1200.java
Sep 28, 2025 4:53:55 PM org.javacs.JavaLanguageServer findReferences
INFO: LOC: 6470 document: file:///C:/Users/74993/Desktop/毕设/wll论文/java-language-server2/outputDir/DEF/cl/DEF_1200.java
Sep 28, 2025 4:53:55 PM org.javacs.ScanClassPath jdkTopLevelClasses
INFO: Searching for top-level classes in the JDK
Sep 28, 2025 4:53:55 PM org.javacs.ScanClassPath jdkTopLevelClasses
INFO: Found 15005 classes in the java platform
Sep 28, 2025 4:53:55 PM org.javacs.ScanClassPath classPathTopLevelClasses
INFO: Searching for top-level classes in 0 classpath locations
Sep 28, 2025 4:53:55 PM org.javacs.ScanClassPath classPathTopLevelClasses
INFO: Found 0 classes in classpath
Sep 28, 2025 4:53:55 PM org.javacs.ReusableCompiler getTask
WARNING: Options changed from [-classpath, , --add-modules, ALL-MODULE-PATH, -proc:none, -g, -Xlint:cast, -Xlint:deprecation, -Xlint:empty, -Xlint:fallthrough, -Xlint:finally, -Xlint:path, -Xlint:unchecked, -Xlint:varargs, -Xlint:static] to [-classpath, , --add-modules, ALL-MODULE-PATH, -proc:none, -g, -Xlint:cast, -Xlint:deprecation, -Xlint:empty, -Xlint:fallthrough, -Xlint:finally, -Xlint:path, -Xlint:unchecked, -Xlint:varargs, -Xlint:static], creating new compiler
Sep 28, 2025 4:53:55 PM org.javacs.JavaLanguageServer findReferences
INFO: compile component: 11.1188 document: file:///C:/Users/74993/Desktop/毕设/wll论文/java-language-server2/outputDir/DEF/cl/DEF_1200.java
Sep 28, 2025 4:53:56 PM org.javacs.JavaLanguageServer findReferences
INFO: locate component: 230.2666 document: file:///C:/Users/74993/Desktop/毕设/wll论文/java-language-server2/outputDir/DEF/cl/DEF_1200.java
Sep 28, 2025 4:53:56 PM org.javacs.JavaLanguageServer findReferences
INFO: traverse component: 0.0 document: file:///C:/Users/74993/Desktop/毕设/wll论文/java-language-server2/outputDir/DEF/cl/DEF_1200.java
Sep 28, 2025 4:53:56 PM org.javacs.JavaLanguageServer findReferences
INFO: NOD: 15755 document: file:///C:/Users/74993/Desktop/毕设/wll论文/java-language-server2/outputDir/DEF/cl/DEF_1200.java
Sep 28, 2025 4:53:56 PM org.javacs.JavaLanguageServer findReferences
INFO: DEF: 1200 document: file:///C:/Users/74993/Desktop/毕设/wll论文/java-language-server2/outputDir/DEF/cl/DEF_1200.java
Sep 28, 2025 4:53:56 PM org.javacs.JavaLanguageServer findReferences
INFO: OCC: 9328 document: file:///C:/Users/74993/Desktop/毕设/wll论文/java-language-server2/outputDir/DEF/cl/DEF_1200.java
Sep 28, 2025 4:53:56 PM org.javacs.JavaLanguageServer findReferences
INFO: LOC: 6470 document: file:///C:/Users/74993/Desktop/毕设/wll论文/java-language-server2/outputDir/DEF/cl/DEF_1200.java
Sep 28, 2025 4:53:56 PM org.javacs.ScanClassPath jdkTopLevelClasses
INFO: Searching for top-level classes in the JDK
Sep 28, 2025 4:53:56 PM org.javacs.ScanClassPath jdkTopLevelClasses
INFO: Found 15005 classes in the java platform
Sep 28, 2025 4:53:56 PM org.javacs.ScanClassPath classPathTopLevelClasses
INFO: Searching for top-level classes in 0 classpath locations
Sep 28, 2025 4:53:56 PM org.javacs.ScanClassPath classPathTopLevelClasses
INFO: Found 0 classes in classpath
Sep 28, 2025 4:53:56 PM org.javacs.ReusableCompiler getTask
WARNING: Options changed from [-classpath, , --add-modules, ALL-MODULE-PATH, -proc:none, -g, -Xlint:cast, -Xlint:deprecation, -Xlint:empty, -Xlint:fallthrough, -Xlint:finally, -Xlint:path, -Xlint:unchecked, -Xlint:varargs, -Xlint:static] to [-classpath, , --add-modules, ALL-MODULE-PATH, -proc:none, -g, -Xlint:cast, -Xlint:deprecation, -Xlint:empty, -Xlint:fallthrough, -Xlint:finally, -Xlint:path, -Xlint:unchecked, -Xlint:varargs, -Xlint:static], creating new compiler
Sep 28, 2025 4:53:56 PM org.javacs.JavaLanguageServer findReferences
INFO: compile component: 11.0945 document: file:///C:/Users/74993/Desktop/毕设/wll论文/java-language-server2/outputDir/DEF/cl/DEF_1200.java
Sep 28, 2025 4:53:56 PM org.javacs.JavaLanguageServer findReferences
INFO: locate component: 230.9395 document: file:///C:/Users/74993/Desktop/毕设/wll论文/java-language-server2/outputDir/DEF/cl/DEF_1200.java
Sep 28, 2025 4:53:56 PM org.javacs.JavaLanguageServer findReferences
INFO: traverse component: 0.0 document: file:///C:/Users/74993/Desktop/毕设/wll论文/java-language-server2/outputDir/DEF/cl/DEF_1200.java
Sep 28, 2025 4:53:56 PM org.javacs.JavaLanguageServer findReferences
INFO: NOD: 15755 document: file:///C:/Users/74993/Desktop/毕设/wll论文/java-language-server2/outputDir/DEF/cl/DEF_1200.java
Sep 28, 2025 4:53:56 PM org.javacs.JavaLanguageServer findReferences
INFO: DEF: 1200 document: file:///C:/Users/74993/Desktop/毕设/wll论文/java-language-server2/outputDir/DEF/cl/DEF_1200.java
Sep 28, 2025 4:53:56 PM org.javacs.JavaLanguageServer findReferences
INFO: OCC: 9328 document: file:///C:/Users/74993/Desktop/毕设/wll论文/java-language-server2/outputDir/DEF/cl/DEF_1200.java
Sep 28, 2025 4:53:56 PM org.javacs.JavaLanguageServer findReferences
INFO: LOC: 6470 document: file:///C:/Users/74993/Desktop/毕设/wll论文/java-language-server2/outputDir/DEF/cl/DEF_1200.java
Sep 28, 2025 4:53:56 PM org.javacs.JavaLanguageServer didOpenTextDocument
INFO: #didOpenTextDocument# try call goto {"context":{"includeDeclaration":false},"textDocument":{"uri":"file:///C:/Users/74993/Desktop/%E6%AF%95%E8%AE%BE/wll%E8%AE%BA%E6%96%87/java-language-server2/outputDir/DEF/cl/DEF_1200.java"},"position":{"line":73,"character":31}}
Sep 28, 2025 4:53:56 PM org.javacs.JavaCompilerService compileBatch
INFO: ...using cached compile
Sep 28, 2025 4:53:56 PM org.javacs.JavaLanguageServer gotoDefinition
INFO: gotoDefinition: 241.1168 document: file:///C:/Users/74993/Desktop/毕设/wll论文/java-language-server2/outputDir/DEF/cl/DEF_1200.java
Sep 28, 2025 4:53:56 PM org.javacs.JavaCompilerService compileBatch
INFO: ...using cached compile
Sep 28, 2025 4:53:56 PM org.javacs.JavaLanguageServer gotoDefinition
INFO: gotoDefinition: 232.4062 document: file:///C:/Users/74993/Desktop/毕设/wll论文/java-language-server2/outputDir/DEF/cl/DEF_1200.java
Sep 28, 2025 4:53:56 PM org.javacs.JavaCompilerService compileBatch
INFO: ...using cached compile
Sep 28, 2025 4:53:57 PM org.javacs.JavaLanguageServer gotoDefinition
INFO: gotoDefinition: 223.8715 document: file:///C:/Users/74993/Desktop/毕设/wll论文/java-language-server2/outputDir/DEF/cl/DEF_1200.java
Sep 28, 2025 4:53:57 PM org.javacs.JavaCompilerService compileBatch
INFO: ...using cached compile
Sep 28, 2025 4:53:57 PM org.javacs.JavaLanguageServer gotoDefinition
INFO: gotoDefinition: 225.9664 document: file:///C:/Users/74993/Desktop/毕设/wll论文/java-language-server2/outputDir/DEF/cl/DEF_1200.java
Sep 28, 2025 4:53:57 PM org.javacs.JavaCompilerService compileBatch
INFO: ...using cached compile
Sep 28, 2025 4:53:57 PM org.javacs.JavaLanguageServer gotoDefinition
INFO: gotoDefinition: 234.313 document: file:///C:/Users/74993/Desktop/毕设/wll论文/java-language-server2/outputDir/DEF/cl/DEF_1200.java
Sep 28, 2025 4:53:57 PM org.javacs.JavaLanguageServer didOpenTextDocument
INFO: #didOpenTextDocument# try call rename {"context":{"includeDeclaration":false},"textDocument":{"uri":"file:///C:/Users/74993/Desktop/%E6%AF%95%E8%AE%BE/wll%E8%AE%BA%E6%96%87/java-language-server2/outputDir/DEF/cl/DEF_1200.java"},"position":{"line":73,"character":31}}
Sep 28, 2025 4:53:57 PM org.javacs.JavaCompilerService compileBatch
INFO: ...using cached compile
Sep 28, 2025 4:53:57 PM org.javacs.JavaLanguageServer rename
INFO: rename: 250.0178 document: file:///C:/Users/74993/Desktop/毕设/wll论文/java-language-server2/outputDir/DEF/cl/DEF_1200.java
Sep 28, 2025 4:53:57 PM org.javacs.JavaCompilerService compileBatch
INFO: ...using cached compile
Sep 28, 2025 4:53:58 PM org.javacs.JavaLanguageServer rename
INFO: rename: 228.3735 document: file:///C:/Users/74993/Desktop/毕设/wll论文/java-language-server2/outputDir/DEF/cl/DEF_1200.java
Sep 28, 2025 4:53:58 PM org.javacs.JavaCompilerService compileBatch
INFO: ...using cached compile
Sep 28, 2025 4:53:58 PM org.javacs.JavaLanguageServer rename
INFO: rename: 247.1879 document: file:///C:/Users/74993/Desktop/毕设/wll论文/java-language-server2/outputDir/DEF/cl/DEF_1200.java
Sep 28, 2025 4:53:58 PM org.javacs.JavaCompilerService compileBatch
INFO: ...using cached compile
Sep 28, 2025 4:53:58 PM org.javacs.JavaLanguageServer rename
INFO: rename: 252.9386 document: file:///C:/Users/74993/Desktop/毕设/wll论文/java-language-server2/outputDir/DEF/cl/DEF_1200.java
Sep 28, 2025 4:53:58 PM org.javacs.JavaCompilerService compileBatch
INFO: ...using cached compile
Sep 28, 2025 4:53:58 PM org.javacs.JavaLanguageServer rename
INFO: rename: 250.4445 document: file:///C:/Users/74993/Desktop/毕设/wll论文/java-language-server2/outputDir/DEF/cl/DEF_1200.java
Sep 28, 2025 4:53:58 PM org.javacs.JavaLanguageServer didOpenTextDocument
INFO: #didOpenTextDocument# try completion {"context":{"includeDeclaration":false},"textDocument":{"uri":"file:///C:/Users/74993/Desktop/%E6%AF%95%E8%AE%BE/wll%E8%AE%BA%E6%96%87/java-language-server2/outputDir/DEF/cl/DEF_1200.java"},"position":{"line":73,"character":31}}
Sep 28, 2025 4:53:58 PM org.javacs.JavaLanguageServer completion
INFO: completion: 11.5205 document: file:///C:/Users/74993/Desktop/毕设/wll论文/java-language-server2/outputDir/DEF/cl/DEF_1200.java
Sep 28, 2025 4:53:58 PM org.javacs.JavaLanguageServer completion
INFO: completion: 12.1583 document: file:///C:/Users/74993/Desktop/毕设/wll论文/java-language-server2/outputDir/DEF/cl/DEF_1200.java
Sep 28, 2025 4:53:58 PM org.javacs.JavaLanguageServer completion
INFO: completion: 11.0883 document: file:///C:/Users/74993/Desktop/毕设/wll论文/java-language-server2/outputDir/DEF/cl/DEF_1200.java
Sep 28, 2025 4:53:58 PM org.javacs.JavaLanguageServer completion
INFO: completion: 19.4094 document: file:///C:/Users/74993/Desktop/毕设/wll论文/java-language-server2/outputDir/DEF/cl/DEF_1200.java
Sep 28, 2025 4:53:58 PM org.javacs.JavaLanguageServer completion
INFO: completion: 12.5281 document: file:///C:/Users/74993/Desktop/毕设/wll论文/java-language-server2/outputDir/DEF/cl/DEF_1200.java
Sep 28, 2025 4:53:58 PM org.javacs.JavaLanguageServer didOpenTextDocument
INFO: #didOpenTextDocument# try call goto {"context":{"includeDeclaration":false},"textDocument":{"uri":"file:///C:/Users/74993/Desktop/%E6%AF%95%E8%AE%BE/wll%E8%AE%BA%E6%96%87/java-language-server2/outputDir/DEF/cl/DEF_1200.java"},"position":{"line":6461,"character":35}}
Sep 28, 2025 4:53:59 PM org.javacs.JavaLanguageServer gotoDefinition
INFO: gotoDefinition: 257.8285 document: file:///C:/Users/74993/Desktop/毕设/wll论文/java-language-server2/outputDir/DEF/cl/DEF_1200.java
Sep 28, 2025 4:53:59 PM org.javacs.JavaCompilerService compileBatch
INFO: ...using cached compile
Sep 28, 2025 4:53:59 PM org.javacs.JavaLanguageServer gotoDefinition
INFO: gotoDefinition: 229.7048 document: file:///C:/Users/74993/Desktop/毕设/wll论文/java-language-server2/outputDir/DEF/cl/DEF_1200.java
Sep 28, 2025 4:53:59 PM org.javacs.JavaCompilerService compileBatch
INFO: ...using cached compile
Sep 28, 2025 4:53:59 PM org.javacs.JavaLanguageServer gotoDefinition
INFO: gotoDefinition: 227.9023 document: file:///C:/Users/74993/Desktop/毕设/wll论文/java-language-server2/outputDir/DEF/cl/DEF_1200.java
Sep 28, 2025 4:53:59 PM org.javacs.JavaCompilerService compileBatch
INFO: ...using cached compile
Sep 28, 2025 4:53:59 PM org.javacs.JavaLanguageServer gotoDefinition
INFO: gotoDefinition: 228.7089 document: file:///C:/Users/74993/Desktop/毕设/wll论文/java-language-server2/outputDir/DEF/cl/DEF_1200.java
Sep 28, 2025 4:53:59 PM org.javacs.JavaCompilerService compileBatch
INFO: ...using cached compile
Sep 28, 2025 4:54:00 PM org.javacs.JavaLanguageServer gotoDefinition
INFO: gotoDefinition: 233.6276 document: file:///C:/Users/74993/Desktop/毕设/wll论文/java-language-server2/outputDir/DEF/cl/DEF_1200.java
Sep 28, 2025 4:54:00 PM org.javacs.JavaLanguageServer didOpenTextDocument
INFO: #didOpenTextDocument# try call rename {"context":{"includeDeclaration":false},"textDocument":{"uri":"file:///C:/Users/74993/Desktop/%E6%AF%95%E8%AE%BE/wll%E8%AE%BA%E6%96%87/java-language-server2/outputDir/DEF/cl/DEF_1200.java"},"position":{"line":6461,"character":35}}
Sep 28, 2025 4:54:00 PM org.javacs.JavaCompilerService compileBatch
INFO: ...using cached compile
Sep 28, 2025 4:54:00 PM org.javacs.JavaLanguageServer rename
INFO: rename: 249.3282 document: file:///C:/Users/74993/Desktop/毕设/wll论文/java-language-server2/outputDir/DEF/cl/DEF_1200.java
Sep 28, 2025 4:54:00 PM org.javacs.JavaCompilerService compileBatch
INFO: ...using cached compile
Sep 28, 2025 4:54:00 PM org.javacs.JavaLanguageServer rename
INFO: rename: 234.0234 document: file:///C:/Users/74993/Desktop/毕设/wll论文/java-language-server2/outputDir/DEF/cl/DEF_1200.java
Sep 28, 2025 4:54:00 PM org.javacs.JavaCompilerService compileBatch
INFO: ...using cached compile
Sep 28, 2025 4:54:00 PM org.javacs.JavaLanguageServer rename
INFO: rename: 233.8829 document: file:///C:/Users/74993/Desktop/毕设/wll论文/java-language-server2/outputDir/DEF/cl/DEF_1200.java
Sep 28, 2025 4:54:00 PM org.javacs.JavaCompilerService compileBatch
INFO: ...using cached compile
Sep 28, 2025 4:54:01 PM org.javacs.JavaLanguageServer rename
INFO: rename: 243.8494 document: file:///C:/Users/74993/Desktop/毕设/wll论文/java-language-server2/outputDir/DEF/cl/DEF_1200.java
Sep 28, 2025 4:54:01 PM org.javacs.JavaCompilerService compileBatch
INFO: ...using cached compile
Sep 28, 2025 4:54:01 PM org.javacs.JavaLanguageServer rename
INFO: rename: 240.7063 document: file:///C:/Users/74993/Desktop/毕设/wll论文/java-language-server2/outputDir/DEF/cl/DEF_1200.java
Sep 28, 2025 4:54:01 PM org.javacs.JavaLanguageServer didOpenTextDocument
INFO: #didOpenTextDocument# try completion {"context":{"includeDeclaration":false},"textDocument":{"uri":"file:///C:/Users/74993/Desktop/%E6%AF%95%E8%AE%BE/wll%E8%AE%BA%E6%96%87/java-language-server2/outputDir/DEF/cl/DEF_1200.java"},"position":{"line":6461,"character":35}}
Sep 28, 2025 4:54:01 PM org.javacs.JavaLanguageServer completion
INFO: completion: 12.5217 document: file:///C:/Users/74993/Desktop/毕设/wll论文/java-language-server2/outputDir/DEF/cl/DEF_1200.java
Sep 28, 2025 4:54:01 PM org.javacs.JavaLanguageServer completion
INFO: completion: 11.5231 document: file:///C:/Users/74993/Desktop/毕设/wll论文/java-language-server2/outputDir/DEF/cl/DEF_1200.java
Sep 28, 2025 4:54:01 PM org.javacs.JavaLanguageServer completion
INFO: completion: 11.9575 document: file:///C:/Users/74993/Desktop/毕设/wll论文/java-language-server2/outputDir/DEF/cl/DEF_1200.java
Sep 28, 2025 4:54:01 PM org.javacs.JavaLanguageServer completion
INFO: completion: 11.5137 document: file:///C:/Users/74993/Desktop/毕设/wll论文/java-language-server2/outputDir/DEF/cl/DEF_1200.java
Sep 28, 2025 4:54:01 PM org.javacs.JavaLanguageServer completion
INFO: completion: 12.5195 document: file:///C:/Users/74993/Desktop/毕设/wll论文/java-language-server2/outputDir/DEF/cl/DEF_1200.java
Sep 28, 2025 4:54:01 PM org.javacs.JavaLanguageServer didOpenTextDocument
INFO: #didOpenTextDocument# try call reference {"context":{"includeDeclaration":false},"textDocument":{"uri":"file:///C:/Users/74993/Desktop/%E6%AF%95%E8%AE%BE/wll%E8%AE%BA%E6%96%87/java-language-server2/outputDir/DEF/cm/DEF_1280.java"},"position":{"line":73,"character":31}}
Sep 28, 2025 4:54:01 PM org.javacs.ScanClassPath jdkTopLevelClasses
INFO: Searching for top-level classes in the JDK
Sep 28, 2025 4:54:01 PM org.javacs.ScanClassPath jdkTopLevelClasses
INFO: Found 15005 classes in the java platform
Sep 28, 2025 4:54:01 PM org.javacs.ScanClassPath classPathTopLevelClasses
INFO: Searching for top-level classes in 0 classpath locations
Sep 28, 2025 4:54:01 PM org.javacs.ScanClassPath classPathTopLevelClasses
INFO: Found 0 classes in classpath
Sep 28, 2025 4:54:01 PM org.javacs.ReusableCompiler getTask
WARNING: Options changed from [-classpath, , --add-modules, ALL-MODULE-PATH, -proc:none, -g, -Xlint:cast, -Xlint:deprecation, -Xlint:empty, -Xlint:fallthrough, -Xlint:finally, -Xlint:path, -Xlint:unchecked, -Xlint:varargs, -Xlint:static] to [-classpath, , --add-modules, ALL-MODULE-PATH, -proc:none, -g, -Xlint:cast, -Xlint:deprecation, -Xlint:empty, -Xlint:fallthrough, -Xlint:finally, -Xlint:path, -Xlint:unchecked, -Xlint:varargs, -Xlint:static], creating new compiler
Sep 28, 2025 4:54:01 PM org.javacs.JavaLanguageServer findReferences
INFO: compile component: 34.0175 document: file:///C:/Users/74993/Desktop/毕设/wll论文/java-language-server2/outputDir/DEF/cm/DEF_1280.java
Sep 28, 2025 4:54:01 PM org.javacs.JavaLanguageServer findReferences
INFO: locate component: 248.9119 document: file:///C:/Users/74993/Desktop/毕设/wll论文/java-language-server2/outputDir/DEF/cm/DEF_1280.java
Sep 28, 2025 4:54:01 PM org.javacs.JavaLanguageServer findReferences
INFO: traverse component: 0.0 document: file:///C:/Users/74993/Desktop/毕设/wll论文/java-language-server2/outputDir/DEF/cm/DEF_1280.java
Sep 28, 2025 4:54:01 PM org.javacs.JavaLanguageServer findReferences
INFO: NOD: 16541 document: file:///C:/Users/74993/Desktop/毕设/wll论文/java-language-server2/outputDir/DEF/cm/DEF_1280.java
Sep 28, 2025 4:54:01 PM org.javacs.JavaLanguageServer findReferences
INFO: DEF: 1280 document: file:///C:/Users/74993/Desktop/毕设/wll论文/java-language-server2/outputDir/DEF/cm/DEF_1280.java
Sep 28, 2025 4:54:01 PM org.javacs.JavaLanguageServer findReferences
INFO: OCC: 9724 document: file:///C:/Users/74993/Desktop/毕设/wll论文/java-language-server2/outputDir/DEF/cm/DEF_1280.java
Sep 28, 2025 4:54:01 PM org.javacs.JavaLanguageServer findReferences
INFO: LOC: 7011 document: file:///C:/Users/74993/Desktop/毕设/wll论文/java-language-server2/outputDir/DEF/cm/DEF_1280.java
Sep 28, 2025 4:54:01 PM org.javacs.ScanClassPath jdkTopLevelClasses
INFO: Searching for top-level classes in the JDK
Sep 28, 2025 4:54:01 PM org.javacs.ScanClassPath jdkTopLevelClasses
INFO: Found 15005 classes in the java platform
Sep 28, 2025 4:54:01 PM org.javacs.ScanClassPath classPathTopLevelClasses
INFO: Searching for top-level classes in 0 classpath locations
Sep 28, 2025 4:54:01 PM org.javacs.ScanClassPath classPathTopLevelClasses
INFO: Found 0 classes in classpath
Sep 28, 2025 4:54:01 PM org.javacs.ReusableCompiler getTask
WARNING: Options changed from [-classpath, , --add-modules, ALL-MODULE-PATH, -proc:none, -g, -Xlint:cast, -Xlint:deprecation, -Xlint:empty, -Xlint:fallthrough, -Xlint:finally, -Xlint:path, -Xlint:unchecked, -Xlint:varargs, -Xlint:static] to [-classpath, , --add-modules, ALL-MODULE-PATH, -proc:none, -g, -Xlint:cast, -Xlint:deprecation, -Xlint:empty, -Xlint:fallthrough, -Xlint:finally, -Xlint:path, -Xlint:unchecked, -Xlint:varargs, -Xlint:static], creating new compiler
Sep 28, 2025 4:54:02 PM org.javacs.JavaLanguageServer findReferences
INFO: compile component: 12.9599 document: file:///C:/Users/74993/Desktop/毕设/wll论文/java-language-server2/outputDir/DEF/cm/DEF_1280.java
Sep 28, 2025 4:54:02 PM org.javacs.JavaLanguageServer findReferences
INFO: locate component: 236.2853 document: file:///C:/Users/74993/Desktop/毕设/wll论文/java-language-server2/outputDir/DEF/cm/DEF_1280.java
Sep 28, 2025 4:54:02 PM org.javacs.JavaLanguageServer findReferences
INFO: traverse component: 0.0 document: file:///C:/Users/74993/Desktop/毕设/wll论文/java-language-server2/outputDir/DEF/cm/DEF_1280.java
Sep 28, 2025 4:54:02 PM org.javacs.JavaLanguageServer findReferences
INFO: NOD: 16541 document: file:///C:/Users/74993/Desktop/毕设/wll论文/java-language-server2/outputDir/DEF/cm/DEF_1280.java
Sep 28, 2025 4:54:02 PM org.javacs.JavaLanguageServer findReferences
INFO: DEF: 1280 document: file:///C:/Users/74993/Desktop/毕设/wll论文/java-language-server2/outputDir/DEF/cm/DEF_1280.java
Sep 28, 2025 4:54:02 PM org.javacs.JavaLanguageServer findReferences
INFO: OCC: 9724 document: file:///C:/Users/74993/Desktop/毕设/wll论文/java-language-server2/outputDir/DEF/cm/DEF_1280.java
Sep 28, 2025 4:54:02 PM org.javacs.JavaLanguageServer findReferences
INFO: LOC: 7011 document: file:///C:/Users/74993/Desktop/毕设/wll论文/java-language-server2/outputDir/DEF/cm/DEF_1280.java
Sep 28, 2025 4:54:02 PM org.javacs.ScanClassPath jdkTopLevelClasses
INFO: Searching for top-level classes in the JDK
Sep 28, 2025 4:54:02 PM org.javacs.ScanClassPath jdkTopLevelClasses
INFO: Found 15005 classes in the java platform
Sep 28, 2025 4:54:02 PM org.javacs.ScanClassPath classPathTopLevelClasses
INFO: Searching for top-level classes in 0 classpath locations
Sep 28, 2025 4:54:02 PM org.javacs.ScanClassPath classPathTopLevelClasses
INFO: Found 0 classes in classpath
Sep 28, 2025 4:54:02 PM org.javacs.ReusableCompiler getTask
WARNING: Options changed from [-classpath, , --add-modules, ALL-MODULE-PATH, -proc:none, -g, -Xlint:cast, -Xlint:deprecation, -Xlint:empty, -Xlint:fallthrough, -Xlint:finally, -Xlint:path, -Xlint:unchecked, -Xlint:varargs, -Xlint:static] to [-classpath, , --add-modules, ALL-MODULE-PATH, -proc:none, -g, -Xlint:cast, -Xlint:deprecation, -Xlint:empty, -Xlint:fallthrough, -Xlint:finally, -Xlint:path, -Xlint:unchecked, -Xlint:varargs, -Xlint:static], creating new compiler
Sep 28, 2025 4:54:02 PM org.javacs.JavaLanguageServer findReferences
INFO: compile component: 11.5203 document: file:///C:/Users/74993/Desktop/毕设/wll论文/java-language-server2/outputDir/DEF/cm/DEF_1280.java
Sep 28, 2025 4:54:02 PM org.javacs.JavaLanguageServer findReferences
INFO: locate component: 249.5111 document: file:///C:/Users/74993/Desktop/毕设/wll论文/java-language-server2/outputDir/DEF/cm/DEF_1280.java
Sep 28, 2025 4:54:02 PM org.javacs.JavaLanguageServer findReferences
INFO: traverse component: 1.0079 document: file:///C:/Users/74993/Desktop/毕设/wll论文/java-language-server2/outputDir/DEF/cm/DEF_1280.java
Sep 28, 2025 4:54:02 PM org.javacs.JavaLanguageServer findReferences
INFO: NOD: 16541 document: file:///C:/Users/74993/Desktop/毕设/wll论文/java-language-server2/outputDir/DEF/cm/DEF_1280.java
Sep 28, 2025 4:54:02 PM org.javacs.JavaLanguageServer findReferences
INFO: DEF: 1280 document: file:///C:/Users/74993/Desktop/毕设/wll论文/java-language-server2/outputDir/DEF/cm/DEF_1280.java
Sep 28, 2025 4:54:02 PM org.javacs.JavaLanguageServer findReferences
INFO: OCC: 9724 document: file:///C:/Users/74993/Desktop/毕设/wll论文/java-language-server2/outputDir/DEF/cm/DEF_1280.java
Sep 28, 2025 4:54:02 PM org.javacs.JavaLanguageServer findReferences
INFO: LOC: 7011 document: file:///C:/Users/74993/Desktop/毕设/wll论文/java-language-server2/outputDir/DEF/cm/DEF_1280.java
Sep 28, 2025 4:54:02 PM org.javacs.ScanClassPath jdkTopLevelClasses
INFO: Searching for top-level classes in the JDK
Sep 28, 2025 4:54:02 PM org.javacs.ScanClassPath jdkTopLevelClasses
INFO: Found 15005 classes in the java platform
Sep 28, 2025 4:54:02 PM org.javacs.ScanClassPath classPathTopLevelClasses
INFO: Searching for top-level classes in 0 classpath locations
Sep 28, 2025 4:54:02 PM org.javacs.ScanClassPath classPathTopLevelClasses
INFO: Found 0 classes in classpath
Sep 28, 2025 4:54:02 PM org.javacs.ReusableCompiler getTask
WARNING: Options changed from [-classpath, , --add-modules, ALL-MODULE-PATH, -proc:none, -g, -Xlint:cast, -Xlint:deprecation, -Xlint:empty, -Xlint:fallthrough, -Xlint:finally, -Xlint:path, -Xlint:unchecked, -Xlint:varargs, -Xlint:static] to [-classpath, , --add-modules, ALL-MODULE-PATH, -proc:none, -g, -Xlint:cast, -Xlint:deprecation, -Xlint:empty, -Xlint:fallthrough, -Xlint:finally, -Xlint:path, -Xlint:unchecked, -Xlint:varargs, -Xlint:static], creating new compiler
Sep 28, 2025 4:54:02 PM org.javacs.JavaLanguageServer findReferences
INFO: compile component: 11.5224 document: file:///C:/Users/74993/Desktop/毕设/wll论文/java-language-server2/outputDir/DEF/cm/DEF_1280.java
Sep 28, 2025 4:54:03 PM org.javacs.JavaLanguageServer findReferences
INFO: locate component: 256.8161 document: file:///C:/Users/74993/Desktop/毕设/wll论文/java-language-server2/outputDir/DEF/cm/DEF_1280.java
Sep 28, 2025 4:54:03 PM org.javacs.JavaLanguageServer findReferences
INFO: traverse component: 0.0 document: file:///C:/Users/74993/Desktop/毕设/wll论文/java-language-server2/outputDir/DEF/cm/DEF_1280.java
Sep 28, 2025 4:54:03 PM org.javacs.JavaLanguageServer findReferences
INFO: NOD: 16541 document: file:///C:/Users/74993/Desktop/毕设/wll论文/java-language-server2/outputDir/DEF/cm/DEF_1280.java
Sep 28, 2025 4:54:03 PM org.javacs.JavaLanguageServer findReferences
INFO: DEF: 1280 document: file:///C:/Users/74993/Desktop/毕设/wll论文/java-language-server2/outputDir/DEF/cm/DEF_1280.java
Sep 28, 2025 4:54:03 PM org.javacs.JavaLanguageServer findReferences
INFO: OCC: 9724 document: file:///C:/Users/74993/Desktop/毕设/wll论文/java-language-server2/outputDir/DEF/cm/DEF_1280.java
Sep 28, 2025 4:54:03 PM org.javacs.JavaLanguageServer findReferences
INFO: LOC: 7011 document: file:///C:/Users/74993/Desktop/毕设/wll论文/java-language-server2/outputDir/DEF/cm/DEF_1280.java
Sep 28, 2025 4:54:03 PM org.javacs.ScanClassPath jdkTopLevelClasses
INFO: Searching for top-level classes in the JDK
Sep 28, 2025 4:54:03 PM org.javacs.ScanClassPath jdkTopLevelClasses
INFO: Found 15005 classes in the java platform
Sep 28, 2025 4:54:03 PM org.javacs.ScanClassPath classPathTopLevelClasses
INFO: Searching for top-level classes in 0 classpath locations
Sep 28, 2025 4:54:03 PM org.javacs.ScanClassPath classPathTopLevelClasses
INFO: Found 0 classes in classpath
Sep 28, 2025 4:54:03 PM org.javacs.ReusableCompiler getTask
WARNING: Options changed from [-classpath, , --add-modules, ALL-MODULE-PATH, -proc:none, -g, -Xlint:cast, -Xlint:deprecation, -Xlint:empty, -Xlint:fallthrough, -Xlint:finally, -Xlint:path, -Xlint:unchecked, -Xlint:varargs, -Xlint:static] to [-classpath, , --add-modules, ALL-MODULE-PATH, -proc:none, -g, -Xlint:cast, -Xlint:deprecation, -Xlint:empty, -Xlint:fallthrough, -Xlint:finally, -Xlint:path, -Xlint:unchecked, -Xlint:varargs, -Xlint:static], creating new compiler
Sep 28, 2025 4:54:03 PM org.javacs.JavaLanguageServer findReferences
INFO: compile component: 21.3496 document: file:///C:/Users/74993/Desktop/毕设/wll论文/java-language-server2/outputDir/DEF/cm/DEF_1280.java
Sep 28, 2025 4:54:03 PM org.javacs.JavaLanguageServer findReferences
INFO: locate component: 262.8635 document: file:///C:/Users/74993/Desktop/毕设/wll论文/java-language-server2/outputDir/DEF/cm/DEF_1280.java
Sep 28, 2025 4:54:03 PM org.javacs.JavaLanguageServer findReferences
INFO: traverse component: 0.0 document: file:///C:/Users/74993/Desktop/毕设/wll论文/java-language-server2/outputDir/DEF/cm/DEF_1280.java
Sep 28, 2025 4:54:03 PM org.javacs.JavaLanguageServer findReferences
INFO: NOD: 16541 document: file:///C:/Users/74993/Desktop/毕设/wll论文/java-language-server2/outputDir/DEF/cm/DEF_1280.java
Sep 28, 2025 4:54:03 PM org.javacs.JavaLanguageServer findReferences
INFO: DEF: 1280 document: file:///C:/Users/74993/Desktop/毕设/wll论文/java-language-server2/outputDir/DEF/cm/DEF_1280.java
Sep 28, 2025 4:54:03 PM org.javacs.JavaLanguageServer findReferences
INFO: OCC: 9724 document: file:///C:/Users/74993/Desktop/毕设/wll论文/java-language-server2/outputDir/DEF/cm/DEF_1280.java
Sep 28, 2025 4:54:03 PM org.javacs.JavaLanguageServer findReferences
INFO: LOC: 7011 document: file:///C:/Users/74993/Desktop/毕设/wll论文/java-language-server2/outputDir/DEF/cm/DEF_1280.java
Sep 28, 2025 4:54:03 PM org.javacs.JavaLanguageServer didOpenTextDocument
INFO: #didOpenTextDocument# try call goto {"context":{"includeDeclaration":false},"textDocument":{"uri":"file:///C:/Users/74993/Desktop/%E6%AF%95%E8%AE%BE/wll%E8%AE%BA%E6%96%87/java-language-server2/outputDir/DEF/cm/DEF_1280.java"},"position":{"line":73,"character":31}}
Sep 28, 2025 4:54:03 PM org.javacs.JavaCompilerService compileBatch
INFO: ...using cached compile
Sep 28, 2025 4:54:03 PM org.javacs.JavaLanguageServer gotoDefinition
INFO: gotoDefinition: 268.6208 document: file:///C:/Users/74993/Desktop/毕设/wll论文/java-language-server2/outputDir/DEF/cm/DEF_1280.java
Sep 28, 2025 4:54:03 PM org.javacs.JavaCompilerService compileBatch
INFO: ...using cached compile
Sep 28, 2025 4:54:04 PM org.javacs.JavaLanguageServer gotoDefinition
INFO: gotoDefinition: 272.6439 document: file:///C:/Users/74993/Desktop/毕设/wll论文/java-language-server2/outputDir/DEF/cm/DEF_1280.java
Sep 28, 2025 4:54:04 PM org.javacs.JavaCompilerService compileBatch
INFO: ...using cached compile
Sep 28, 2025 4:54:04 PM org.javacs.JavaLanguageServer gotoDefinition
INFO: gotoDefinition: 247.7075 document: file:///C:/Users/74993/Desktop/毕设/wll论文/java-language-server2/outputDir/DEF/cm/DEF_1280.java
Sep 28, 2025 4:54:04 PM org.javacs.JavaCompilerService compileBatch
INFO: ...using cached compile
Sep 28, 2025 4:54:04 PM org.javacs.JavaLanguageServer gotoDefinition
INFO: gotoDefinition: 265.4414 document: file:///C:/Users/74993/Desktop/毕设/wll论文/java-language-server2/outputDir/DEF/cm/DEF_1280.java
Sep 28, 2025 4:54:04 PM org.javacs.JavaCompilerService compileBatch
INFO: ...using cached compile
Sep 28, 2025 4:54:04 PM org.javacs.JavaLanguageServer gotoDefinition
INFO: gotoDefinition: 255.7241 document: file:///C:/Users/74993/Desktop/毕设/wll论文/java-language-server2/outputDir/DEF/cm/DEF_1280.java
Sep 28, 2025 4:54:04 PM org.javacs.JavaLanguageServer didOpenTextDocument
INFO: #didOpenTextDocument# try call rename {"context":{"includeDeclaration":false},"textDocument":{"uri":"file:///C:/Users/74993/Desktop/%E6%AF%95%E8%AE%BE/wll%E8%AE%BA%E6%96%87/java-language-server2/outputDir/DEF/cm/DEF_1280.java"},"position":{"line":73,"character":31}}
Sep 28, 2025 4:54:04 PM org.javacs.JavaCompilerService compileBatch
INFO: ...using cached compile
Sep 28, 2025 4:54:05 PM org.javacs.JavaLanguageServer rename
INFO: rename: 252.0252 document: file:///C:/Users/74993/Desktop/毕设/wll论文/java-language-server2/outputDir/DEF/cm/DEF_1280.java
Sep 28, 2025 4:54:05 PM org.javacs.JavaCompilerService compileBatch
INFO: ...using cached compile
Sep 28, 2025 4:54:05 PM org.javacs.JavaLanguageServer rename
INFO: rename: 264.177 document: file:///C:/Users/74993/Desktop/毕设/wll论文/java-language-server2/outputDir/DEF/cm/DEF_1280.java
Sep 28, 2025 4:54:05 PM org.javacs.JavaCompilerService compileBatch
INFO: ...using cached compile
Sep 28, 2025 4:54:05 PM org.javacs.JavaLanguageServer rename
INFO: rename: 269.0855 document: file:///C:/Users/74993/Desktop/毕设/wll论文/java-language-server2/outputDir/DEF/cm/DEF_1280.java
Sep 28, 2025 4:54:05 PM org.javacs.JavaCompilerService compileBatch
INFO: ...using cached compile
Sep 28, 2025 4:54:05 PM org.javacs.JavaLanguageServer rename
INFO: rename: 260.7461 document: file:///C:/Users/74993/Desktop/毕设/wll论文/java-language-server2/outputDir/DEF/cm/DEF_1280.java
Sep 28, 2025 4:54:05 PM org.javacs.JavaCompilerService compileBatch
INFO: ...using cached compile
Sep 28, 2025 4:54:06 PM org.javacs.JavaLanguageServer rename
INFO: rename: 260.1335 document: file:///C:/Users/74993/Desktop/毕设/wll论文/java-language-server2/outputDir/DEF/cm/DEF_1280.java
Sep 28, 2025 4:54:06 PM org.javacs.JavaLanguageServer didOpenTextDocument
INFO: #didOpenTextDocument# try completion {"context":{"includeDeclaration":false},"textDocument":{"uri":"file:///C:/Users/74993/Desktop/%E6%AF%95%E8%AE%BE/wll%E8%AE%BA%E6%96%87/java-language-server2/outputDir/DEF/cm/DEF_1280.java"},"position":{"line":73,"character":31}}
Sep 28, 2025 4:54:06 PM org.javacs.JavaLanguageServer completion
INFO: completion: 14.1313 document: file:///C:/Users/74993/Desktop/毕设/wll论文/java-language-server2/outputDir/DEF/cm/DEF_1280.java
Sep 28, 2025 4:54:06 PM org.javacs.JavaLanguageServer completion
INFO: completion: 12.6706 document: file:///C:/Users/74993/Desktop/毕设/wll论文/java-language-server2/outputDir/DEF/cm/DEF_1280.java
Sep 28, 2025 4:54:06 PM org.javacs.JavaLanguageServer completion
INFO: completion: 13.1958 document: file:///C:/Users/74993/Desktop/毕设/wll论文/java-language-server2/outputDir/DEF/cm/DEF_1280.java
Sep 28, 2025 4:54:06 PM org.javacs.JavaLanguageServer completion
INFO: completion: 12.4388 document: file:///C:/Users/74993/Desktop/毕设/wll论文/java-language-server2/outputDir/DEF/cm/DEF_1280.java
Sep 28, 2025 4:54:06 PM org.javacs.JavaLanguageServer completion
INFO: completion: 13.184 document: file:///C:/Users/74993/Desktop/毕设/wll论文/java-language-server2/outputDir/DEF/cm/DEF_1280.java
Sep 28, 2025 4:54:06 PM org.javacs.JavaLanguageServer didOpenTextDocument
INFO: #didOpenTextDocument# try call goto {"context":{"includeDeclaration":false},"textDocument":{"uri":"file:///C:/Users/74993/Desktop/%E6%AF%95%E8%AE%BE/wll%E8%AE%BA%E6%96%87/java-language-server2/outputDir/DEF/cm/DEF_1280.java"},"position":{"line":6986,"character":87}}
Sep 28, 2025 4:54:06 PM org.javacs.JavaLanguageServer gotoDefinition
INFO: gotoDefinition: 297.201 document: file:///C:/Users/74993/Desktop/毕设/wll论文/java-language-server2/outputDir/DEF/cm/DEF_1280.java
Sep 28, 2025 4:54:06 PM org.javacs.JavaCompilerService compileBatch
INFO: ...using cached compile
Sep 28, 2025 4:54:06 PM org.javacs.JavaLanguageServer gotoDefinition
INFO: gotoDefinition: 251.8487 document: file:///C:/Users/74993/Desktop/毕设/wll论文/java-language-server2/outputDir/DEF/cm/DEF_1280.java
Sep 28, 2025 4:54:06 PM org.javacs.JavaCompilerService compileBatch
INFO: ...using cached compile
Sep 28, 2025 4:54:07 PM org.javacs.JavaLanguageServer gotoDefinition
INFO: gotoDefinition: 259.2801 document: file:///C:/Users/74993/Desktop/毕设/wll论文/java-language-server2/outputDir/DEF/cm/DEF_1280.java
Sep 28, 2025 4:54:07 PM org.javacs.JavaCompilerService compileBatch
INFO: ...using cached compile
Sep 28, 2025 4:54:07 PM org.javacs.JavaLanguageServer gotoDefinition
INFO: gotoDefinition: 267.1388 document: file:///C:/Users/74993/Desktop/毕设/wll论文/java-language-server2/outputDir/DEF/cm/DEF_1280.java
Sep 28, 2025 4:54:07 PM org.javacs.JavaCompilerService compileBatch
INFO: ...using cached compile
Sep 28, 2025 4:54:07 PM org.javacs.JavaLanguageServer gotoDefinition
INFO: gotoDefinition: 248.6413 document: file:///C:/Users/74993/Desktop/毕设/wll论文/java-language-server2/outputDir/DEF/cm/DEF_1280.java
Sep 28, 2025 4:54:07 PM org.javacs.JavaLanguageServer didOpenTextDocument
INFO: #didOpenTextDocument# try call rename {"context":{"includeDeclaration":false},"textDocument":{"uri":"file:///C:/Users/74993/Desktop/%E6%AF%95%E8%AE%BE/wll%E8%AE%BA%E6%96%87/java-language-server2/outputDir/DEF/cm/DEF_1280.java"},"position":{"line":6986,"character":87}}
Sep 28, 2025 4:54:07 PM org.javacs.JavaCompilerService compileBatch
INFO: ...using cached compile
Sep 28, 2025 4:54:07 PM org.javacs.JavaLanguageServer rename
INFO: rename: 273.3731 document: file:///C:/Users/74993/Desktop/毕设/wll论文/java-language-server2/outputDir/DEF/cm/DEF_1280.java
Sep 28, 2025 4:54:07 PM org.javacs.JavaCompilerService compileBatch
INFO: ...using cached compile
Sep 28, 2025 4:54:08 PM org.javacs.JavaLanguageServer rename
INFO: rename: 239.3181 document: file:///C:/Users/74993/Desktop/毕设/wll论文/java-language-server2/outputDir/DEF/cm/DEF_1280.java
Sep 28, 2025 4:54:08 PM org.javacs.JavaCompilerService compileBatch
INFO: ...using cached compile
Sep 28, 2025 4:54:08 PM org.javacs.JavaLanguageServer rename
INFO: rename: 269.1102 document: file:///C:/Users/74993/Desktop/毕设/wll论文/java-language-server2/outputDir/DEF/cm/DEF_1280.java
Sep 28, 2025 4:54:08 PM org.javacs.JavaCompilerService compileBatch
INFO: ...using cached compile
Sep 28, 2025 4:54:08 PM org.javacs.JavaLanguageServer rename
INFO: rename: 351.1841 document: file:///C:/Users/74993/Desktop/毕设/wll论文/java-language-server2/outputDir/DEF/cm/DEF_1280.java
Sep 28, 2025 4:54:08 PM org.javacs.JavaCompilerService compileBatch
INFO: ...using cached compile
Sep 28, 2025 4:54:09 PM org.javacs.JavaLanguageServer rename
INFO: rename: 374.1635 document: file:///C:/Users/74993/Desktop/毕设/wll论文/java-language-server2/outputDir/DEF/cm/DEF_1280.java
Sep 28, 2025 4:54:09 PM org.javacs.JavaLanguageServer didOpenTextDocument
INFO: #didOpenTextDocument# try completion {"context":{"includeDeclaration":false},"textDocument":{"uri":"file:///C:/Users/74993/Desktop/%E6%AF%95%E8%AE%BE/wll%E8%AE%BA%E6%96%87/java-language-server2/outputDir/DEF/cm/DEF_1280.java"},"position":{"line":6986,"character":87}}
Sep 28, 2025 4:54:09 PM org.javacs.JavaLanguageServer completion
INFO: completion: 22.1329 document: file:///C:/Users/74993/Desktop/毕设/wll论文/java-language-server2/outputDir/DEF/cm/DEF_1280.java
Sep 28, 2025 4:54:09 PM org.javacs.JavaLanguageServer completion
INFO: completion: 20.5736 document: file:///C:/Users/74993/Desktop/毕设/wll论文/java-language-server2/outputDir/DEF/cm/DEF_1280.java
Sep 28, 2025 4:54:09 PM org.javacs.JavaLanguageServer completion
INFO: completion: 20.8619 document: file:///C:/Users/74993/Desktop/毕设/wll论文/java-language-server2/outputDir/DEF/cm/DEF_1280.java
Sep 28, 2025 4:54:09 PM org.javacs.JavaLanguageServer completion
INFO: completion: 20.7141 document: file:///C:/Users/74993/Desktop/毕设/wll论文/java-language-server2/outputDir/DEF/cm/DEF_1280.java
Sep 28, 2025 4:54:09 PM org.javacs.JavaLanguageServer completion
INFO: completion: 20.6318 document: file:///C:/Users/74993/Desktop/毕设/wll论文/java-language-server2/outputDir/DEF/cm/DEF_1280.java
Sep 28, 2025 4:54:09 PM org.javacs.JavaLanguageServer didOpenTextDocument
INFO: #didOpenTextDocument# try call reference {"context":{"includeDeclaration":false},"textDocument":{"uri":"file:///C:/Users/74993/Desktop/%E6%AF%95%E8%AE%BE/wll%E8%AE%BA%E6%96%87/java-language-server2/outputDir/DEF/cn/DEF_1360.java"},"position":{"line":73,"character":31}}
Sep 28, 2025 4:54:09 PM org.javacs.ScanClassPath jdkTopLevelClasses
INFO: Searching for top-level classes in the JDK
Sep 28, 2025 4:54:09 PM org.javacs.ScanClassPath jdkTopLevelClasses
INFO: Found 15005 classes in the java platform
Sep 28, 2025 4:54:09 PM org.javacs.ScanClassPath classPathTopLevelClasses
INFO: Searching for top-level classes in 0 classpath locations
Sep 28, 2025 4:54:09 PM org.javacs.ScanClassPath classPathTopLevelClasses
INFO: Found 0 classes in classpath
Sep 28, 2025 4:54:09 PM org.javacs.ReusableCompiler getTask
WARNING: Options changed from [-classpath, , --add-modules, ALL-MODULE-PATH, -proc:none, -g, -Xlint:cast, -Xlint:deprecation, -Xlint:empty, -Xlint:fallthrough, -Xlint:finally, -Xlint:path, -Xlint:unchecked, -Xlint:varargs, -Xlint:static] to [-classpath, , --add-modules, ALL-MODULE-PATH, -proc:none, -g, -Xlint:cast, -Xlint:deprecation, -Xlint:empty, -Xlint:fallthrough, -Xlint:finally, -Xlint:path, -Xlint:unchecked, -Xlint:varargs, -Xlint:static], creating new compiler
Sep 28, 2025 4:54:09 PM org.javacs.JavaLanguageServer findReferences
INFO: compile component: 41.4595 document: file:///C:/Users/74993/Desktop/毕设/wll论文/java-language-server2/outputDir/DEF/cn/DEF_1360.java
Sep 28, 2025 4:54:09 PM org.javacs.JavaLanguageServer findReferences
INFO: locate component: 331.9738 document: file:///C:/Users/74993/Desktop/毕设/wll论文/java-language-server2/outputDir/DEF/cn/DEF_1360.java
Sep 28, 2025 4:54:09 PM org.javacs.JavaLanguageServer findReferences
INFO: traverse component: 1.0001 document: file:///C:/Users/74993/Desktop/毕设/wll论文/java-language-server2/outputDir/DEF/cn/DEF_1360.java
Sep 28, 2025 4:54:09 PM org.javacs.JavaLanguageServer findReferences
INFO: NOD: 14345 document: file:///C:/Users/74993/Desktop/毕设/wll论文/java-language-server2/outputDir/DEF/cn/DEF_1360.java
Sep 28, 2025 4:54:09 PM org.javacs.JavaLanguageServer findReferences
INFO: DEF: 1360 document: file:///C:/Users/74993/Desktop/毕设/wll论文/java-language-server2/outputDir/DEF/cn/DEF_1360.java
Sep 28, 2025 4:54:10 PM org.javacs.JavaLanguageServer findReferences
INFO: OCC: 8308 document: file:///C:/Users/74993/Desktop/毕设/wll论文/java-language-server2/outputDir/DEF/cn/DEF_1360.java
Sep 28, 2025 4:54:10 PM org.javacs.JavaLanguageServer findReferences
INFO: LOC: 7093 document: file:///C:/Users/74993/Desktop/毕设/wll论文/java-language-server2/outputDir/DEF/cn/DEF_1360.java
Sep 28, 2025 4:54:10 PM org.javacs.ScanClassPath jdkTopLevelClasses
INFO: Searching for top-level classes in the JDK
Sep 28, 2025 4:54:10 PM org.javacs.ScanClassPath jdkTopLevelClasses
INFO: Found 15005 classes in the java platform
Sep 28, 2025 4:54:10 PM org.javacs.ScanClassPath classPathTopLevelClasses
INFO: Searching for top-level classes in 0 classpath locations
Sep 28, 2025 4:54:10 PM org.javacs.ScanClassPath classPathTopLevelClasses
INFO: Found 0 classes in classpath
Sep 28, 2025 4:54:10 PM org.javacs.ReusableCompiler getTask
WARNING: Options changed from [-classpath, , --add-modules, ALL-MODULE-PATH, -proc:none, -g, -Xlint:cast, -Xlint:deprecation, -Xlint:empty, -Xlint:fallthrough, -Xlint:finally, -Xlint:path, -Xlint:unchecked, -Xlint:varargs, -Xlint:static] to [-classpath, , --add-modules, ALL-MODULE-PATH, -proc:none, -g, -Xlint:cast, -Xlint:deprecation, -Xlint:empty, -Xlint:fallthrough, -Xlint:finally, -Xlint:path, -Xlint:unchecked, -Xlint:varargs, -Xlint:static], creating new compiler
Sep 28, 2025 4:54:10 PM org.javacs.JavaLanguageServer findReferences
INFO: compile component: 18.0387 document: file:///C:/Users/74993/Desktop/毕设/wll论文/java-language-server2/outputDir/DEF/cn/DEF_1360.java
Sep 28, 2025 4:54:10 PM org.javacs.JavaLanguageServer findReferences
INFO: locate component: 284.5272 document: file:///C:/Users/74993/Desktop/毕设/wll论文/java-language-server2/outputDir/DEF/cn/DEF_1360.java
Sep 28, 2025 4:54:10 PM org.javacs.JavaLanguageServer findReferences
INFO: traverse component: 0.0 document: file:///C:/Users/74993/Desktop/毕设/wll论文/java-language-server2/outputDir/DEF/cn/DEF_1360.java
Sep 28, 2025 4:54:10 PM org.javacs.JavaLanguageServer findReferences
INFO: NOD: 14345 document: file:///C:/Users/74993/Desktop/毕设/wll论文/java-language-server2/outputDir/DEF/cn/DEF_1360.java
Sep 28, 2025 4:54:10 PM org.javacs.JavaLanguageServer findReferences
INFO: DEF: 1360 document: file:///C:/Users/74993/Desktop/毕设/wll论文/java-language-server2/outputDir/DEF/cn/DEF_1360.java
Sep 28, 2025 4:54:10 PM org.javacs.JavaLanguageServer findReferences
INFO: OCC: 8308 document: file:///C:/Users/74993/Desktop/毕设/wll论文/java-language-server2/outputDir/DEF/cn/DEF_1360.java
Sep 28, 2025 4:54:10 PM org.javacs.JavaLanguageServer findReferences
INFO: LOC: 7093 document: file:///C:/Users/74993/Desktop/毕设/wll论文/java-language-server2/outputDir/DEF/cn/DEF_1360.java
Sep 28, 2025 4:54:10 PM org.javacs.ScanClassPath jdkTopLevelClasses
INFO: Searching for top-level classes in the JDK
Sep 28, 2025 4:54:10 PM org.javacs.ScanClassPath jdkTopLevelClasses
INFO: Found 15005 classes in the java platform
Sep 28, 2025 4:54:10 PM org.javacs.ScanClassPath classPathTopLevelClasses
INFO: Searching for top-level classes in 0 classpath locations
Sep 28, 2025 4:54:10 PM org.javacs.ScanClassPath classPathTopLevelClasses
INFO: Found 0 classes in classpath
Sep 28, 2025 4:54:10 PM org.javacs.ReusableCompiler getTask
WARNING: Options changed from [-classpath, , --add-modules, ALL-MODULE-PATH, -proc:none, -g, -Xlint:cast, -Xlint:deprecation, -Xlint:empty, -Xlint:fallthrough, -Xlint:finally, -Xlint:path, -Xlint:unchecked, -Xlint:varargs, -Xlint:static] to [-classpath, , --add-modules, ALL-MODULE-PATH, -proc:none, -g, -Xlint:cast, -Xlint:deprecation, -Xlint:empty, -Xlint:fallthrough, -Xlint:finally, -Xlint:path, -Xlint:unchecked, -Xlint:varargs, -Xlint:static], creating new compiler
Sep 28, 2025 4:54:10 PM org.javacs.JavaLanguageServer findReferences
INFO: compile component: 17.0444 document: file:///C:/Users/74993/Desktop/毕设/wll论文/java-language-server2/outputDir/DEF/cn/DEF_1360.java
Sep 28, 2025 4:54:11 PM org.javacs.JavaLanguageServer findReferences
INFO: locate component: 311.6993 document: file:///C:/Users/74993/Desktop/毕设/wll论文/java-language-server2/outputDir/DEF/cn/DEF_1360.java
Sep 28, 2025 4:54:11 PM org.javacs.JavaLanguageServer findReferences
INFO: traverse component: 0.0 document: file:///C:/Users/74993/Desktop/毕设/wll论文/java-language-server2/outputDir/DEF/cn/DEF_1360.java
Sep 28, 2025 4:54:11 PM org.javacs.JavaLanguageServer findReferences
INFO: NOD: 14345 document: file:///C:/Users/74993/Desktop/毕设/wll论文/java-language-server2/outputDir/DEF/cn/DEF_1360.java
Sep 28, 2025 4:54:11 PM org.javacs.JavaLanguageServer findReferences
INFO: DEF: 1360 document: file:///C:/Users/74993/Desktop/毕设/wll论文/java-language-server2/outputDir/DEF/cn/DEF_1360.java
Sep 28, 2025 4:54:11 PM org.javacs.JavaLanguageServer findReferences
INFO: OCC: 8308 document: file:///C:/Users/74993/Desktop/毕设/wll论文/java-language-server2/outputDir/DEF/cn/DEF_1360.java
Sep 28, 2025 4:54:11 PM org.javacs.JavaLanguageServer findReferences
INFO: LOC: 7093 document: file:///C:/Users/74993/Desktop/毕设/wll论文/java-language-server2/outputDir/DEF/cn/DEF_1360.java
Sep 28, 2025 4:54:11 PM org.javacs.ScanClassPath jdkTopLevelClasses
INFO: Searching for top-level classes in the JDK
Sep 28, 2025 4:54:11 PM org.javacs.ScanClassPath jdkTopLevelClasses
INFO: Found 15005 classes in the java platform
Sep 28, 2025 4:54:11 PM org.javacs.ScanClassPath classPathTopLevelClasses
INFO: Searching for top-level classes in 0 classpath locations
Sep 28, 2025 4:54:11 PM org.javacs.ScanClassPath classPathTopLevelClasses
INFO: Found 0 classes in classpath
Sep 28, 2025 4:54:11 PM org.javacs.ReusableCompiler getTask
WARNING: Options changed from [-classpath, , --add-modules, ALL-MODULE-PATH, -proc:none, -g, -Xlint:cast, -Xlint:deprecation, -Xlint:empty, -Xlint:fallthrough, -Xlint:finally, -Xlint:path, -Xlint:unchecked, -Xlint:varargs, -Xlint:static] to [-classpath, , --add-modules, ALL-MODULE-PATH, -proc:none, -g, -Xlint:cast, -Xlint:deprecation, -Xlint:empty, -Xlint:fallthrough, -Xlint:finally, -Xlint:path, -Xlint:unchecked, -Xlint:varargs, -Xlint:static], creating new compiler
Sep 28, 2025 4:54:11 PM org.javacs.JavaLanguageServer findReferences
INFO: compile component: 20.2259 document: file:///C:/Users/74993/Desktop/毕设/wll论文/java-language-server2/outputDir/DEF/cn/DEF_1360.java
Sep 28, 2025 4:54:11 PM org.javacs.JavaLanguageServer findReferences
INFO: locate component: 297.927 document: file:///C:/Users/74993/Desktop/毕设/wll论文/java-language-server2/outputDir/DEF/cn/DEF_1360.java
Sep 28, 2025 4:54:11 PM org.javacs.JavaLanguageServer findReferences
INFO: traverse component: 0.0 document: file:///C:/Users/74993/Desktop/毕设/wll论文/java-language-server2/outputDir/DEF/cn/DEF_1360.java
Sep 28, 2025 4:54:11 PM org.javacs.JavaLanguageServer findReferences
INFO: NOD: 14345 document: file:///C:/Users/74993/Desktop/毕设/wll论文/java-language-server2/outputDir/DEF/cn/DEF_1360.java
Sep 28, 2025 4:54:11 PM org.javacs.JavaLanguageServer findReferences
INFO: DEF: 1360 document: file:///C:/Users/74993/Desktop/毕设/wll论文/java-language-server2/outputDir/DEF/cn/DEF_1360.java
Sep 28, 2025 4:54:11 PM org.javacs.JavaLanguageServer findReferences
INFO: OCC: 8308 document: file:///C:/Users/74993/Desktop/毕设/wll论文/java-language-server2/outputDir/DEF/cn/DEF_1360.java
Sep 28, 2025 4:54:11 PM org.javacs.JavaLanguageServer findReferences
INFO: LOC: 7093 document: file:///C:/Users/74993/Desktop/毕设/wll论文/java-language-server2/outputDir/DEF/cn/DEF_1360.java
Sep 28, 2025 4:54:11 PM org.javacs.ScanClassPath jdkTopLevelClasses
INFO: Searching for top-level classes in the JDK
Sep 28, 2025 4:54:11 PM org.javacs.ScanClassPath jdkTopLevelClasses
INFO: Found 15005 classes in the java platform
Sep 28, 2025 4:54:11 PM org.javacs.ScanClassPath classPathTopLevelClasses
INFO: Searching for top-level classes in 0 classpath locations
Sep 28, 2025 4:54:11 PM org.javacs.ScanClassPath classPathTopLevelClasses
INFO: Found 0 classes in classpath
Sep 28, 2025 4:54:11 PM org.javacs.ReusableCompiler getTask
WARNING: Options changed from [-classpath, , --add-modules, ALL-MODULE-PATH, -proc:none, -g, -Xlint:cast, -Xlint:deprecation, -Xlint:empty, -Xlint:fallthrough, -Xlint:finally, -Xlint:path, -Xlint:unchecked, -Xlint:varargs, -Xlint:static] to [-classpath, , --add-modules, ALL-MODULE-PATH, -proc:none, -g, -Xlint:cast, -Xlint:deprecation, -Xlint:empty, -Xlint:fallthrough, -Xlint:finally, -Xlint:path, -Xlint:unchecked, -Xlint:varargs, -Xlint:static], creating new compiler
Sep 28, 2025 4:54:11 PM org.javacs.JavaLanguageServer findReferences
INFO: compile component: 15.5605 document: file:///C:/Users/74993/Desktop/毕设/wll论文/java-language-server2/outputDir/DEF/cn/DEF_1360.java
Sep 28, 2025 4:54:12 PM org.javacs.JavaLanguageServer findReferences
INFO: locate component: 276.2355 document: file:///C:/Users/74993/Desktop/毕设/wll论文/java-language-server2/outputDir/DEF/cn/DEF_1360.java
Sep 28, 2025 4:54:12 PM org.javacs.JavaLanguageServer findReferences
INFO: traverse component: 0.0 document: file:///C:/Users/74993/Desktop/毕设/wll论文/java-language-server2/outputDir/DEF/cn/DEF_1360.java
Sep 28, 2025 4:54:12 PM org.javacs.JavaLanguageServer findReferences
INFO: NOD: 14345 document: file:///C:/Users/74993/Desktop/毕设/wll论文/java-language-server2/outputDir/DEF/cn/DEF_1360.java
Sep 28, 2025 4:54:12 PM org.javacs.JavaLanguageServer findReferences
INFO: DEF: 1360 document: file:///C:/Users/74993/Desktop/毕设/wll论文/java-language-server2/outputDir/DEF/cn/DEF_1360.java
Sep 28, 2025 4:54:12 PM org.javacs.JavaLanguageServer findReferences
INFO: OCC: 8308 document: file:///C:/Users/74993/Desktop/毕设/wll论文/java-language-server2/outputDir/DEF/cn/DEF_1360.java
Sep 28, 2025 4:54:12 PM org.javacs.JavaLanguageServer findReferences
INFO: LOC: 7093 document: file:///C:/Users/74993/Desktop/毕设/wll论文/java-language-server2/outputDir/DEF/cn/DEF_1360.java
Sep 28, 2025 4:54:12 PM org.javacs.JavaLanguageServer didOpenTextDocument
INFO: #didOpenTextDocument# try call goto {"context":{"includeDeclaration":false},"textDocument":{"uri":"file:///C:/Users/74993/Desktop/%E6%AF%95%E8%AE%BE/wll%E8%AE%BA%E6%96%87/java-language-server2/outputDir/DEF/cn/DEF_1360.java"},"position":{"line":73,"character":31}}
Sep 28, 2025 4:54:12 PM org.javacs.JavaCompilerService compileBatch
INFO: ...using cached compile
Sep 28, 2025 4:54:12 PM org.javacs.JavaLanguageServer gotoDefinition
INFO: gotoDefinition: 311.1263 document: file:///C:/Users/74993/Desktop/毕设/wll论文/java-language-server2/outputDir/DEF/cn/DEF_1360.java
Sep 28, 2025 4:54:12 PM org.javacs.JavaCompilerService compileBatch
INFO: ...using cached compile
Sep 28, 2025 4:54:12 PM org.javacs.JavaLanguageServer gotoDefinition
INFO: gotoDefinition: 293.2651 document: file:///C:/Users/74993/Desktop/毕设/wll论文/java-language-server2/outputDir/DEF/cn/DEF_1360.java
Sep 28, 2025 4:54:12 PM org.javacs.JavaCompilerService compileBatch
INFO: ...using cached compile
Sep 28, 2025 4:54:12 PM org.javacs.JavaLanguageServer gotoDefinition
INFO: gotoDefinition: 297.6286 document: file:///C:/Users/74993/Desktop/毕设/wll论文/java-language-server2/outputDir/DEF/cn/DEF_1360.java
Sep 28, 2025 4:54:12 PM org.javacs.JavaCompilerService compileBatch
INFO: ...using cached compile
Sep 28, 2025 4:54:13 PM org.javacs.JavaLanguageServer gotoDefinition
INFO: gotoDefinition: 315.7428 document: file:///C:/Users/74993/Desktop/毕设/wll论文/java-language-server2/outputDir/DEF/cn/DEF_1360.java
Sep 28, 2025 4:54:13 PM org.javacs.JavaCompilerService compileBatch
INFO: ...using cached compile
Sep 28, 2025 4:54:13 PM org.javacs.JavaLanguageServer gotoDefinition
INFO: gotoDefinition: 323.2298 document: file:///C:/Users/74993/Desktop/毕设/wll论文/java-language-server2/outputDir/DEF/cn/DEF_1360.java
Sep 28, 2025 4:54:13 PM org.javacs.JavaLanguageServer didOpenTextDocument
INFO: #didOpenTextDocument# try call rename {"context":{"includeDeclaration":false},"textDocument":{"uri":"file:///C:/Users/74993/Desktop/%E6%AF%95%E8%AE%BE/wll%E8%AE%BA%E6%96%87/java-language-server2/outputDir/DEF/cn/DEF_1360.java"},"position":{"line":73,"character":31}}
Sep 28, 2025 4:54:13 PM org.javacs.JavaCompilerService compileBatch
INFO: ...using cached compile
Sep 28, 2025 4:54:13 PM org.javacs.JavaLanguageServer rename
INFO: rename: 330.1713 document: file:///C:/Users/74993/Desktop/毕设/wll论文/java-language-server2/outputDir/DEF/cn/DEF_1360.java
Sep 28, 2025 4:54:13 PM org.javacs.JavaCompilerService compileBatch
INFO: ...using cached compile
Sep 28, 2025 4:54:14 PM org.javacs.JavaLanguageServer rename
INFO: rename: 327.0016 document: file:///C:/Users/74993/Desktop/毕设/wll论文/java-language-server2/outputDir/DEF/cn/DEF_1360.java
Sep 28, 2025 4:54:14 PM org.javacs.JavaCompilerService compileBatch
INFO: ...using cached compile
Sep 28, 2025 4:54:14 PM org.javacs.JavaLanguageServer rename
INFO: rename: 319.4666 document: file:///C:/Users/74993/Desktop/毕设/wll论文/java-language-server2/outputDir/DEF/cn/DEF_1360.java
Sep 28, 2025 4:54:14 PM org.javacs.JavaCompilerService compileBatch
INFO: ...using cached compile
Sep 28, 2025 4:54:14 PM org.javacs.JavaLanguageServer rename
INFO: rename: 309.0764 document: file:///C:/Users/74993/Desktop/毕设/wll论文/java-language-server2/outputDir/DEF/cn/DEF_1360.java
Sep 28, 2025 4:54:14 PM org.javacs.JavaCompilerService compileBatch
INFO: ...using cached compile
Sep 28, 2025 4:54:15 PM org.javacs.JavaLanguageServer rename
INFO: rename: 316.6971 document: file:///C:/Users/74993/Desktop/毕设/wll论文/java-language-server2/outputDir/DEF/cn/DEF_1360.java
Sep 28, 2025 4:54:15 PM org.javacs.JavaLanguageServer didOpenTextDocument
INFO: #didOpenTextDocument# try completion {"context":{"includeDeclaration":false},"textDocument":{"uri":"file:///C:/Users/74993/Desktop/%E6%AF%95%E8%AE%BE/wll%E8%AE%BA%E6%96%87/java-language-server2/outputDir/DEF/cn/DEF_1360.java"},"position":{"line":73,"character":31}}
Sep 28, 2025 4:54:15 PM org.javacs.JavaLanguageServer completion
INFO: completion: 20.5648 document: file:///C:/Users/74993/Desktop/毕设/wll论文/java-language-server2/outputDir/DEF/cn/DEF_1360.java
Sep 28, 2025 4:54:15 PM org.javacs.JavaLanguageServer completion
INFO: completion: 21.9202 document: file:///C:/Users/74993/Desktop/毕设/wll论文/java-language-server2/outputDir/DEF/cn/DEF_1360.java
Sep 28, 2025 4:54:15 PM org.javacs.JavaLanguageServer completion
INFO: completion: 21.0624 document: file:///C:/Users/74993/Desktop/毕设/wll论文/java-language-server2/outputDir/DEF/cn/DEF_1360.java
Sep 28, 2025 4:54:15 PM org.javacs.JavaLanguageServer completion
INFO: completion: 21.0742 document: file:///C:/Users/74993/Desktop/毕设/wll论文/java-language-server2/outputDir/DEF/cn/DEF_1360.java
Sep 28, 2025 4:54:15 PM org.javacs.JavaLanguageServer completion
INFO: completion: 32.7647 document: file:///C:/Users/74993/Desktop/毕设/wll论文/java-language-server2/outputDir/DEF/cn/DEF_1360.java
Sep 28, 2025 4:54:15 PM org.javacs.JavaLanguageServer didOpenTextDocument
INFO: #didOpenTextDocument# try call goto {"context":{"includeDeclaration":false},"textDocument":{"uri":"file:///C:/Users/74993/Desktop/%E6%AF%95%E8%AE%BE/wll%E8%AE%BA%E6%96%87/java-language-server2/outputDir/DEF/cn/DEF_1360.java"},"position":{"line":7066,"character":37}}
Sep 28, 2025 4:54:15 PM org.javacs.JavaCompilerService findPublicTypeDeclarationInJdk
INFO: ...found jar:file:///C:/Program%20Files/Java/jdk-22/lib/src.zip!/java.base/java/lang/String.java in module java.base of jdk
Sep 28, 2025 4:54:15 PM org.javacs.JavaLanguageServer gotoDefinition
INFO: gotoDefinition: 358.363 document: file:///C:/Users/74993/Desktop/毕设/wll论文/java-language-server2/outputDir/DEF/cn/DEF_1360.java
Sep 28, 2025 4:54:15 PM org.javacs.JavaCompilerService compileBatch
INFO: ...using cached compile
Sep 28, 2025 4:54:15 PM org.javacs.JavaCompilerService findPublicTypeDeclarationInJdk
INFO: ...found jar:file:///C:/Program%20Files/Java/jdk-22/lib/src.zip!/java.base/java/lang/String.java in module java.base of jdk
Sep 28, 2025 4:54:15 PM org.javacs.JavaLanguageServer gotoDefinition
INFO: gotoDefinition: 281.5547 document: file:///C:/Users/74993/Desktop/毕设/wll论文/java-language-server2/outputDir/DEF/cn/DEF_1360.java
Sep 28, 2025 4:54:15 PM org.javacs.JavaCompilerService compileBatch
INFO: ...using cached compile
Sep 28, 2025 4:54:16 PM org.javacs.JavaCompilerService findPublicTypeDeclarationInJdk
INFO: ...found jar:file:///C:/Program%20Files/Java/jdk-22/lib/src.zip!/java.base/java/lang/String.java in module java.base of jdk
Sep 28, 2025 4:54:16 PM org.javacs.JavaLanguageServer gotoDefinition
INFO: gotoDefinition: 286.6915 document: file:///C:/Users/74993/Desktop/毕设/wll论文/java-language-server2/outputDir/DEF/cn/DEF_1360.java
Sep 28, 2025 4:54:16 PM org.javacs.JavaCompilerService compileBatch
INFO: ...using cached compile
Sep 28, 2025 4:54:16 PM org.javacs.JavaCompilerService findPublicTypeDeclarationInJdk
INFO: ...found jar:file:///C:/Program%20Files/Java/jdk-22/lib/src.zip!/java.base/java/lang/String.java in module java.base of jdk
Sep 28, 2025 4:54:16 PM org.javacs.JavaLanguageServer gotoDefinition
INFO: gotoDefinition: 283.1135 document: file:///C:/Users/74993/Desktop/毕设/wll论文/java-language-server2/outputDir/DEF/cn/DEF_1360.java
Sep 28, 2025 4:54:16 PM org.javacs.JavaCompilerService compileBatch
INFO: ...using cached compile
Sep 28, 2025 4:54:16 PM org.javacs.JavaCompilerService findPublicTypeDeclarationInJdk
INFO: ...found jar:file:///C:/Program%20Files/Java/jdk-22/lib/src.zip!/java.base/java/lang/String.java in module java.base of jdk
Sep 28, 2025 4:54:16 PM org.javacs.JavaLanguageServer gotoDefinition
INFO: gotoDefinition: 295.1665 document: file:///C:/Users/74993/Desktop/毕设/wll论文/java-language-server2/outputDir/DEF/cn/DEF_1360.java
Sep 28, 2025 4:54:16 PM org.javacs.JavaLanguageServer didOpenTextDocument
INFO: #didOpenTextDocument# try call rename {"context":{"includeDeclaration":false},"textDocument":{"uri":"file:///C:/Users/74993/Desktop/%E6%AF%95%E8%AE%BE/wll%E8%AE%BA%E6%96%87/java-language-server2/outputDir/DEF/cn/DEF_1360.java"},"position":{"line":7066,"character":37}}
Sep 28, 2025 4:54:16 PM org.javacs.JavaCompilerService compileBatch
INFO: ...using cached compile
Sep 28, 2025 4:54:17 PM org.javacs.JavaLanguageServer rename
INFO: rename: 297.8837 document: file:///C:/Users/74993/Desktop/毕设/wll论文/java-language-server2/outputDir/DEF/cn/DEF_1360.java
Sep 28, 2025 4:54:17 PM org.javacs.JavaCompilerService compileBatch
INFO: ...using cached compile
Sep 28, 2025 4:54:17 PM org.javacs.JavaLanguageServer rename
INFO: rename: 285.7296 document: file:///C:/Users/74993/Desktop/毕设/wll论文/java-language-server2/outputDir/DEF/cn/DEF_1360.java
Sep 28, 2025 4:54:17 PM org.javacs.JavaCompilerService compileBatch
INFO: ...using cached compile
Sep 28, 2025 4:54:17 PM org.javacs.JavaLanguageServer rename
INFO: rename: 308.7191 document: file:///C:/Users/74993/Desktop/毕设/wll论文/java-language-server2/outputDir/DEF/cn/DEF_1360.java
Sep 28, 2025 4:54:17 PM org.javacs.JavaCompilerService compileBatch
INFO: ...using cached compile
Sep 28, 2025 4:54:18 PM org.javacs.JavaLanguageServer rename
INFO: rename: 292.9065 document: file:///C:/Users/74993/Desktop/毕设/wll论文/java-language-server2/outputDir/DEF/cn/DEF_1360.java
Sep 28, 2025 4:54:18 PM org.javacs.JavaCompilerService compileBatch
INFO: ...using cached compile
Sep 28, 2025 4:54:18 PM org.javacs.JavaLanguageServer rename
INFO: rename: 267.8929 document: file:///C:/Users/74993/Desktop/毕设/wll论文/java-language-server2/outputDir/DEF/cn/DEF_1360.java
Sep 28, 2025 4:54:18 PM org.javacs.JavaLanguageServer didOpenTextDocument
INFO: #didOpenTextDocument# try completion {"context":{"includeDeclaration":false},"textDocument":{"uri":"file:///C:/Users/74993/Desktop/%E6%AF%95%E8%AE%BE/wll%E8%AE%BA%E6%96%87/java-language-server2/outputDir/DEF/cn/DEF_1360.java"},"position":{"line":7066,"character":37}}
Sep 28, 2025 4:54:18 PM org.javacs.JavaLanguageServer completion
INFO: completion: 15.0336 document: file:///C:/Users/74993/Desktop/毕设/wll论文/java-language-server2/outputDir/DEF/cn/DEF_1360.java
Sep 28, 2025 4:54:18 PM org.javacs.JavaLanguageServer completion
INFO: completion: 17.0686 document: file:///C:/Users/74993/Desktop/毕设/wll论文/java-language-server2/outputDir/DEF/cn/DEF_1360.java
Sep 28, 2025 4:54:18 PM org.javacs.JavaLanguageServer completion
INFO: completion: 28.2111 document: file:///C:/Users/74993/Desktop/毕设/wll论文/java-language-server2/outputDir/DEF/cn/DEF_1360.java
Sep 28, 2025 4:54:18 PM org.javacs.JavaLanguageServer completion
INFO: completion: 35.6601 document: file:///C:/Users/74993/Desktop/毕设/wll论文/java-language-server2/outputDir/DEF/cn/DEF_1360.java
Sep 28, 2025 4:54:18 PM org.javacs.JavaLanguageServer completion
INFO: completion: 24.6691 document: file:///C:/Users/74993/Desktop/毕设/wll论文/java-language-server2/outputDir/DEF/cn/DEF_1360.java
Sep 28, 2025 4:54:18 PM org.javacs.JavaLanguageServer didOpenTextDocument
INFO: #didOpenTextDocument# try call reference {"context":{"includeDeclaration":false},"textDocument":{"uri":"file:///C:/Users/74993/Desktop/%E6%AF%95%E8%AE%BE/wll%E8%AE%BA%E6%96%87/java-language-server2/outputDir/DEF/co/DEF_1440.java"},"position":{"line":73,"character":31}}
Sep 28, 2025 4:54:18 PM org.javacs.ScanClassPath jdkTopLevelClasses
INFO: Searching for top-level classes in the JDK
Sep 28, 2025 4:54:18 PM org.javacs.ScanClassPath jdkTopLevelClasses
INFO: Found 15005 classes in the java platform
Sep 28, 2025 4:54:18 PM org.javacs.ScanClassPath classPathTopLevelClasses
INFO: Searching for top-level classes in 0 classpath locations
Sep 28, 2025 4:54:18 PM org.javacs.ScanClassPath classPathTopLevelClasses
INFO: Found 0 classes in classpath
Sep 28, 2025 4:54:18 PM org.javacs.ReusableCompiler getTask
WARNING: Options changed from [-classpath, , --add-modules, ALL-MODULE-PATH, -proc:none, -g, -Xlint:cast, -Xlint:deprecation, -Xlint:empty, -Xlint:fallthrough, -Xlint:finally, -Xlint:path, -Xlint:unchecked, -Xlint:varargs, -Xlint:static] to [-classpath, , --add-modules, ALL-MODULE-PATH, -proc:none, -g, -Xlint:cast, -Xlint:deprecation, -Xlint:empty, -Xlint:fallthrough, -Xlint:finally, -Xlint:path, -Xlint:unchecked, -Xlint:varargs, -Xlint:static], creating new compiler
Sep 28, 2025 4:54:18 PM org.javacs.JavaLanguageServer findReferences
INFO: compile component: 77.6815 document: file:///C:/Users/74993/Desktop/毕设/wll论文/java-language-server2/outputDir/DEF/co/DEF_1440.java
Sep 28, 2025 4:54:19 PM org.javacs.JavaLanguageServer findReferences
INFO: locate component: 413.5329 document: file:///C:/Users/74993/Desktop/毕设/wll论文/java-language-server2/outputDir/DEF/co/DEF_1440.java
Sep 28, 2025 4:54:19 PM org.javacs.JavaLanguageServer findReferences
INFO: traverse component: 0.0 document: file:///C:/Users/74993/Desktop/毕设/wll论文/java-language-server2/outputDir/DEF/co/DEF_1440.java
Sep 28, 2025 4:54:19 PM org.javacs.JavaLanguageServer findReferences
INFO: NOD: 16840 document: file:///C:/Users/74993/Desktop/毕设/wll论文/java-language-server2/outputDir/DEF/co/DEF_1440.java
Sep 28, 2025 4:54:19 PM org.javacs.JavaLanguageServer findReferences
INFO: DEF: 1440 document: file:///C:/Users/74993/Desktop/毕设/wll论文/java-language-server2/outputDir/DEF/co/DEF_1440.java
Sep 28, 2025 4:54:19 PM org.javacs.JavaLanguageServer findReferences
INFO: OCC: 10042 document: file:///C:/Users/74993/Desktop/毕设/wll论文/java-language-server2/outputDir/DEF/co/DEF_1440.java
Sep 28, 2025 4:54:19 PM org.javacs.JavaLanguageServer findReferences
INFO: LOC: 6879 document: file:///C:/Users/74993/Desktop/毕设/wll论文/java-language-server2/outputDir/DEF/co/DEF_1440.java
Sep 28, 2025 4:54:19 PM org.javacs.ScanClassPath jdkTopLevelClasses
INFO: Searching for top-level classes in the JDK
Sep 28, 2025 4:54:19 PM org.javacs.ScanClassPath jdkTopLevelClasses
INFO: Found 15005 classes in the java platform
Sep 28, 2025 4:54:19 PM org.javacs.ScanClassPath classPathTopLevelClasses
INFO: Searching for top-level classes in 0 classpath locations
Sep 28, 2025 4:54:19 PM org.javacs.ScanClassPath classPathTopLevelClasses
INFO: Found 0 classes in classpath
Sep 28, 2025 4:54:19 PM org.javacs.ReusableCompiler getTask
WARNING: Options changed from [-classpath, , --add-modules, ALL-MODULE-PATH, -proc:none, -g, -Xlint:cast, -Xlint:deprecation, -Xlint:empty, -Xlint:fallthrough, -Xlint:finally, -Xlint:path, -Xlint:unchecked, -Xlint:varargs, -Xlint:static] to [-classpath, , --add-modules, ALL-MODULE-PATH, -proc:none, -g, -Xlint:cast, -Xlint:deprecation, -Xlint:empty, -Xlint:fallthrough, -Xlint:finally, -Xlint:path, -Xlint:unchecked, -Xlint:varargs, -Xlint:static], creating new compiler
Sep 28, 2025 4:54:19 PM org.javacs.JavaLanguageServer findReferences
INFO: compile component: 18.6588 document: file:///C:/Users/74993/Desktop/毕设/wll论文/java-language-server2/outputDir/DEF/co/DEF_1440.java
Sep 28, 2025 4:54:20 PM org.javacs.JavaLanguageServer findReferences
INFO: locate component: 398.1307 document: file:///C:/Users/74993/Desktop/毕设/wll论文/java-language-server2/outputDir/DEF/co/DEF_1440.java
Sep 28, 2025 4:54:20 PM org.javacs.JavaLanguageServer findReferences
INFO: traverse component: 0.0 document: file:///C:/Users/74993/Desktop/毕设/wll论文/java-language-server2/outputDir/DEF/co/DEF_1440.java
Sep 28, 2025 4:54:20 PM org.javacs.JavaLanguageServer findReferences
INFO: NOD: 16840 document: file:///C:/Users/74993/Desktop/毕设/wll论文/java-language-server2/outputDir/DEF/co/DEF_1440.java
Sep 28, 2025 4:54:20 PM org.javacs.JavaLanguageServer findReferences
INFO: DEF: 1440 document: file:///C:/Users/74993/Desktop/毕设/wll论文/java-language-server2/outputDir/DEF/co/DEF_1440.java
Sep 28, 2025 4:54:20 PM org.javacs.JavaLanguageServer findReferences
INFO: OCC: 10042 document: file:///C:/Users/74993/Desktop/毕设/wll论文/java-language-server2/outputDir/DEF/co/DEF_1440.java
Sep 28, 2025 4:54:20 PM org.javacs.JavaLanguageServer findReferences
INFO: LOC: 6879 document: file:///C:/Users/74993/Desktop/毕设/wll论文/java-language-server2/outputDir/DEF/co/DEF_1440.java
Sep 28, 2025 4:54:20 PM org.javacs.ScanClassPath jdkTopLevelClasses
INFO: Searching for top-level classes in the JDK
Sep 28, 2025 4:54:20 PM org.javacs.ScanClassPath jdkTopLevelClasses
INFO: Found 15005 classes in the java platform
Sep 28, 2025 4:54:20 PM org.javacs.ScanClassPath classPathTopLevelClasses
INFO: Searching for top-level classes in 0 classpath locations
Sep 28, 2025 4:54:20 PM org.javacs.ScanClassPath classPathTopLevelClasses
INFO: Found 0 classes in classpath
Sep 28, 2025 4:54:20 PM org.javacs.ReusableCompiler getTask
WARNING: Options changed from [-classpath, , --add-modules, ALL-MODULE-PATH, -proc:none, -g, -Xlint:cast, -Xlint:deprecation, -Xlint:empty, -Xlint:fallthrough, -Xlint:finally, -Xlint:path, -Xlint:unchecked, -Xlint:varargs, -Xlint:static] to [-classpath, , --add-modules, ALL-MODULE-PATH, -proc:none, -g, -Xlint:cast, -Xlint:deprecation, -Xlint:empty, -Xlint:fallthrough, -Xlint:finally, -Xlint:path, -Xlint:unchecked, -Xlint:varargs, -Xlint:static], creating new compiler
Sep 28, 2025 4:54:20 PM org.javacs.JavaLanguageServer findReferences
INFO: compile component: 20.1395 document: file:///C:/Users/74993/Desktop/毕设/wll论文/java-language-server2/outputDir/DEF/co/DEF_1440.java
Sep 28, 2025 4:54:20 PM org.javacs.JavaLanguageServer findReferences
INFO: locate component: 393.948 document: file:///C:/Users/74993/Desktop/毕设/wll论文/java-language-server2/outputDir/DEF/co/DEF_1440.java
Sep 28, 2025 4:54:20 PM org.javacs.JavaLanguageServer findReferences
INFO: traverse component: 0.0 document: file:///C:/Users/74993/Desktop/毕设/wll论文/java-language-server2/outputDir/DEF/co/DEF_1440.java
Sep 28, 2025 4:54:20 PM org.javacs.JavaLanguageServer findReferences
INFO: NOD: 16840 document: file:///C:/Users/74993/Desktop/毕设/wll论文/java-language-server2/outputDir/DEF/co/DEF_1440.java
Sep 28, 2025 4:54:20 PM org.javacs.JavaLanguageServer findReferences
INFO: DEF: 1440 document: file:///C:/Users/74993/Desktop/毕设/wll论文/java-language-server2/outputDir/DEF/co/DEF_1440.java
Sep 28, 2025 4:54:20 PM org.javacs.JavaLanguageServer findReferences
INFO: OCC: 10042 document: file:///C:/Users/74993/Desktop/毕设/wll论文/java-language-server2/outputDir/DEF/co/DEF_1440.java
Sep 28, 2025 4:54:20 PM org.javacs.JavaLanguageServer findReferences
INFO: LOC: 6879 document: file:///C:/Users/74993/Desktop/毕设/wll论文/java-language-server2/outputDir/DEF/co/DEF_1440.java
Sep 28, 2025 4:54:20 PM org.javacs.ScanClassPath jdkTopLevelClasses
INFO: Searching for top-level classes in the JDK
Sep 28, 2025 4:54:20 PM org.javacs.ScanClassPath jdkTopLevelClasses
INFO: Found 15005 classes in the java platform
Sep 28, 2025 4:54:20 PM org.javacs.ScanClassPath classPathTopLevelClasses
INFO: Searching for top-level classes in 0 classpath locations
Sep 28, 2025 4:54:20 PM org.javacs.ScanClassPath classPathTopLevelClasses
INFO: Found 0 classes in classpath
Sep 28, 2025 4:54:20 PM org.javacs.ReusableCompiler getTask
WARNING: Options changed from [-classpath, , --add-modules, ALL-MODULE-PATH, -proc:none, -g, -Xlint:cast, -Xlint:deprecation, -Xlint:empty, -Xlint:fallthrough, -Xlint:finally, -Xlint:path, -Xlint:unchecked, -Xlint:varargs, -Xlint:static] to [-classpath, , --add-modules, ALL-MODULE-PATH, -proc:none, -g, -Xlint:cast, -Xlint:deprecation, -Xlint:empty, -Xlint:fallthrough, -Xlint:finally, -Xlint:path, -Xlint:unchecked, -Xlint:varargs, -Xlint:static], creating new compiler
Sep 28, 2025 4:54:20 PM org.javacs.JavaLanguageServer findReferences
INFO: compile component: 26.3354 document: file:///C:/Users/74993/Desktop/毕设/wll论文/java-language-server2/outputDir/DEF/co/DEF_1440.java
Sep 28, 2025 4:54:21 PM org.javacs.JavaLanguageServer findReferences
INFO: locate component: 379.6735 document: file:///C:/Users/74993/Desktop/毕设/wll论文/java-language-server2/outputDir/DEF/co/DEF_1440.java
Sep 28, 2025 4:54:21 PM org.javacs.JavaLanguageServer findReferences
INFO: traverse component: 1.0013 document: file:///C:/Users/74993/Desktop/毕设/wll论文/java-language-server2/outputDir/DEF/co/DEF_1440.java
Sep 28, 2025 4:54:21 PM org.javacs.JavaLanguageServer findReferences
INFO: NOD: 16840 document: file:///C:/Users/74993/Desktop/毕设/wll论文/java-language-server2/outputDir/DEF/co/DEF_1440.java
Sep 28, 2025 4:54:21 PM org.javacs.JavaLanguageServer findReferences
INFO: DEF: 1440 document: file:///C:/Users/74993/Desktop/毕设/wll论文/java-language-server2/outputDir/DEF/co/DEF_1440.java
Sep 28, 2025 4:54:21 PM org.javacs.JavaLanguageServer findReferences
INFO: OCC: 10042 document: file:///C:/Users/74993/Desktop/毕设/wll论文/java-language-server2/outputDir/DEF/co/DEF_1440.java
Sep 28, 2025 4:54:21 PM org.javacs.JavaLanguageServer findReferences
INFO: LOC: 6879 document: file:///C:/Users/74993/Desktop/毕设/wll论文/java-language-server2/outputDir/DEF/co/DEF_1440.java
Sep 28, 2025 4:54:21 PM org.javacs.ScanClassPath jdkTopLevelClasses
INFO: Searching for top-level classes in the JDK
Sep 28, 2025 4:54:21 PM org.javacs.ScanClassPath jdkTopLevelClasses
INFO: Found 15005 classes in the java platform
Sep 28, 2025 4:54:21 PM org.javacs.ScanClassPath classPathTopLevelClasses
INFO: Searching for top-level classes in 0 classpath locations
Sep 28, 2025 4:54:21 PM org.javacs.ScanClassPath classPathTopLevelClasses
INFO: Found 0 classes in classpath
Sep 28, 2025 4:54:21 PM org.javacs.ReusableCompiler getTask
WARNING: Options changed from [-classpath, , --add-modules, ALL-MODULE-PATH, -proc:none, -g, -Xlint:cast, -Xlint:deprecation, -Xlint:empty, -Xlint:fallthrough, -Xlint:finally, -Xlint:path, -Xlint:unchecked, -Xlint:varargs, -Xlint:static] to [-classpath, , --add-modules, ALL-MODULE-PATH, -proc:none, -g, -Xlint:cast, -Xlint:deprecation, -Xlint:empty, -Xlint:fallthrough, -Xlint:finally, -Xlint:path, -Xlint:unchecked, -Xlint:varargs, -Xlint:static], creating new compiler
Sep 28, 2025 4:54:21 PM org.javacs.JavaLanguageServer findReferences
INFO: compile component: 16.1356 document: file:///C:/Users/74993/Desktop/毕设/wll论文/java-language-server2/outputDir/DEF/co/DEF_1440.java
Sep 28, 2025 4:54:21 PM org.javacs.JavaLanguageServer findReferences
INFO: locate component: 354.638 document: file:///C:/Users/74993/Desktop/毕设/wll论文/java-language-server2/outputDir/DEF/co/DEF_1440.java
Sep 28, 2025 4:54:21 PM org.javacs.JavaLanguageServer findReferences
INFO: traverse component: 0.0 document: file:///C:/Users/74993/Desktop/毕设/wll论文/java-language-server2/outputDir/DEF/co/DEF_1440.java
Sep 28, 2025 4:54:21 PM org.javacs.JavaLanguageServer findReferences
INFO: NOD: 16840 document: file:///C:/Users/74993/Desktop/毕设/wll论文/java-language-server2/outputDir/DEF/co/DEF_1440.java
Sep 28, 2025 4:54:21 PM org.javacs.JavaLanguageServer findReferences
INFO: DEF: 1440 document: file:///C:/Users/74993/Desktop/毕设/wll论文/java-language-server2/outputDir/DEF/co/DEF_1440.java
Sep 28, 2025 4:54:21 PM org.javacs.JavaLanguageServer findReferences
INFO: OCC: 10042 document: file:///C:/Users/74993/Desktop/毕设/wll论文/java-language-server2/outputDir/DEF/co/DEF_1440.java
Sep 28, 2025 4:54:21 PM org.javacs.JavaLanguageServer findReferences
INFO: LOC: 6879 document: file:///C:/Users/74993/Desktop/毕设/wll论文/java-language-server2/outputDir/DEF/co/DEF_1440.java
Sep 28, 2025 4:54:21 PM org.javacs.JavaLanguageServer didOpenTextDocument
INFO: #didOpenTextDocument# try call goto {"context":{"includeDeclaration":false},"textDocument":{"uri":"file:///C:/Users/74993/Desktop/%E6%AF%95%E8%AE%BE/wll%E8%AE%BA%E6%96%87/java-language-server2/outputDir/DEF/co/DEF_1440.java"},"position":{"line":73,"character":31}}
Sep 28, 2025 4:54:21 PM org.javacs.JavaCompilerService compileBatch
INFO: ...using cached compile
Sep 28, 2025 4:54:22 PM org.javacs.JavaLanguageServer gotoDefinition
INFO: gotoDefinition: 359.5514 document: file:///C:/Users/74993/Desktop/毕设/wll论文/java-language-server2/outputDir/DEF/co/DEF_1440.java
Sep 28, 2025 4:54:22 PM org.javacs.JavaCompilerService compileBatch
INFO: ...using cached compile
Sep 28, 2025 4:54:22 PM org.javacs.JavaLanguageServer gotoDefinition
INFO: gotoDefinition: 363.076 document: file:///C:/Users/74993/Desktop/毕设/wll论文/java-language-server2/outputDir/DEF/co/DEF_1440.java
Sep 28, 2025 4:54:22 PM org.javacs.JavaCompilerService compileBatch
INFO: ...using cached compile
Sep 28, 2025 4:54:22 PM org.javacs.JavaLanguageServer gotoDefinition
INFO: gotoDefinition: 367.3736 document: file:///C:/Users/74993/Desktop/毕设/wll论文/java-language-server2/outputDir/DEF/co/DEF_1440.java
Sep 28, 2025 4:54:22 PM org.javacs.JavaCompilerService compileBatch
INFO: ...using cached compile
Sep 28, 2025 4:54:23 PM org.javacs.JavaLanguageServer gotoDefinition
INFO: gotoDefinition: 362.7224 document: file:///C:/Users/74993/Desktop/毕设/wll论文/java-language-server2/outputDir/DEF/co/DEF_1440.java
Sep 28, 2025 4:54:23 PM org.javacs.JavaCompilerService compileBatch
INFO: ...using cached compile
Sep 28, 2025 4:54:23 PM org.javacs.JavaLanguageServer gotoDefinition
INFO: gotoDefinition: 368.7232 document: file:///C:/Users/74993/Desktop/毕设/wll论文/java-language-server2/outputDir/DEF/co/DEF_1440.java
Sep 28, 2025 4:54:23 PM org.javacs.JavaLanguageServer didOpenTextDocument
INFO: #didOpenTextDocument# try call rename {"context":{"includeDeclaration":false},"textDocument":{"uri":"file:///C:/Users/74993/Desktop/%E6%AF%95%E8%AE%BE/wll%E8%AE%BA%E6%96%87/java-language-server2/outputDir/DEF/co/DEF_1440.java"},"position":{"line":73,"character":31}}
Sep 28, 2025 4:54:23 PM org.javacs.JavaCompilerService compileBatch
INFO: ...using cached compile
Sep 28, 2025 4:54:24 PM org.javacs.JavaLanguageServer rename
INFO: rename: 368.5902 document: file:///C:/Users/74993/Desktop/毕设/wll论文/java-language-server2/outputDir/DEF/co/DEF_1440.java
Sep 28, 2025 4:54:24 PM org.javacs.JavaCompilerService compileBatch
INFO: ...using cached compile
Sep 28, 2025 4:54:24 PM org.javacs.JavaLanguageServer rename
INFO: rename: 368.6794 document: file:///C:/Users/74993/Desktop/毕设/wll论文/java-language-server2/outputDir/DEF/co/DEF_1440.java
Sep 28, 2025 4:54:24 PM org.javacs.JavaCompilerService compileBatch
INFO: ...using cached compile
Sep 28, 2025 4:54:24 PM org.javacs.JavaLanguageServer rename
INFO: rename: 396.4407 document: file:///C:/Users/74993/Desktop/毕设/wll论文/java-language-server2/outputDir/DEF/co/DEF_1440.java
Sep 28, 2025 4:54:24 PM org.javacs.JavaCompilerService compileBatch
INFO: ...using cached compile
Sep 28, 2025 4:54:25 PM org.javacs.JavaLanguageServer rename
INFO: rename: 397.5774 document: file:///C:/Users/74993/Desktop/毕设/wll论文/java-language-server2/outputDir/DEF/co/DEF_1440.java
Sep 28, 2025 4:54:25 PM org.javacs.JavaCompilerService compileBatch
INFO: ...using cached compile
Sep 28, 2025 4:54:25 PM org.javacs.JavaLanguageServer rename
INFO: rename: 369.8061 document: file:///C:/Users/74993/Desktop/毕设/wll论文/java-language-server2/outputDir/DEF/co/DEF_1440.java
Sep 28, 2025 4:54:25 PM org.javacs.JavaLanguageServer didOpenTextDocument
INFO: #didOpenTextDocument# try completion {"context":{"includeDeclaration":false},"textDocument":{"uri":"file:///C:/Users/74993/Desktop/%E6%AF%95%E8%AE%BE/wll%E8%AE%BA%E6%96%87/java-language-server2/outputDir/DEF/co/DEF_1440.java"},"position":{"line":73,"character":31}}
Sep 28, 2025 4:54:25 PM org.javacs.JavaLanguageServer completion
INFO: completion: 20.4444 document: file:///C:/Users/74993/Desktop/毕设/wll论文/java-language-server2/outputDir/DEF/co/DEF_1440.java
Sep 28, 2025 4:54:25 PM org.javacs.JavaLanguageServer completion
INFO: completion: 22.0546 document: file:///C:/Users/74993/Desktop/毕设/wll论文/java-language-server2/outputDir/DEF/co/DEF_1440.java
Sep 28, 2025 4:54:25 PM org.javacs.JavaLanguageServer completion
INFO: completion: 21.745 document: file:///C:/Users/74993/Desktop/毕设/wll论文/java-language-server2/outputDir/DEF/co/DEF_1440.java
Sep 28, 2025 4:54:25 PM org.javacs.JavaLanguageServer completion
INFO: completion: 20.9953 document: file:///C:/Users/74993/Desktop/毕设/wll论文/java-language-server2/outputDir/DEF/co/DEF_1440.java
Sep 28, 2025 4:54:25 PM org.javacs.JavaLanguageServer completion
INFO: completion: 21.738 document: file:///C:/Users/74993/Desktop/毕设/wll论文/java-language-server2/outputDir/DEF/co/DEF_1440.java
Sep 28, 2025 4:54:25 PM org.javacs.JavaLanguageServer didOpenTextDocument
INFO: #didOpenTextDocument# try call goto {"context":{"includeDeclaration":false},"textDocument":{"uri":"file:///C:/Users/74993/Desktop/%E6%AF%95%E8%AE%BE/wll%E8%AE%BA%E6%96%87/java-language-server2/outputDir/DEF/co/DEF_1440.java"},"position":{"line":6847,"character":26}}
Sep 28, 2025 4:54:26 PM org.javacs.JavaCompilerService findPublicTypeDeclarationInJdk
INFO: ...found jar:file:///C:/Program%20Files/Java/jdk-22/lib/src.zip!/java.base/java/lang/Object.java in module java.base of jdk
Sep 28, 2025 4:54:26 PM org.javacs.JavaLanguageServer gotoDefinition
INFO: gotoDefinition: 465.6725 document: file:///C:/Users/74993/Desktop/毕设/wll论文/java-language-server2/outputDir/DEF/co/DEF_1440.java
Sep 28, 2025 4:54:26 PM org.javacs.JavaCompilerService compileBatch
INFO: ...using cached compile
Sep 28, 2025 4:54:26 PM org.javacs.JavaCompilerService findPublicTypeDeclarationInJdk
INFO: ...found jar:file:///C:/Program%20Files/Java/jdk-22/lib/src.zip!/java.base/java/lang/Object.java in module java.base of jdk
Sep 28, 2025 4:54:26 PM org.javacs.JavaLanguageServer gotoDefinition
INFO: gotoDefinition: 358.0955 document: file:///C:/Users/74993/Desktop/毕设/wll论文/java-language-server2/outputDir/DEF/co/DEF_1440.java
Sep 28, 2025 4:54:26 PM org.javacs.JavaCompilerService compileBatch
INFO: ...using cached compile
Sep 28, 2025 4:54:26 PM org.javacs.JavaCompilerService findPublicTypeDeclarationInJdk
INFO: ...found jar:file:///C:/Program%20Files/Java/jdk-22/lib/src.zip!/java.base/java/lang/Object.java in module java.base of jdk
Sep 28, 2025 4:54:26 PM org.javacs.JavaLanguageServer gotoDefinition
INFO: gotoDefinition: 364.944 document: file:///C:/Users/74993/Desktop/毕设/wll论文/java-language-server2/outputDir/DEF/co/DEF_1440.java
Sep 28, 2025 4:54:26 PM org.javacs.JavaCompilerService compileBatch
INFO: ...using cached compile
Sep 28, 2025 4:54:27 PM org.javacs.JavaCompilerService findPublicTypeDeclarationInJdk
INFO: ...found jar:file:///C:/Program%20Files/Java/jdk-22/lib/src.zip!/java.base/java/lang/Object.java in module java.base of jdk
Sep 28, 2025 4:54:27 PM org.javacs.JavaLanguageServer gotoDefinition
INFO: gotoDefinition: 366.0255 document: file:///C:/Users/74993/Desktop/毕设/wll论文/java-language-server2/outputDir/DEF/co/DEF_1440.java
Sep 28, 2025 4:54:27 PM org.javacs.JavaCompilerService compileBatch
INFO: ...using cached compile
Sep 28, 2025 4:54:27 PM org.javacs.JavaCompilerService findPublicTypeDeclarationInJdk
INFO: ...found jar:file:///C:/Program%20Files/Java/jdk-22/lib/src.zip!/java.base/java/lang/Object.java in module java.base of jdk
Sep 28, 2025 4:54:27 PM org.javacs.JavaLanguageServer gotoDefinition
INFO: gotoDefinition: 377.7065 document: file:///C:/Users/74993/Desktop/毕设/wll论文/java-language-server2/outputDir/DEF/co/DEF_1440.java
Sep 28, 2025 4:54:27 PM org.javacs.JavaLanguageServer didOpenTextDocument
INFO: #didOpenTextDocument# try call rename {"context":{"includeDeclaration":false},"textDocument":{"uri":"file:///C:/Users/74993/Desktop/%E6%AF%95%E8%AE%BE/wll%E8%AE%BA%E6%96%87/java-language-server2/outputDir/DEF/co/DEF_1440.java"},"position":{"line":6847,"character":26}}
Sep 28, 2025 4:54:27 PM org.javacs.JavaCompilerService compileBatch
INFO: ...using cached compile
Sep 28, 2025 4:54:28 PM org.javacs.JavaLanguageServer rename
INFO: rename: 367.6882 document: file:///C:/Users/74993/Desktop/毕设/wll论文/java-language-server2/outputDir/DEF/co/DEF_1440.java
Sep 28, 2025 4:54:28 PM org.javacs.JavaCompilerService compileBatch
INFO: ...using cached compile
Sep 28, 2025 4:54:28 PM org.javacs.JavaLanguageServer rename
INFO: rename: 367.2468 document: file:///C:/Users/74993/Desktop/毕设/wll论文/java-language-server2/outputDir/DEF/co/DEF_1440.java
Sep 28, 2025 4:54:28 PM org.javacs.JavaCompilerService compileBatch
INFO: ...using cached compile
Sep 28, 2025 4:54:28 PM org.javacs.JavaLanguageServer rename
INFO: rename: 325.42 document: file:///C:/Users/74993/Desktop/毕设/wll论文/java-language-server2/outputDir/DEF/co/DEF_1440.java
Sep 28, 2025 4:54:28 PM org.javacs.JavaCompilerService compileBatch
INFO: ...using cached compile
Sep 28, 2025 4:54:29 PM org.javacs.JavaLanguageServer rename
INFO: rename: 353.14 document: file:///C:/Users/74993/Desktop/毕设/wll论文/java-language-server2/outputDir/DEF/co/DEF_1440.java
Sep 28, 2025 4:54:29 PM org.javacs.JavaCompilerService compileBatch
INFO: ...using cached compile
Sep 28, 2025 4:54:29 PM org.javacs.JavaLanguageServer rename
INFO: rename: 366.4802 document: file:///C:/Users/74993/Desktop/毕设/wll论文/java-language-server2/outputDir/DEF/co/DEF_1440.java
Sep 28, 2025 4:54:29 PM org.javacs.JavaLanguageServer didOpenTextDocument
INFO: #didOpenTextDocument# try completion {"context":{"includeDeclaration":false},"textDocument":{"uri":"file:///C:/Users/74993/Desktop/%E6%AF%95%E8%AE%BE/wll%E8%AE%BA%E6%96%87/java-language-server2/outputDir/DEF/co/DEF_1440.java"},"position":{"line":6847,"character":26}}
Sep 28, 2025 4:54:29 PM org.javacs.JavaLanguageServer completion
INFO: completion: 29.0801 document: file:///C:/Users/74993/Desktop/毕设/wll论文/java-language-server2/outputDir/DEF/co/DEF_1440.java
Sep 28, 2025 4:54:29 PM org.javacs.JavaLanguageServer completion
INFO: completion: 21.85 document: file:///C:/Users/74993/Desktop/毕设/wll论文/java-language-server2/outputDir/DEF/co/DEF_1440.java
Sep 28, 2025 4:54:29 PM org.javacs.JavaLanguageServer completion
INFO: completion: 20.9129 document: file:///C:/Users/74993/Desktop/毕设/wll论文/java-language-server2/outputDir/DEF/co/DEF_1440.java
Sep 28, 2025 4:54:29 PM org.javacs.JavaLanguageServer completion
INFO: completion: 20.0427 document: file:///C:/Users/74993/Desktop/毕设/wll论文/java-language-server2/outputDir/DEF/co/DEF_1440.java
Sep 28, 2025 4:54:29 PM org.javacs.JavaLanguageServer completion
INFO: completion: 20.874 document: file:///C:/Users/74993/Desktop/毕设/wll论文/java-language-server2/outputDir/DEF/co/DEF_1440.java
Sep 28, 2025 4:54:29 PM org.javacs.JavaLanguageServer didOpenTextDocument
INFO: #didOpenTextDocument# try call reference {"context":{"includeDeclaration":false},"textDocument":{"uri":"file:///C:/Users/74993/Desktop/%E6%AF%95%E8%AE%BE/wll%E8%AE%BA%E6%96%87/java-language-server2/outputDir/DEF/cp/DEF_1520.java"},"position":{"line":73,"character":31}}
Sep 28, 2025 4:54:29 PM org.javacs.ScanClassPath jdkTopLevelClasses
INFO: Searching for top-level classes in the JDK
Sep 28, 2025 4:54:29 PM org.javacs.ScanClassPath jdkTopLevelClasses
INFO: Found 15005 classes in the java platform
Sep 28, 2025 4:54:29 PM org.javacs.ScanClassPath classPathTopLevelClasses
INFO: Searching for top-level classes in 0 classpath locations
Sep 28, 2025 4:54:29 PM org.javacs.ScanClassPath classPathTopLevelClasses
INFO: Found 0 classes in classpath
Sep 28, 2025 4:54:29 PM org.javacs.ReusableCompiler getTask
WARNING: Options changed from [-classpath, , --add-modules, ALL-MODULE-PATH, -proc:none, -g, -Xlint:cast, -Xlint:deprecation, -Xlint:empty, -Xlint:fallthrough, -Xlint:finally, -Xlint:path, -Xlint:unchecked, -Xlint:varargs, -Xlint:static] to [-classpath, , --add-modules, ALL-MODULE-PATH, -proc:none, -g, -Xlint:cast, -Xlint:deprecation, -Xlint:empty, -Xlint:fallthrough, -Xlint:finally, -Xlint:path, -Xlint:unchecked, -Xlint:varargs, -Xlint:static], creating new compiler
Sep 28, 2025 4:54:30 PM org.javacs.JavaLanguageServer findReferences
INFO: compile component: 81.4936 document: file:///C:/Users/74993/Desktop/毕设/wll论文/java-language-server2/outputDir/DEF/cp/DEF_1520.java
Sep 28, 2025 4:54:30 PM org.javacs.JavaLanguageServer findReferences
INFO: locate component: 336.3658 document: file:///C:/Users/74993/Desktop/毕设/wll论文/java-language-server2/outputDir/DEF/cp/DEF_1520.java
Sep 28, 2025 4:54:30 PM org.javacs.JavaLanguageServer findReferences
INFO: traverse component: 1.0077 document: file:///C:/Users/74993/Desktop/毕设/wll论文/java-language-server2/outputDir/DEF/cp/DEF_1520.java
Sep 28, 2025 4:54:30 PM org.javacs.JavaLanguageServer findReferences
INFO: NOD: 19542 document: file:///C:/Users/74993/Desktop/毕设/wll论文/java-language-server2/outputDir/DEF/cp/DEF_1520.java
Sep 28, 2025 4:54:30 PM org.javacs.JavaLanguageServer findReferences
INFO: DEF: 1520 document: file:///C:/Users/74993/Desktop/毕设/wll论文/java-language-server2/outputDir/DEF/cp/DEF_1520.java
Sep 28, 2025 4:54:30 PM org.javacs.JavaLanguageServer findReferences
INFO: OCC: 11749 document: file:///C:/Users/74993/Desktop/毕设/wll论文/java-language-server2/outputDir/DEF/cp/DEF_1520.java
Sep 28, 2025 4:54:30 PM org.javacs.JavaLanguageServer findReferences
INFO: LOC: 8337 document: file:///C:/Users/74993/Desktop/毕设/wll论文/java-language-server2/outputDir/DEF/cp/DEF_1520.java
Sep 28, 2025 4:54:30 PM org.javacs.ScanClassPath jdkTopLevelClasses
INFO: Searching for top-level classes in the JDK
Sep 28, 2025 4:54:30 PM org.javacs.ScanClassPath jdkTopLevelClasses
INFO: Found 15005 classes in the java platform
Sep 28, 2025 4:54:30 PM org.javacs.ScanClassPath classPathTopLevelClasses
INFO: Searching for top-level classes in 0 classpath locations
Sep 28, 2025 4:54:30 PM org.javacs.ScanClassPath classPathTopLevelClasses
INFO: Found 0 classes in classpath
Sep 28, 2025 4:54:30 PM org.javacs.ReusableCompiler getTask
WARNING: Options changed from [-classpath, , --add-modules, ALL-MODULE-PATH, -proc:none, -g, -Xlint:cast, -Xlint:deprecation, -Xlint:empty, -Xlint:fallthrough, -Xlint:finally, -Xlint:path, -Xlint:unchecked, -Xlint:varargs, -Xlint:static] to [-classpath, , --add-modules, ALL-MODULE-PATH, -proc:none, -g, -Xlint:cast, -Xlint:deprecation, -Xlint:empty, -Xlint:fallthrough, -Xlint:finally, -Xlint:path, -Xlint:unchecked, -Xlint:varargs, -Xlint:static], creating new compiler
Sep 28, 2025 4:54:30 PM org.javacs.JavaLanguageServer findReferences
INFO: compile component: 18.0339 document: file:///C:/Users/74993/Desktop/毕设/wll论文/java-language-server2/outputDir/DEF/cp/DEF_1520.java
Sep 28, 2025 4:54:31 PM org.javacs.JavaLanguageServer findReferences
INFO: locate component: 354.7043 document: file:///C:/Users/74993/Desktop/毕设/wll论文/java-language-server2/outputDir/DEF/cp/DEF_1520.java
Sep 28, 2025 4:54:31 PM org.javacs.JavaLanguageServer findReferences
INFO: traverse component: 1.0028 document: file:///C:/Users/74993/Desktop/毕设/wll论文/java-language-server2/outputDir/DEF/cp/DEF_1520.java
Sep 28, 2025 4:54:31 PM org.javacs.JavaLanguageServer findReferences
INFO: NOD: 19542 document: file:///C:/Users/74993/Desktop/毕设/wll论文/java-language-server2/outputDir/DEF/cp/DEF_1520.java
Sep 28, 2025 4:54:31 PM org.javacs.JavaLanguageServer findReferences
INFO: DEF: 1520 document: file:///C:/Users/74993/Desktop/毕设/wll论文/java-language-server2/outputDir/DEF/cp/DEF_1520.java
Sep 28, 2025 4:54:31 PM org.javacs.JavaLanguageServer findReferences
INFO: OCC: 11749 document: file:///C:/Users/74993/Desktop/毕设/wll论文/java-language-server2/outputDir/DEF/cp/DEF_1520.java
Sep 28, 2025 4:54:31 PM org.javacs.JavaLanguageServer findReferences
INFO: LOC: 8337 document: file:///C:/Users/74993/Desktop/毕设/wll论文/java-language-server2/outputDir/DEF/cp/DEF_1520.java
Sep 28, 2025 4:54:31 PM org.javacs.ScanClassPath jdkTopLevelClasses
INFO: Searching for top-level classes in the JDK
Sep 28, 2025 4:54:31 PM org.javacs.ScanClassPath jdkTopLevelClasses
INFO: Found 15005 classes in the java platform
Sep 28, 2025 4:54:31 PM org.javacs.ScanClassPath classPathTopLevelClasses
INFO: Searching for top-level classes in 0 classpath locations
Sep 28, 2025 4:54:31 PM org.javacs.ScanClassPath classPathTopLevelClasses
INFO: Found 0 classes in classpath
Sep 28, 2025 4:54:31 PM org.javacs.ReusableCompiler getTask
WARNING: Options changed from [-classpath, , --add-modules, ALL-MODULE-PATH, -proc:none, -g, -Xlint:cast, -Xlint:deprecation, -Xlint:empty, -Xlint:fallthrough, -Xlint:finally, -Xlint:path, -Xlint:unchecked, -Xlint:varargs, -Xlint:static] to [-classpath, , --add-modules, ALL-MODULE-PATH, -proc:none, -g, -Xlint:cast, -Xlint:deprecation, -Xlint:empty, -Xlint:fallthrough, -Xlint:finally, -Xlint:path, -Xlint:unchecked, -Xlint:varargs, -Xlint:static], creating new compiler
Sep 28, 2025 4:54:31 PM org.javacs.JavaLanguageServer findReferences
INFO: compile component: 20.5566 document: file:///C:/Users/74993/Desktop/毕设/wll论文/java-language-server2/outputDir/DEF/cp/DEF_1520.java
Sep 28, 2025 4:54:31 PM org.javacs.JavaLanguageServer findReferences
INFO: locate component: 472.8593 document: file:///C:/Users/74993/Desktop/毕设/wll论文/java-language-server2/outputDir/DEF/cp/DEF_1520.java
Sep 28, 2025 4:54:31 PM org.javacs.JavaLanguageServer findReferences
INFO: traverse component: 0.8535 document: file:///C:/Users/74993/Desktop/毕设/wll论文/java-language-server2/outputDir/DEF/cp/DEF_1520.java
Sep 28, 2025 4:54:31 PM org.javacs.JavaLanguageServer findReferences
INFO: NOD: 19542 document: file:///C:/Users/74993/Desktop/毕设/wll论文/java-language-server2/outputDir/DEF/cp/DEF_1520.java
Sep 28, 2025 4:54:31 PM org.javacs.JavaLanguageServer findReferences
INFO: DEF: 1520 document: file:///C:/Users/74993/Desktop/毕设/wll论文/java-language-server2/outputDir/DEF/cp/DEF_1520.java
Sep 28, 2025 4:54:31 PM org.javacs.JavaLanguageServer findReferences
INFO: OCC: 11749 document: file:///C:/Users/74993/Desktop/毕设/wll论文/java-language-server2/outputDir/DEF/cp/DEF_1520.java
Sep 28, 2025 4:54:31 PM org.javacs.JavaLanguageServer findReferences
INFO: LOC: 8337 document: file:///C:/Users/74993/Desktop/毕设/wll论文/java-language-server2/outputDir/DEF/cp/DEF_1520.java
Sep 28, 2025 4:54:31 PM org.javacs.ScanClassPath jdkTopLevelClasses
INFO: Searching for top-level classes in the JDK
Sep 28, 2025 4:54:31 PM org.javacs.ScanClassPath jdkTopLevelClasses
INFO: Found 15005 classes in the java platform
Sep 28, 2025 4:54:31 PM org.javacs.ScanClassPath classPathTopLevelClasses
INFO: Searching for top-level classes in 0 classpath locations
Sep 28, 2025 4:54:31 PM org.javacs.ScanClassPath classPathTopLevelClasses
INFO: Found 0 classes in classpath
Sep 28, 2025 4:54:31 PM org.javacs.ReusableCompiler getTask
WARNING: Options changed from [-classpath, , --add-modules, ALL-MODULE-PATH, -proc:none, -g, -Xlint:cast, -Xlint:deprecation, -Xlint:empty, -Xlint:fallthrough, -Xlint:finally, -Xlint:path, -Xlint:unchecked, -Xlint:varargs, -Xlint:static] to [-classpath, , --add-modules, ALL-MODULE-PATH, -proc:none, -g, -Xlint:cast, -Xlint:deprecation, -Xlint:empty, -Xlint:fallthrough, -Xlint:finally, -Xlint:path, -Xlint:unchecked, -Xlint:varargs, -Xlint:static], creating new compiler
Sep 28, 2025 4:54:31 PM org.javacs.JavaLanguageServer findReferences
INFO: compile component: 22.7342 document: file:///C:/Users/74993/Desktop/毕设/wll论文/java-language-server2/outputDir/DEF/cp/DEF_1520.java
Sep 28, 2025 4:54:32 PM org.javacs.JavaLanguageServer findReferences
INFO: locate component: 451.7159 document: file:///C:/Users/74993/Desktop/毕设/wll论文/java-language-server2/outputDir/DEF/cp/DEF_1520.java
Sep 28, 2025 4:54:32 PM org.javacs.JavaLanguageServer findReferences
INFO: traverse component: 0.0 document: file:///C:/Users/74993/Desktop/毕设/wll论文/java-language-server2/outputDir/DEF/cp/DEF_1520.java
Sep 28, 2025 4:54:32 PM org.javacs.JavaLanguageServer findReferences
INFO: NOD: 19542 document: file:///C:/Users/74993/Desktop/毕设/wll论文/java-language-server2/outputDir/DEF/cp/DEF_1520.java
Sep 28, 2025 4:54:32 PM org.javacs.JavaLanguageServer findReferences
INFO: DEF: 1520 document: file:///C:/Users/74993/Desktop/毕设/wll论文/java-language-server2/outputDir/DEF/cp/DEF_1520.java
Sep 28, 2025 4:54:32 PM org.javacs.JavaLanguageServer findReferences
INFO: OCC: 11749 document: file:///C:/Users/74993/Desktop/毕设/wll论文/java-language-server2/outputDir/DEF/cp/DEF_1520.java
Sep 28, 2025 4:54:32 PM org.javacs.JavaLanguageServer findReferences
INFO: LOC: 8337 document: file:///C:/Users/74993/Desktop/毕设/wll论文/java-language-server2/outputDir/DEF/cp/DEF_1520.java
Sep 28, 2025 4:54:32 PM org.javacs.ScanClassPath jdkTopLevelClasses
INFO: Searching for top-level classes in the JDK
Sep 28, 2025 4:54:32 PM org.javacs.ScanClassPath jdkTopLevelClasses
INFO: Found 15005 classes in the java platform
Sep 28, 2025 4:54:32 PM org.javacs.ScanClassPath classPathTopLevelClasses
INFO: Searching for top-level classes in 0 classpath locations
Sep 28, 2025 4:54:32 PM org.javacs.ScanClassPath classPathTopLevelClasses
INFO: Found 0 classes in classpath
Sep 28, 2025 4:54:32 PM org.javacs.ReusableCompiler getTask
WARNING: Options changed from [-classpath, , --add-modules, ALL-MODULE-PATH, -proc:none, -g, -Xlint:cast, -Xlint:deprecation, -Xlint:empty, -Xlint:fallthrough, -Xlint:finally, -Xlint:path, -Xlint:unchecked, -Xlint:varargs, -Xlint:static] to [-classpath, , --add-modules, ALL-MODULE-PATH, -proc:none, -g, -Xlint:cast, -Xlint:deprecation, -Xlint:empty, -Xlint:fallthrough, -Xlint:finally, -Xlint:path, -Xlint:unchecked, -Xlint:varargs, -Xlint:static], creating new compiler
Sep 28, 2025 4:54:32 PM org.javacs.JavaLanguageServer findReferences
INFO: compile component: 20.4246 document: file:///C:/Users/74993/Desktop/毕设/wll论文/java-language-server2/outputDir/DEF/cp/DEF_1520.java
Sep 28, 2025 4:54:33 PM org.javacs.JavaLanguageServer findReferences
INFO: locate component: 369.4434 document: file:///C:/Users/74993/Desktop/毕设/wll论文/java-language-server2/outputDir/DEF/cp/DEF_1520.java
Sep 28, 2025 4:54:33 PM org.javacs.JavaLanguageServer findReferences
INFO: traverse component: 0.0 document: file:///C:/Users/74993/Desktop/毕设/wll论文/java-language-server2/outputDir/DEF/cp/DEF_1520.java
Sep 28, 2025 4:54:33 PM org.javacs.JavaLanguageServer findReferences
INFO: NOD: 19542 document: file:///C:/Users/74993/Desktop/毕设/wll论文/java-language-server2/outputDir/DEF/cp/DEF_1520.java
Sep 28, 2025 4:54:33 PM org.javacs.JavaLanguageServer findReferences
INFO: DEF: 1520 document: file:///C:/Users/74993/Desktop/毕设/wll论文/java-language-server2/outputDir/DEF/cp/DEF_1520.java
Sep 28, 2025 4:54:33 PM org.javacs.JavaLanguageServer findReferences
INFO: OCC: 11749 document: file:///C:/Users/74993/Desktop/毕设/wll论文/java-language-server2/outputDir/DEF/cp/DEF_1520.java
Sep 28, 2025 4:54:33 PM org.javacs.JavaLanguageServer findReferences
INFO: LOC: 8337 document: file:///C:/Users/74993/Desktop/毕设/wll论文/java-language-server2/outputDir/DEF/cp/DEF_1520.java
Sep 28, 2025 4:54:33 PM org.javacs.JavaLanguageServer didOpenTextDocument
INFO: #didOpenTextDocument# try call goto {"context":{"includeDeclaration":false},"textDocument":{"uri":"file:///C:/Users/74993/Desktop/%E6%AF%95%E8%AE%BE/wll%E8%AE%BA%E6%96%87/java-language-server2/outputDir/DEF/cp/DEF_1520.java"},"position":{"line":73,"character":31}}
Sep 28, 2025 4:54:33 PM org.javacs.JavaCompilerService compileBatch
INFO: ...using cached compile
Sep 28, 2025 4:54:33 PM org.javacs.JavaLanguageServer gotoDefinition
INFO: gotoDefinition: 408.0754 document: file:///C:/Users/74993/Desktop/毕设/wll论文/java-language-server2/outputDir/DEF/cp/DEF_1520.java
Sep 28, 2025 4:54:33 PM org.javacs.JavaCompilerService compileBatch
INFO: ...using cached compile
Sep 28, 2025 4:54:33 PM org.javacs.JavaLanguageServer gotoDefinition
INFO: gotoDefinition: 423.7152 document: file:///C:/Users/74993/Desktop/毕设/wll论文/java-language-server2/outputDir/DEF/cp/DEF_1520.java
Sep 28, 2025 4:54:33 PM org.javacs.JavaCompilerService compileBatch
INFO: ...using cached compile
Sep 28, 2025 4:54:34 PM org.javacs.JavaLanguageServer gotoDefinition
INFO: gotoDefinition: 424.0763 document: file:///C:/Users/74993/Desktop/毕设/wll论文/java-language-server2/outputDir/DEF/cp/DEF_1520.java
Sep 28, 2025 4:54:34 PM org.javacs.JavaCompilerService compileBatch
INFO: ...using cached compile
Sep 28, 2025 4:54:34 PM org.javacs.JavaLanguageServer gotoDefinition
INFO: gotoDefinition: 422.4978 document: file:///C:/Users/74993/Desktop/毕设/wll论文/java-language-server2/outputDir/DEF/cp/DEF_1520.java
Sep 28, 2025 4:54:34 PM org.javacs.JavaCompilerService compileBatch
INFO: ...using cached compile
Sep 28, 2025 4:54:35 PM org.javacs.JavaLanguageServer gotoDefinition
INFO: gotoDefinition: 415.6931 document: file:///C:/Users/74993/Desktop/毕设/wll论文/java-language-server2/outputDir/DEF/cp/DEF_1520.java
Sep 28, 2025 4:54:35 PM org.javacs.JavaLanguageServer didOpenTextDocument
INFO: #didOpenTextDocument# try call rename {"context":{"includeDeclaration":false},"textDocument":{"uri":"file:///C:/Users/74993/Desktop/%E6%AF%95%E8%AE%BE/wll%E8%AE%BA%E6%96%87/java-language-server2/outputDir/DEF/cp/DEF_1520.java"},"position":{"line":73,"character":31}}
Sep 28, 2025 4:54:35 PM org.javacs.JavaCompilerService compileBatch
INFO: ...using cached compile
Sep 28, 2025 4:54:35 PM org.javacs.JavaLanguageServer rename
INFO: rename: 409.3546 document: file:///C:/Users/74993/Desktop/毕设/wll论文/java-language-server2/outputDir/DEF/cp/DEF_1520.java
Sep 28, 2025 4:54:35 PM org.javacs.JavaCompilerService compileBatch
INFO: ...using cached compile
Sep 28, 2025 4:54:36 PM org.javacs.JavaLanguageServer rename
INFO: rename: 396.2338 document: file:///C:/Users/74993/Desktop/毕设/wll论文/java-language-server2/outputDir/DEF/cp/DEF_1520.java
Sep 28, 2025 4:54:36 PM org.javacs.JavaCompilerService compileBatch
INFO: ...using cached compile
Sep 28, 2025 4:54:36 PM org.javacs.JavaLanguageServer rename
INFO: rename: 407.5223 document: file:///C:/Users/74993/Desktop/毕设/wll论文/java-language-server2/outputDir/DEF/cp/DEF_1520.java
Sep 28, 2025 4:54:36 PM org.javacs.JavaCompilerService compileBatch
INFO: ...using cached compile
Sep 28, 2025 4:54:36 PM org.javacs.JavaLanguageServer rename
INFO: rename: 408.0199 document: file:///C:/Users/74993/Desktop/毕设/wll论文/java-language-server2/outputDir/DEF/cp/DEF_1520.java
Sep 28, 2025 4:54:36 PM org.javacs.JavaCompilerService compileBatch
INFO: ...using cached compile
Sep 28, 2025 4:54:37 PM org.javacs.JavaLanguageServer rename
INFO: rename: 406.4859 document: file:///C:/Users/74993/Desktop/毕设/wll论文/java-language-server2/outputDir/DEF/cp/DEF_1520.java
Sep 28, 2025 4:54:37 PM org.javacs.JavaLanguageServer didOpenTextDocument
INFO: #didOpenTextDocument# try completion {"context":{"includeDeclaration":false},"textDocument":{"uri":"file:///C:/Users/74993/Desktop/%E6%AF%95%E8%AE%BE/wll%E8%AE%BA%E6%96%87/java-language-server2/outputDir/DEF/cp/DEF_1520.java"},"position":{"line":73,"character":31}}
Sep 28, 2025 4:54:37 PM org.javacs.JavaLanguageServer completion
INFO: completion: 20.0538 document: file:///C:/Users/74993/Desktop/毕设/wll论文/java-language-server2/outputDir/DEF/cp/DEF_1520.java
Sep 28, 2025 4:54:37 PM org.javacs.JavaLanguageServer completion
INFO: completion: 22.0487 document: file:///C:/Users/74993/Desktop/毕设/wll论文/java-language-server2/outputDir/DEF/cp/DEF_1520.java
Sep 28, 2025 4:54:37 PM org.javacs.JavaLanguageServer completion
INFO: completion: 30.5766 document: file:///C:/Users/74993/Desktop/毕设/wll论文/java-language-server2/outputDir/DEF/cp/DEF_1520.java
Sep 28, 2025 4:54:37 PM org.javacs.JavaLanguageServer completion
INFO: completion: 26.5767 document: file:///C:/Users/74993/Desktop/毕设/wll论文/java-language-server2/outputDir/DEF/cp/DEF_1520.java
Sep 28, 2025 4:54:37 PM org.javacs.JavaLanguageServer completion
INFO: completion: 37.9822 document: file:///C:/Users/74993/Desktop/毕设/wll论文/java-language-server2/outputDir/DEF/cp/DEF_1520.java
Sep 28, 2025 4:54:37 PM org.javacs.JavaLanguageServer didOpenTextDocument
INFO: #didOpenTextDocument# try call goto {"context":{"includeDeclaration":false},"textDocument":{"uri":"file:///C:/Users/74993/Desktop/%E6%AF%95%E8%AE%BE/wll%E8%AE%BA%E6%96%87/java-language-server2/outputDir/DEF/cp/DEF_1520.java"},"position":{"line":8315,"character":56}}
Sep 28, 2025 4:54:37 PM org.javacs.JavaLanguageServer gotoDefinition
INFO: gotoDefinition: 493.3199 document: file:///C:/Users/74993/Desktop/毕设/wll论文/java-language-server2/outputDir/DEF/cp/DEF_1520.java
Sep 28, 2025 4:54:37 PM org.javacs.JavaCompilerService compileBatch
INFO: ...using cached compile
Sep 28, 2025 4:54:38 PM org.javacs.JavaLanguageServer gotoDefinition
INFO: gotoDefinition: 396.0048 document: file:///C:/Users/74993/Desktop/毕设/wll论文/java-language-server2/outputDir/DEF/cp/DEF_1520.java
Sep 28, 2025 4:54:38 PM org.javacs.JavaCompilerService compileBatch
INFO: ...using cached compile
Sep 28, 2025 4:54:38 PM org.javacs.JavaLanguageServer gotoDefinition
INFO: gotoDefinition: 419.4307 document: file:///C:/Users/74993/Desktop/毕设/wll论文/java-language-server2/outputDir/DEF/cp/DEF_1520.java
Sep 28, 2025 4:54:38 PM org.javacs.JavaCompilerService compileBatch
INFO: ...using cached compile
Sep 28, 2025 4:54:39 PM org.javacs.JavaLanguageServer gotoDefinition
INFO: gotoDefinition: 431.6575 document: file:///C:/Users/74993/Desktop/毕设/wll论文/java-language-server2/outputDir/DEF/cp/DEF_1520.java
Sep 28, 2025 4:54:39 PM org.javacs.JavaCompilerService compileBatch
INFO: ...using cached compile
Sep 28, 2025 4:54:39 PM org.javacs.JavaLanguageServer gotoDefinition
INFO: gotoDefinition: 408.2922 document: file:///C:/Users/74993/Desktop/毕设/wll论文/java-language-server2/outputDir/DEF/cp/DEF_1520.java
Sep 28, 2025 4:54:39 PM org.javacs.JavaLanguageServer didOpenTextDocument
INFO: #didOpenTextDocument# try call rename {"context":{"includeDeclaration":false},"textDocument":{"uri":"file:///C:/Users/74993/Desktop/%E6%AF%95%E8%AE%BE/wll%E8%AE%BA%E6%96%87/java-language-server2/outputDir/DEF/cp/DEF_1520.java"},"position":{"line":8315,"character":56}}
Sep 28, 2025 4:54:39 PM org.javacs.JavaCompilerService compileBatch
INFO: ...using cached compile
Sep 28, 2025 4:54:40 PM org.javacs.JavaLanguageServer rename
INFO: rename: 426.2778 document: file:///C:/Users/74993/Desktop/毕设/wll论文/java-language-server2/outputDir/DEF/cp/DEF_1520.java
Sep 28, 2025 4:54:40 PM org.javacs.JavaCompilerService compileBatch
INFO: ...using cached compile
Sep 28, 2025 4:54:40 PM org.javacs.JavaLanguageServer rename
INFO: rename: 422.348 document: file:///C:/Users/74993/Desktop/毕设/wll论文/java-language-server2/outputDir/DEF/cp/DEF_1520.java
Sep 28, 2025 4:54:40 PM org.javacs.JavaCompilerService compileBatch
INFO: ...using cached compile
Sep 28, 2025 4:54:40 PM org.javacs.JavaLanguageServer rename
INFO: rename: 419.9679 document: file:///C:/Users/74993/Desktop/毕设/wll论文/java-language-server2/outputDir/DEF/cp/DEF_1520.java
Sep 28, 2025 4:54:40 PM org.javacs.JavaCompilerService compileBatch
INFO: ...using cached compile
Sep 28, 2025 4:54:41 PM org.javacs.JavaLanguageServer rename
INFO: rename: 410.1906 document: file:///C:/Users/74993/Desktop/毕设/wll论文/java-language-server2/outputDir/DEF/cp/DEF_1520.java
Sep 28, 2025 4:54:41 PM org.javacs.JavaCompilerService compileBatch
INFO: ...using cached compile
Sep 28, 2025 4:54:41 PM org.javacs.JavaLanguageServer rename
INFO: rename: 354.8795 document: file:///C:/Users/74993/Desktop/毕设/wll论文/java-language-server2/outputDir/DEF/cp/DEF_1520.java
Sep 28, 2025 4:54:41 PM org.javacs.JavaLanguageServer didOpenTextDocument
INFO: #didOpenTextDocument# try completion {"context":{"includeDeclaration":false},"textDocument":{"uri":"file:///C:/Users/74993/Desktop/%E6%AF%95%E8%AE%BE/wll%E8%AE%BA%E6%96%87/java-language-server2/outputDir/DEF/cp/DEF_1520.java"},"position":{"line":8315,"character":56}}
Sep 28, 2025 4:54:41 PM org.javacs.JavaLanguageServer completion
INFO: completion: 22.7937 document: file:///C:/Users/74993/Desktop/毕设/wll论文/java-language-server2/outputDir/DEF/cp/DEF_1520.java
Sep 28, 2025 4:54:41 PM org.javacs.JavaLanguageServer completion
INFO: completion: 20.8024 document: file:///C:/Users/74993/Desktop/毕设/wll论文/java-language-server2/outputDir/DEF/cp/DEF_1520.java
Sep 28, 2025 4:54:41 PM org.javacs.JavaLanguageServer completion
INFO: completion: 18.0327 document: file:///C:/Users/74993/Desktop/毕设/wll论文/java-language-server2/outputDir/DEF/cp/DEF_1520.java
Sep 28, 2025 4:54:41 PM org.javacs.JavaLanguageServer completion
INFO: completion: 15.5714 document: file:///C:/Users/74993/Desktop/毕设/wll论文/java-language-server2/outputDir/DEF/cp/DEF_1520.java
Sep 28, 2025 4:54:41 PM org.javacs.JavaLanguageServer completion
INFO: completion: 17.1369 document: file:///C:/Users/74993/Desktop/毕设/wll论文/java-language-server2/outputDir/DEF/cp/DEF_1520.java
Sep 28, 2025 4:54:41 PM org.javacs.JavaLanguageServer didOpenTextDocument
INFO: #didOpenTextDocument# try call reference {"context":{"includeDeclaration":false},"textDocument":{"uri":"file:///C:/Users/74993/Desktop/%E6%AF%95%E8%AE%BE/wll%E8%AE%BA%E6%96%87/java-language-server2/outputDir/DEF/cq/DEF_1600.java"},"position":{"line":73,"character":31}}
Sep 28, 2025 4:54:41 PM org.javacs.ScanClassPath jdkTopLevelClasses
INFO: Searching for top-level classes in the JDK
Sep 28, 2025 4:54:41 PM org.javacs.ScanClassPath jdkTopLevelClasses
INFO: Found 15005 classes in the java platform
Sep 28, 2025 4:54:41 PM org.javacs.ScanClassPath classPathTopLevelClasses
INFO: Searching for top-level classes in 0 classpath locations
Sep 28, 2025 4:54:41 PM org.javacs.ScanClassPath classPathTopLevelClasses
INFO: Found 0 classes in classpath
Sep 28, 2025 4:54:41 PM org.javacs.ReusableCompiler getTask
WARNING: Options changed from [-classpath, , --add-modules, ALL-MODULE-PATH, -proc:none, -g, -Xlint:cast, -Xlint:deprecation, -Xlint:empty, -Xlint:fallthrough, -Xlint:finally, -Xlint:path, -Xlint:unchecked, -Xlint:varargs, -Xlint:static] to [-classpath, , --add-modules, ALL-MODULE-PATH, -proc:none, -g, -Xlint:cast, -Xlint:deprecation, -Xlint:empty, -Xlint:fallthrough, -Xlint:finally, -Xlint:path, -Xlint:unchecked, -Xlint:varargs, -Xlint:static], creating new compiler
Sep 28, 2025 4:54:42 PM org.javacs.JavaLanguageServer findReferences
INFO: compile component: 89.345 document: file:///C:/Users/74993/Desktop/毕设/wll论文/java-language-server2/outputDir/DEF/cq/DEF_1600.java
Sep 28, 2025 4:54:42 PM org.javacs.JavaLanguageServer findReferences
INFO: locate component: 414.5639 document: file:///C:/Users/74993/Desktop/毕设/wll论文/java-language-server2/outputDir/DEF/cq/DEF_1600.java
Sep 28, 2025 4:54:42 PM org.javacs.JavaLanguageServer findReferences
INFO: traverse component: 0.0 document: file:///C:/Users/74993/Desktop/毕设/wll论文/java-language-server2/outputDir/DEF/cq/DEF_1600.java
Sep 28, 2025 4:54:42 PM org.javacs.JavaLanguageServer findReferences
INFO: NOD: 21217 document: file:///C:/Users/74993/Desktop/毕设/wll论文/java-language-server2/outputDir/DEF/cq/DEF_1600.java
Sep 28, 2025 4:54:42 PM org.javacs.JavaLanguageServer findReferences
INFO: DEF: 1598 document: file:///C:/Users/74993/Desktop/毕设/wll论文/java-language-server2/outputDir/DEF/cq/DEF_1600.java
Sep 28, 2025 4:54:42 PM org.javacs.JavaLanguageServer findReferences
INFO: OCC: 12642 document: file:///C:/Users/74993/Desktop/毕设/wll论文/java-language-server2/outputDir/DEF/cq/DEF_1600.java
Sep 28, 2025 4:54:42 PM org.javacs.JavaLanguageServer findReferences
INFO: LOC: 8793 document: file:///C:/Users/74993/Desktop/毕设/wll论文/java-language-server2/outputDir/DEF/cq/DEF_1600.java
Sep 28, 2025 4:54:42 PM org.javacs.ScanClassPath jdkTopLevelClasses
INFO: Searching for top-level classes in the JDK
Sep 28, 2025 4:54:42 PM org.javacs.ScanClassPath jdkTopLevelClasses
INFO: Found 15005 classes in the java platform
Sep 28, 2025 4:54:42 PM org.javacs.ScanClassPath classPathTopLevelClasses
INFO: Searching for top-level classes in 0 classpath locations
Sep 28, 2025 4:54:42 PM org.javacs.ScanClassPath classPathTopLevelClasses
INFO: Found 0 classes in classpath
Sep 28, 2025 4:54:42 PM org.javacs.ReusableCompiler getTask
WARNING: Options changed from [-classpath, , --add-modules, ALL-MODULE-PATH, -proc:none, -g, -Xlint:cast, -Xlint:deprecation, -Xlint:empty, -Xlint:fallthrough, -Xlint:finally, -Xlint:path, -Xlint:unchecked, -Xlint:varargs, -Xlint:static] to [-classpath, , --add-modules, ALL-MODULE-PATH, -proc:none, -g, -Xlint:cast, -Xlint:deprecation, -Xlint:empty, -Xlint:fallthrough, -Xlint:finally, -Xlint:path, -Xlint:unchecked, -Xlint:varargs, -Xlint:static], creating new compiler
Sep 28, 2025 4:54:42 PM org.javacs.JavaLanguageServer findReferences
INFO: compile component: 18.5861 document: file:///C:/Users/74993/Desktop/毕设/wll论文/java-language-server2/outputDir/DEF/cq/DEF_1600.java
Sep 28, 2025 4:54:43 PM org.javacs.JavaLanguageServer findReferences
INFO: locate component: 436.1318 document: file:///C:/Users/74993/Desktop/毕设/wll论文/java-language-server2/outputDir/DEF/cq/DEF_1600.java
Sep 28, 2025 4:54:43 PM org.javacs.JavaLanguageServer findReferences
INFO: traverse component: 0.9997 document: file:///C:/Users/74993/Desktop/毕设/wll论文/java-language-server2/outputDir/DEF/cq/DEF_1600.java
Sep 28, 2025 4:54:43 PM org.javacs.JavaLanguageServer findReferences
INFO: NOD: 21217 document: file:///C:/Users/74993/Desktop/毕设/wll论文/java-language-server2/outputDir/DEF/cq/DEF_1600.java
Sep 28, 2025 4:54:43 PM org.javacs.JavaLanguageServer findReferences
INFO: DEF: 1598 document: file:///C:/Users/74993/Desktop/毕设/wll论文/java-language-server2/outputDir/DEF/cq/DEF_1600.java
Sep 28, 2025 4:54:43 PM org.javacs.JavaLanguageServer findReferences
INFO: OCC: 12642 document: file:///C:/Users/74993/Desktop/毕设/wll论文/java-language-server2/outputDir/DEF/cq/DEF_1600.java
Sep 28, 2025 4:54:43 PM org.javacs.JavaLanguageServer findReferences
INFO: LOC: 8793 document: file:///C:/Users/74993/Desktop/毕设/wll论文/java-language-server2/outputDir/DEF/cq/DEF_1600.java
Sep 28, 2025 4:54:43 PM org.javacs.ScanClassPath jdkTopLevelClasses
INFO: Searching for top-level classes in the JDK
Sep 28, 2025 4:54:43 PM org.javacs.ScanClassPath jdkTopLevelClasses
INFO: Found 15005 classes in the java platform
Sep 28, 2025 4:54:43 PM org.javacs.ScanClassPath classPathTopLevelClasses
INFO: Searching for top-level classes in 0 classpath locations
Sep 28, 2025 4:54:43 PM org.javacs.ScanClassPath classPathTopLevelClasses
INFO: Found 0 classes in classpath
Sep 28, 2025 4:54:43 PM org.javacs.ReusableCompiler getTask
WARNING: Options changed from [-classpath, , --add-modules, ALL-MODULE-PATH, -proc:none, -g, -Xlint:cast, -Xlint:deprecation, -Xlint:empty, -Xlint:fallthrough, -Xlint:finally, -Xlint:path, -Xlint:unchecked, -Xlint:varargs, -Xlint:static] to [-classpath, , --add-modules, ALL-MODULE-PATH, -proc:none, -g, -Xlint:cast, -Xlint:deprecation, -Xlint:empty, -Xlint:fallthrough, -Xlint:finally, -Xlint:path, -Xlint:unchecked, -Xlint:varargs, -Xlint:static], creating new compiler
Sep 28, 2025 4:54:43 PM org.javacs.JavaLanguageServer findReferences
INFO: compile component: 15.6005 document: file:///C:/Users/74993/Desktop/毕设/wll论文/java-language-server2/outputDir/DEF/cq/DEF_1600.java
Sep 28, 2025 4:54:44 PM org.javacs.JavaLanguageServer findReferences
INFO: locate component: 481.2903 document: file:///C:/Users/74993/Desktop/毕设/wll论文/java-language-server2/outputDir/DEF/cq/DEF_1600.java
Sep 28, 2025 4:54:44 PM org.javacs.JavaLanguageServer findReferences
INFO: traverse component: 0.0 document: file:///C:/Users/74993/Desktop/毕设/wll论文/java-language-server2/outputDir/DEF/cq/DEF_1600.java
Sep 28, 2025 4:54:44 PM org.javacs.JavaLanguageServer findReferences
INFO: NOD: 21217 document: file:///C:/Users/74993/Desktop/毕设/wll论文/java-language-server2/outputDir/DEF/cq/DEF_1600.java
Sep 28, 2025 4:54:44 PM org.javacs.JavaLanguageServer findReferences
INFO: DEF: 1598 document: file:///C:/Users/74993/Desktop/毕设/wll论文/java-language-server2/outputDir/DEF/cq/DEF_1600.java
Sep 28, 2025 4:54:44 PM org.javacs.JavaLanguageServer findReferences
INFO: OCC: 12642 document: file:///C:/Users/74993/Desktop/毕设/wll论文/java-language-server2/outputDir/DEF/cq/DEF_1600.java
Sep 28, 2025 4:54:44 PM org.javacs.JavaLanguageServer findReferences
INFO: LOC: 8793 document: file:///C:/Users/74993/Desktop/毕设/wll论文/java-language-server2/outputDir/DEF/cq/DEF_1600.java
Sep 28, 2025 4:54:44 PM org.javacs.ScanClassPath jdkTopLevelClasses
INFO: Searching for top-level classes in the JDK
Sep 28, 2025 4:54:44 PM org.javacs.ScanClassPath jdkTopLevelClasses
INFO: Found 15005 classes in the java platform
Sep 28, 2025 4:54:44 PM org.javacs.ScanClassPath classPathTopLevelClasses
INFO: Searching for top-level classes in 0 classpath locations
Sep 28, 2025 4:54:44 PM org.javacs.ScanClassPath classPathTopLevelClasses
INFO: Found 0 classes in classpath
Sep 28, 2025 4:54:44 PM org.javacs.ReusableCompiler getTask
WARNING: Options changed from [-classpath, , --add-modules, ALL-MODULE-PATH, -proc:none, -g, -Xlint:cast, -Xlint:deprecation, -Xlint:empty, -Xlint:fallthrough, -Xlint:finally, -Xlint:path, -Xlint:unchecked, -Xlint:varargs, -Xlint:static] to [-classpath, , --add-modules, ALL-MODULE-PATH, -proc:none, -g, -Xlint:cast, -Xlint:deprecation, -Xlint:empty, -Xlint:fallthrough, -Xlint:finally, -Xlint:path, -Xlint:unchecked, -Xlint:varargs, -Xlint:static], creating new compiler
Sep 28, 2025 4:54:44 PM org.javacs.JavaLanguageServer findReferences
INFO: compile component: 31.9168 document: file:///C:/Users/74993/Desktop/毕设/wll论文/java-language-server2/outputDir/DEF/cq/DEF_1600.java
Sep 28, 2025 4:54:44 PM org.javacs.JavaLanguageServer findReferences
INFO: locate component: 461.6848 document: file:///C:/Users/74993/Desktop/毕设/wll论文/java-language-server2/outputDir/DEF/cq/DEF_1600.java
Sep 28, 2025 4:54:44 PM org.javacs.JavaLanguageServer findReferences
INFO: traverse component: 0.0 document: file:///C:/Users/74993/Desktop/毕设/wll论文/java-language-server2/outputDir/DEF/cq/DEF_1600.java
Sep 28, 2025 4:54:44 PM org.javacs.JavaLanguageServer findReferences
INFO: NOD: 21217 document: file:///C:/Users/74993/Desktop/毕设/wll论文/java-language-server2/outputDir/DEF/cq/DEF_1600.java
Sep 28, 2025 4:54:44 PM org.javacs.JavaLanguageServer findReferences
INFO: DEF: 1598 document: file:///C:/Users/74993/Desktop/毕设/wll论文/java-language-server2/outputDir/DEF/cq/DEF_1600.java
Sep 28, 2025 4:54:44 PM org.javacs.JavaLanguageServer findReferences
INFO: OCC: 12642 document: file:///C:/Users/74993/Desktop/毕设/wll论文/java-language-server2/outputDir/DEF/cq/DEF_1600.java
Sep 28, 2025 4:54:44 PM org.javacs.JavaLanguageServer findReferences
INFO: LOC: 8793 document: file:///C:/Users/74993/Desktop/毕设/wll论文/java-language-server2/outputDir/DEF/cq/DEF_1600.java
Sep 28, 2025 4:54:44 PM org.javacs.ScanClassPath jdkTopLevelClasses
INFO: Searching for top-level classes in the JDK
Sep 28, 2025 4:54:45 PM org.javacs.ScanClassPath jdkTopLevelClasses
INFO: Found 15005 classes in the java platform
Sep 28, 2025 4:54:45 PM org.javacs.ScanClassPath classPathTopLevelClasses
INFO: Searching for top-level classes in 0 classpath locations
Sep 28, 2025 4:54:45 PM org.javacs.ScanClassPath classPathTopLevelClasses
INFO: Found 0 classes in classpath
Sep 28, 2025 4:54:45 PM org.javacs.ReusableCompiler getTask
WARNING: Options changed from [-classpath, , --add-modules, ALL-MODULE-PATH, -proc:none, -g, -Xlint:cast, -Xlint:deprecation, -Xlint:empty, -Xlint:fallthrough, -Xlint:finally, -Xlint:path, -Xlint:unchecked, -Xlint:varargs, -Xlint:static] to [-classpath, , --add-modules, ALL-MODULE-PATH, -proc:none, -g, -Xlint:cast, -Xlint:deprecation, -Xlint:empty, -Xlint:fallthrough, -Xlint:finally, -Xlint:path, -Xlint:unchecked, -Xlint:varargs, -Xlint:static], creating new compiler
Sep 28, 2025 4:54:45 PM org.javacs.JavaLanguageServer findReferences
INFO: compile component: 18.1738 document: file:///C:/Users/74993/Desktop/毕设/wll论文/java-language-server2/outputDir/DEF/cq/DEF_1600.java
Sep 28, 2025 4:54:45 PM org.javacs.JavaLanguageServer findReferences
INFO: locate component: 486.6215 document: file:///C:/Users/74993/Desktop/毕设/wll论文/java-language-server2/outputDir/DEF/cq/DEF_1600.java
Sep 28, 2025 4:54:45 PM org.javacs.JavaLanguageServer findReferences
INFO: traverse component: 0.0 document: file:///C:/Users/74993/Desktop/毕设/wll论文/java-language-server2/outputDir/DEF/cq/DEF_1600.java
Sep 28, 2025 4:54:45 PM org.javacs.JavaLanguageServer findReferences
INFO: NOD: 21217 document: file:///C:/Users/74993/Desktop/毕设/wll论文/java-language-server2/outputDir/DEF/cq/DEF_1600.java
Sep 28, 2025 4:54:45 PM org.javacs.JavaLanguageServer findReferences
INFO: DEF: 1598 document: file:///C:/Users/74993/Desktop/毕设/wll论文/java-language-server2/outputDir/DEF/cq/DEF_1600.java
Sep 28, 2025 4:54:45 PM org.javacs.JavaLanguageServer findReferences
INFO: OCC: 12642 document: file:///C:/Users/74993/Desktop/毕设/wll论文/java-language-server2/outputDir/DEF/cq/DEF_1600.java
Sep 28, 2025 4:54:45 PM org.javacs.JavaLanguageServer findReferences
INFO: LOC: 8793 document: file:///C:/Users/74993/Desktop/毕设/wll论文/java-language-server2/outputDir/DEF/cq/DEF_1600.java
Sep 28, 2025 4:54:45 PM org.javacs.JavaLanguageServer didOpenTextDocument
INFO: #didOpenTextDocument# try call goto {"context":{"includeDeclaration":false},"textDocument":{"uri":"file:///C:/Users/74993/Desktop/%E6%AF%95%E8%AE%BE/wll%E8%AE%BA%E6%96%87/java-language-server2/outputDir/DEF/cq/DEF_1600.java"},"position":{"line":73,"character":31}}
Sep 28, 2025 4:54:45 PM org.javacs.JavaCompilerService compileBatch
INFO: ...using cached compile
Sep 28, 2025 4:54:46 PM org.javacs.JavaLanguageServer gotoDefinition
INFO: gotoDefinition: 455.9207 document: file:///C:/Users/74993/Desktop/毕设/wll论文/java-language-server2/outputDir/DEF/cq/DEF_1600.java
Sep 28, 2025 4:54:46 PM org.javacs.JavaCompilerService compileBatch
INFO: ...using cached compile
Sep 28, 2025 4:54:46 PM org.javacs.JavaLanguageServer gotoDefinition
INFO: gotoDefinition: 431.7565 document: file:///C:/Users/74993/Desktop/毕设/wll论文/java-language-server2/outputDir/DEF/cq/DEF_1600.java
Sep 28, 2025 4:54:46 PM org.javacs.JavaCompilerService compileBatch
INFO: ...using cached compile
Sep 28, 2025 4:54:47 PM org.javacs.JavaLanguageServer gotoDefinition
INFO: gotoDefinition: 464.2383 document: file:///C:/Users/74993/Desktop/毕设/wll论文/java-language-server2/outputDir/DEF/cq/DEF_1600.java
Sep 28, 2025 4:54:47 PM org.javacs.JavaCompilerService compileBatch
INFO: ...using cached compile
Sep 28, 2025 4:54:47 PM org.javacs.JavaLanguageServer gotoDefinition
INFO: gotoDefinition: 398.7844 document: file:///C:/Users/74993/Desktop/毕设/wll论文/java-language-server2/outputDir/DEF/cq/DEF_1600.java
Sep 28, 2025 4:54:47 PM org.javacs.JavaCompilerService compileBatch
INFO: ...using cached compile
Sep 28, 2025 4:54:47 PM org.javacs.JavaLanguageServer gotoDefinition
INFO: gotoDefinition: 446.9153 document: file:///C:/Users/74993/Desktop/毕设/wll论文/java-language-server2/outputDir/DEF/cq/DEF_1600.java
Sep 28, 2025 4:54:47 PM org.javacs.JavaLanguageServer didOpenTextDocument
INFO: #didOpenTextDocument# try call rename {"context":{"includeDeclaration":false},"textDocument":{"uri":"file:///C:/Users/74993/Desktop/%E6%AF%95%E8%AE%BE/wll%E8%AE%BA%E6%96%87/java-language-server2/outputDir/DEF/cq/DEF_1600.java"},"position":{"line":73,"character":31}}
Sep 28, 2025 4:54:47 PM org.javacs.JavaCompilerService compileBatch
INFO: ...using cached compile
Sep 28, 2025 4:54:48 PM org.javacs.JavaLanguageServer rename
INFO: rename: 387.4035 document: file:///C:/Users/74993/Desktop/毕设/wll论文/java-language-server2/outputDir/DEF/cq/DEF_1600.java
Sep 28, 2025 4:54:48 PM org.javacs.JavaCompilerService compileBatch
INFO: ...using cached compile
Sep 28, 2025 4:54:48 PM org.javacs.JavaLanguageServer rename
INFO: rename: 424.9563 document: file:///C:/Users/74993/Desktop/毕设/wll论文/java-language-server2/outputDir/DEF/cq/DEF_1600.java
Sep 28, 2025 4:54:48 PM org.javacs.JavaCompilerService compileBatch
INFO: ...using cached compile
Sep 28, 2025 4:54:49 PM org.javacs.JavaLanguageServer rename
INFO: rename: 434.3799 document: file:///C:/Users/74993/Desktop/毕设/wll论文/java-language-server2/outputDir/DEF/cq/DEF_1600.java
Sep 28, 2025 4:54:49 PM org.javacs.JavaCompilerService compileBatch
INFO: ...using cached compile
Sep 28, 2025 4:54:49 PM org.javacs.JavaLanguageServer rename
INFO: rename: 454.3234 document: file:///C:/Users/74993/Desktop/毕设/wll论文/java-language-server2/outputDir/DEF/cq/DEF_1600.java
Sep 28, 2025 4:54:49 PM org.javacs.JavaCompilerService compileBatch
INFO: ...using cached compile
Sep 28, 2025 4:54:50 PM org.javacs.JavaLanguageServer rename
INFO: rename: 431.7731 document: file:///C:/Users/74993/Desktop/毕设/wll论文/java-language-server2/outputDir/DEF/cq/DEF_1600.java
Sep 28, 2025 4:54:50 PM org.javacs.JavaLanguageServer didOpenTextDocument
INFO: #didOpenTextDocument# try completion {"context":{"includeDeclaration":false},"textDocument":{"uri":"file:///C:/Users/74993/Desktop/%E6%AF%95%E8%AE%BE/wll%E8%AE%BA%E6%96%87/java-language-server2/outputDir/DEF/cq/DEF_1600.java"},"position":{"line":73,"character":31}}
Sep 28, 2025 4:54:50 PM org.javacs.JavaLanguageServer completion
INFO: completion: 33.7641 document: file:///C:/Users/74993/Desktop/毕设/wll论文/java-language-server2/outputDir/DEF/cq/DEF_1600.java
Sep 28, 2025 4:54:50 PM org.javacs.JavaLanguageServer completion
INFO: completion: 43.1002 document: file:///C:/Users/74993/Desktop/毕设/wll论文/java-language-server2/outputDir/DEF/cq/DEF_1600.java
Sep 28, 2025 4:54:50 PM org.javacs.JavaLanguageServer completion
INFO: completion: 22.8941 document: file:///C:/Users/74993/Desktop/毕设/wll论文/java-language-server2/outputDir/DEF/cq/DEF_1600.java
Sep 28, 2025 4:54:50 PM org.javacs.JavaLanguageServer completion
INFO: completion: 27.3028 document: file:///C:/Users/74993/Desktop/毕设/wll论文/java-language-server2/outputDir/DEF/cq/DEF_1600.java
Sep 28, 2025 4:54:50 PM org.javacs.JavaLanguageServer completion
INFO: completion: 24.0608 document: file:///C:/Users/74993/Desktop/毕设/wll论文/java-language-server2/outputDir/DEF/cq/DEF_1600.java
Sep 28, 2025 4:54:50 PM org.javacs.JavaLanguageServer didOpenTextDocument
INFO: #didOpenTextDocument# try call goto {"context":{"includeDeclaration":false},"textDocument":{"uri":"file:///C:/Users/74993/Desktop/%E6%AF%95%E8%AE%BE/wll%E8%AE%BA%E6%96%87/java-language-server2/outputDir/DEF/cq/DEF_1600.java"},"position":{"line":8786,"character":28}}
Sep 28, 2025 4:54:50 PM org.javacs.JavaLanguageServer gotoDefinition
INFO: gotoDefinition: 511.7561 document: file:///C:/Users/74993/Desktop/毕设/wll论文/java-language-server2/outputDir/DEF/cq/DEF_1600.java
Sep 28, 2025 4:54:50 PM org.javacs.JavaCompilerService compileBatch
INFO: ...using cached compile
Sep 28, 2025 4:54:51 PM org.javacs.JavaLanguageServer gotoDefinition
INFO: gotoDefinition: 458.586 document: file:///C:/Users/74993/Desktop/毕设/wll论文/java-language-server2/outputDir/DEF/cq/DEF_1600.java
Sep 28, 2025 4:54:51 PM org.javacs.JavaCompilerService compileBatch
INFO: ...using cached compile
Sep 28, 2025 4:54:51 PM org.javacs.JavaLanguageServer gotoDefinition
INFO: gotoDefinition: 412.6619 document: file:///C:/Users/74993/Desktop/毕设/wll论文/java-language-server2/outputDir/DEF/cq/DEF_1600.java
Sep 28, 2025 4:54:51 PM org.javacs.JavaCompilerService compileBatch
INFO: ...using cached compile
Sep 28, 2025 4:54:52 PM org.javacs.JavaLanguageServer gotoDefinition
INFO: gotoDefinition: 403.6659 document: file:///C:/Users/74993/Desktop/毕设/wll论文/java-language-server2/outputDir/DEF/cq/DEF_1600.java
Sep 28, 2025 4:54:52 PM org.javacs.JavaCompilerService compileBatch
INFO: ...using cached compile
Sep 28, 2025 4:54:52 PM org.javacs.JavaLanguageServer gotoDefinition
INFO: gotoDefinition: 429.2403 document: file:///C:/Users/74993/Desktop/毕设/wll论文/java-language-server2/outputDir/DEF/cq/DEF_1600.java
Sep 28, 2025 4:54:52 PM org.javacs.JavaLanguageServer didOpenTextDocument
INFO: #didOpenTextDocument# try call rename {"context":{"includeDeclaration":false},"textDocument":{"uri":"file:///C:/Users/74993/Desktop/%E6%AF%95%E8%AE%BE/wll%E8%AE%BA%E6%96%87/java-language-server2/outputDir/DEF/cq/DEF_1600.java"},"position":{"line":8786,"character":28}}
Sep 28, 2025 4:54:52 PM org.javacs.JavaCompilerService compileBatch
INFO: ...using cached compile
Sep 28, 2025 4:54:52 PM org.javacs.JavaLanguageServer rename
INFO: rename: 441.6246 document: file:///C:/Users/74993/Desktop/毕设/wll论文/java-language-server2/outputDir/DEF/cq/DEF_1600.java
Sep 28, 2025 4:54:52 PM org.javacs.JavaCompilerService compileBatch
INFO: ...using cached compile
Sep 28, 2025 4:54:53 PM org.javacs.JavaLanguageServer rename
INFO: rename: 417.723 document: file:///C:/Users/74993/Desktop/毕设/wll论文/java-language-server2/outputDir/DEF/cq/DEF_1600.java
Sep 28, 2025 4:54:53 PM org.javacs.JavaCompilerService compileBatch
INFO: ...using cached compile
Sep 28, 2025 4:54:53 PM org.javacs.JavaLanguageServer rename
INFO: rename: 419.4249 document: file:///C:/Users/74993/Desktop/毕设/wll论文/java-language-server2/outputDir/DEF/cq/DEF_1600.java
Sep 28, 2025 4:54:53 PM org.javacs.JavaCompilerService compileBatch
INFO: ...using cached compile
Sep 28, 2025 4:54:54 PM org.javacs.JavaLanguageServer rename
INFO: rename: 390.9588 document: file:///C:/Users/74993/Desktop/毕设/wll论文/java-language-server2/outputDir/DEF/cq/DEF_1600.java
Sep 28, 2025 4:54:54 PM org.javacs.JavaCompilerService compileBatch
INFO: ...using cached compile
Sep 28, 2025 4:54:54 PM org.javacs.JavaLanguageServer rename
INFO: rename: 413.5035 document: file:///C:/Users/74993/Desktop/毕设/wll论文/java-language-server2/outputDir/DEF/cq/DEF_1600.java
Sep 28, 2025 4:54:54 PM org.javacs.JavaLanguageServer didOpenTextDocument
INFO: #didOpenTextDocument# try completion {"context":{"includeDeclaration":false},"textDocument":{"uri":"file:///C:/Users/74993/Desktop/%E6%AF%95%E8%AE%BE/wll%E8%AE%BA%E6%96%87/java-language-server2/outputDir/DEF/cq/DEF_1600.java"},"position":{"line":8786,"character":28}}
Sep 28, 2025 4:54:54 PM org.javacs.JavaLanguageServer completion
INFO: completion: 24.5325 document: file:///C:/Users/74993/Desktop/毕设/wll论文/java-language-server2/outputDir/DEF/cq/DEF_1600.java
Sep 28, 2025 4:54:54 PM org.javacs.JavaLanguageServer completion
INFO: completion: 19.7163 document: file:///C:/Users/74993/Desktop/毕设/wll论文/java-language-server2/outputDir/DEF/cq/DEF_1600.java
Sep 28, 2025 4:54:54 PM org.javacs.JavaLanguageServer completion
INFO: completion: 19.5447 document: file:///C:/Users/74993/Desktop/毕设/wll论文/java-language-server2/outputDir/DEF/cq/DEF_1600.java
Sep 28, 2025 4:54:54 PM org.javacs.JavaLanguageServer completion
INFO: completion: 22.6668 document: file:///C:/Users/74993/Desktop/毕设/wll论文/java-language-server2/outputDir/DEF/cq/DEF_1600.java
Sep 28, 2025 4:54:54 PM org.javacs.JavaLanguageServer completion
INFO: completion: 22.978 document: file:///C:/Users/74993/Desktop/毕设/wll论文/java-language-server2/outputDir/DEF/cq/DEF_1600.java
Sep 28, 2025 4:54:54 PM org.javacs.JavaLanguageServer didOpenTextDocument
INFO: #didOpenTextDocument# try call reference {"context":{"includeDeclaration":false},"textDocument":{"uri":"file:///C:/Users/74993/Desktop/%E6%AF%95%E8%AE%BE/wll%E8%AE%BA%E6%96%87/java-language-server2/outputDir/DEF/cr/DEF_1680.java"},"position":{"line":73,"character":31}}
Sep 28, 2025 4:54:54 PM org.javacs.ScanClassPath jdkTopLevelClasses
INFO: Searching for top-level classes in the JDK
Sep 28, 2025 4:54:54 PM org.javacs.ScanClassPath jdkTopLevelClasses
INFO: Found 15005 classes in the java platform
Sep 28, 2025 4:54:54 PM org.javacs.ScanClassPath classPathTopLevelClasses
INFO: Searching for top-level classes in 0 classpath locations
Sep 28, 2025 4:54:54 PM org.javacs.ScanClassPath classPathTopLevelClasses
INFO: Found 0 classes in classpath
Sep 28, 2025 4:54:54 PM org.javacs.ReusableCompiler getTask
WARNING: Options changed from [-classpath, , --add-modules, ALL-MODULE-PATH, -proc:none, -g, -Xlint:cast, -Xlint:deprecation, -Xlint:empty, -Xlint:fallthrough, -Xlint:finally, -Xlint:path, -Xlint:unchecked, -Xlint:varargs, -Xlint:static] to [-classpath, , --add-modules, ALL-MODULE-PATH, -proc:none, -g, -Xlint:cast, -Xlint:deprecation, -Xlint:empty, -Xlint:fallthrough, -Xlint:finally, -Xlint:path, -Xlint:unchecked, -Xlint:varargs, -Xlint:static], creating new compiler
Sep 28, 2025 4:54:55 PM org.javacs.JavaLanguageServer findReferences
INFO: compile component: 78.9462 document: file:///C:/Users/74993/Desktop/毕设/wll论文/java-language-server2/outputDir/DEF/cr/DEF_1680.java
Sep 28, 2025 4:54:55 PM org.javacs.JavaLanguageServer findReferences
INFO: locate component: 467.9404 document: file:///C:/Users/74993/Desktop/毕设/wll论文/java-language-server2/outputDir/DEF/cr/DEF_1680.java
Sep 28, 2025 4:54:55 PM org.javacs.JavaLanguageServer findReferences
INFO: traverse component: 0.0 document: file:///C:/Users/74993/Desktop/毕设/wll论文/java-language-server2/outputDir/DEF/cr/DEF_1680.java
Sep 28, 2025 4:54:55 PM org.javacs.JavaLanguageServer findReferences
INFO: NOD: 21683 document: file:///C:/Users/74993/Desktop/毕设/wll论文/java-language-server2/outputDir/DEF/cr/DEF_1680.java
Sep 28, 2025 4:54:55 PM org.javacs.JavaLanguageServer findReferences
INFO: DEF: 1679 document: file:///C:/Users/74993/Desktop/毕设/wll论文/java-language-server2/outputDir/DEF/cr/DEF_1680.java
Sep 28, 2025 4:54:55 PM org.javacs.JavaLanguageServer findReferences
INFO: OCC: 12892 document: file:///C:/Users/74993/Desktop/毕设/wll论文/java-language-server2/outputDir/DEF/cr/DEF_1680.java
Sep 28, 2025 4:54:55 PM org.javacs.JavaLanguageServer findReferences
INFO: LOC: 8977 document: file:///C:/Users/74993/Desktop/毕设/wll论文/java-language-server2/outputDir/DEF/cr/DEF_1680.java
Sep 28, 2025 4:54:55 PM org.javacs.ScanClassPath jdkTopLevelClasses
INFO: Searching for top-level classes in the JDK
Sep 28, 2025 4:54:55 PM org.javacs.ScanClassPath jdkTopLevelClasses
INFO: Found 15005 classes in the java platform
Sep 28, 2025 4:54:55 PM org.javacs.ScanClassPath classPathTopLevelClasses
INFO: Searching for top-level classes in 0 classpath locations
Sep 28, 2025 4:54:55 PM org.javacs.ScanClassPath classPathTopLevelClasses
INFO: Found 0 classes in classpath
Sep 28, 2025 4:54:55 PM org.javacs.ReusableCompiler getTask
WARNING: Options changed from [-classpath, , --add-modules, ALL-MODULE-PATH, -proc:none, -g, -Xlint:cast, -Xlint:deprecation, -Xlint:empty, -Xlint:fallthrough, -Xlint:finally, -Xlint:path, -Xlint:unchecked, -Xlint:varargs, -Xlint:static] to [-classpath, , --add-modules, ALL-MODULE-PATH, -proc:none, -g, -Xlint:cast, -Xlint:deprecation, -Xlint:empty, -Xlint:fallthrough, -Xlint:finally, -Xlint:path, -Xlint:unchecked, -Xlint:varargs, -Xlint:static], creating new compiler
Sep 28, 2025 4:54:55 PM org.javacs.JavaLanguageServer findReferences
INFO: compile component: 21.1644 document: file:///C:/Users/74993/Desktop/毕设/wll论文/java-language-server2/outputDir/DEF/cr/DEF_1680.java
Sep 28, 2025 4:54:56 PM org.javacs.JavaLanguageServer findReferences
INFO: locate component: 459.717 document: file:///C:/Users/74993/Desktop/毕设/wll论文/java-language-server2/outputDir/DEF/cr/DEF_1680.java
Sep 28, 2025 4:54:56 PM org.javacs.JavaLanguageServer findReferences
INFO: traverse component: 1.0004 document: file:///C:/Users/74993/Desktop/毕设/wll论文/java-language-server2/outputDir/DEF/cr/DEF_1680.java
Sep 28, 2025 4:54:56 PM org.javacs.JavaLanguageServer findReferences
INFO: NOD: 21683 document: file:///C:/Users/74993/Desktop/毕设/wll论文/java-language-server2/outputDir/DEF/cr/DEF_1680.java
Sep 28, 2025 4:54:56 PM org.javacs.JavaLanguageServer findReferences
INFO: DEF: 1679 document: file:///C:/Users/74993/Desktop/毕设/wll论文/java-language-server2/outputDir/DEF/cr/DEF_1680.java
Sep 28, 2025 4:54:56 PM org.javacs.JavaLanguageServer findReferences
INFO: OCC: 12892 document: file:///C:/Users/74993/Desktop/毕设/wll论文/java-language-server2/outputDir/DEF/cr/DEF_1680.java
Sep 28, 2025 4:54:56 PM org.javacs.JavaLanguageServer findReferences
INFO: LOC: 8977 document: file:///C:/Users/74993/Desktop/毕设/wll论文/java-language-server2/outputDir/DEF/cr/DEF_1680.java
Sep 28, 2025 4:54:56 PM org.javacs.ScanClassPath jdkTopLevelClasses
INFO: Searching for top-level classes in the JDK
Sep 28, 2025 4:54:56 PM org.javacs.ScanClassPath jdkTopLevelClasses
INFO: Found 15005 classes in the java platform
Sep 28, 2025 4:54:56 PM org.javacs.ScanClassPath classPathTopLevelClasses
INFO: Searching for top-level classes in 0 classpath locations
Sep 28, 2025 4:54:56 PM org.javacs.ScanClassPath classPathTopLevelClasses
INFO: Found 0 classes in classpath
Sep 28, 2025 4:54:56 PM org.javacs.ReusableCompiler getTask
WARNING: Options changed from [-classpath, , --add-modules, ALL-MODULE-PATH, -proc:none, -g, -Xlint:cast, -Xlint:deprecation, -Xlint:empty, -Xlint:fallthrough, -Xlint:finally, -Xlint:path, -Xlint:unchecked, -Xlint:varargs, -Xlint:static] to [-classpath, , --add-modules, ALL-MODULE-PATH, -proc:none, -g, -Xlint:cast, -Xlint:deprecation, -Xlint:empty, -Xlint:fallthrough, -Xlint:finally, -Xlint:path, -Xlint:unchecked, -Xlint:varargs, -Xlint:static], creating new compiler
Sep 28, 2025 4:54:56 PM org.javacs.JavaLanguageServer findReferences
INFO: compile component: 21.0532 document: file:///C:/Users/74993/Desktop/毕设/wll论文/java-language-server2/outputDir/DEF/cr/DEF_1680.java
Sep 28, 2025 4:54:57 PM org.javacs.JavaLanguageServer findReferences
INFO: locate component: 444.6836 document: file:///C:/Users/74993/Desktop/毕设/wll论文/java-language-server2/outputDir/DEF/cr/DEF_1680.java
Sep 28, 2025 4:54:57 PM org.javacs.JavaLanguageServer findReferences
INFO: traverse component: 0.0 document: file:///C:/Users/74993/Desktop/毕设/wll论文/java-language-server2/outputDir/DEF/cr/DEF_1680.java
Sep 28, 2025 4:54:57 PM org.javacs.JavaLanguageServer findReferences
INFO: NOD: 21683 document: file:///C:/Users/74993/Desktop/毕设/wll论文/java-language-server2/outputDir/DEF/cr/DEF_1680.java
Sep 28, 2025 4:54:57 PM org.javacs.JavaLanguageServer findReferences
INFO: DEF: 1679 document: file:///C:/Users/74993/Desktop/毕设/wll论文/java-language-server2/outputDir/DEF/cr/DEF_1680.java
Sep 28, 2025 4:54:57 PM org.javacs.JavaLanguageServer findReferences
INFO: OCC: 12892 document: file:///C:/Users/74993/Desktop/毕设/wll论文/java-language-server2/outputDir/DEF/cr/DEF_1680.java
Sep 28, 2025 4:54:57 PM org.javacs.JavaLanguageServer findReferences
INFO: LOC: 8977 document: file:///C:/Users/74993/Desktop/毕设/wll论文/java-language-server2/outputDir/DEF/cr/DEF_1680.java
Sep 28, 2025 4:54:57 PM org.javacs.ScanClassPath jdkTopLevelClasses
INFO: Searching for top-level classes in the JDK
Sep 28, 2025 4:54:57 PM org.javacs.ScanClassPath jdkTopLevelClasses
INFO: Found 15005 classes in the java platform
Sep 28, 2025 4:54:57 PM org.javacs.ScanClassPath classPathTopLevelClasses
INFO: Searching for top-level classes in 0 classpath locations
Sep 28, 2025 4:54:57 PM org.javacs.ScanClassPath classPathTopLevelClasses
INFO: Found 0 classes in classpath
Sep 28, 2025 4:54:57 PM org.javacs.ReusableCompiler getTask
WARNING: Options changed from [-classpath, , --add-modules, ALL-MODULE-PATH, -proc:none, -g, -Xlint:cast, -Xlint:deprecation, -Xlint:empty, -Xlint:fallthrough, -Xlint:finally, -Xlint:path, -Xlint:unchecked, -Xlint:varargs, -Xlint:static] to [-classpath, , --add-modules, ALL-MODULE-PATH, -proc:none, -g, -Xlint:cast, -Xlint:deprecation, -Xlint:empty, -Xlint:fallthrough, -Xlint:finally, -Xlint:path, -Xlint:unchecked, -Xlint:varargs, -Xlint:static], creating new compiler
Sep 28, 2025 4:54:57 PM org.javacs.JavaLanguageServer findReferences
INFO: compile component: 24.0159 document: file:///C:/Users/74993/Desktop/毕设/wll论文/java-language-server2/outputDir/DEF/cr/DEF_1680.java
Sep 28, 2025 4:54:57 PM org.javacs.JavaLanguageServer findReferences
INFO: locate component: 405.2971 document: file:///C:/Users/74993/Desktop/毕设/wll论文/java-language-server2/outputDir/DEF/cr/DEF_1680.java
Sep 28, 2025 4:54:57 PM org.javacs.JavaLanguageServer findReferences
INFO: traverse component: 0.0 document: file:///C:/Users/74993/Desktop/毕设/wll论文/java-language-server2/outputDir/DEF/cr/DEF_1680.java
Sep 28, 2025 4:54:57 PM org.javacs.JavaLanguageServer findReferences
INFO: NOD: 21683 document: file:///C:/Users/74993/Desktop/毕设/wll论文/java-language-server2/outputDir/DEF/cr/DEF_1680.java
Sep 28, 2025 4:54:57 PM org.javacs.JavaLanguageServer findReferences
INFO: DEF: 1679 document: file:///C:/Users/74993/Desktop/毕设/wll论文/java-language-server2/outputDir/DEF/cr/DEF_1680.java
Sep 28, 2025 4:54:57 PM org.javacs.JavaLanguageServer findReferences
INFO: OCC: 12892 document: file:///C:/Users/74993/Desktop/毕设/wll论文/java-language-server2/outputDir/DEF/cr/DEF_1680.java
Sep 28, 2025 4:54:57 PM org.javacs.JavaLanguageServer findReferences
INFO: LOC: 8977 document: file:///C:/Users/74993/Desktop/毕设/wll论文/java-language-server2/outputDir/DEF/cr/DEF_1680.java
Sep 28, 2025 4:54:57 PM org.javacs.ScanClassPath jdkTopLevelClasses
INFO: Searching for top-level classes in the JDK
Sep 28, 2025 4:54:57 PM org.javacs.ScanClassPath jdkTopLevelClasses
INFO: Found 15005 classes in the java platform
Sep 28, 2025 4:54:57 PM org.javacs.ScanClassPath classPathTopLevelClasses
INFO: Searching for top-level classes in 0 classpath locations
Sep 28, 2025 4:54:57 PM org.javacs.ScanClassPath classPathTopLevelClasses
INFO: Found 0 classes in classpath
Sep 28, 2025 4:54:57 PM org.javacs.ReusableCompiler getTask
WARNING: Options changed from [-classpath, , --add-modules, ALL-MODULE-PATH, -proc:none, -g, -Xlint:cast, -Xlint:deprecation, -Xlint:empty, -Xlint:fallthrough, -Xlint:finally, -Xlint:path, -Xlint:unchecked, -Xlint:varargs, -Xlint:static] to [-classpath, , --add-modules, ALL-MODULE-PATH, -proc:none, -g, -Xlint:cast, -Xlint:deprecation, -Xlint:empty, -Xlint:fallthrough, -Xlint:finally, -Xlint:path, -Xlint:unchecked, -Xlint:varargs, -Xlint:static], creating new compiler
Sep 28, 2025 4:54:57 PM org.javacs.JavaLanguageServer findReferences
INFO: compile component: 20.5995 document: file:///C:/Users/74993/Desktop/毕设/wll论文/java-language-server2/outputDir/DEF/cr/DEF_1680.java
Sep 28, 2025 4:54:58 PM org.javacs.JavaLanguageServer findReferences
INFO: locate component: 389.1114 document: file:///C:/Users/74993/Desktop/毕设/wll论文/java-language-server2/outputDir/DEF/cr/DEF_1680.java
Sep 28, 2025 4:54:58 PM org.javacs.JavaLanguageServer findReferences
INFO: traverse component: 0.0 document: file:///C:/Users/74993/Desktop/毕设/wll论文/java-language-server2/outputDir/DEF/cr/DEF_1680.java
Sep 28, 2025 4:54:58 PM org.javacs.JavaLanguageServer findReferences
INFO: NOD: 21683 document: file:///C:/Users/74993/Desktop/毕设/wll论文/java-language-server2/outputDir/DEF/cr/DEF_1680.java
Sep 28, 2025 4:54:58 PM org.javacs.JavaLanguageServer findReferences
INFO: DEF: 1679 document: file:///C:/Users/74993/Desktop/毕设/wll论文/java-language-server2/outputDir/DEF/cr/DEF_1680.java
Sep 28, 2025 4:54:58 PM org.javacs.JavaLanguageServer findReferences
INFO: OCC: 12892 document: file:///C:/Users/74993/Desktop/毕设/wll论文/java-language-server2/outputDir/DEF/cr/DEF_1680.java
Sep 28, 2025 4:54:58 PM org.javacs.JavaLanguageServer findReferences
INFO: LOC: 8977 document: file:///C:/Users/74993/Desktop/毕设/wll论文/java-language-server2/outputDir/DEF/cr/DEF_1680.java
Sep 28, 2025 4:54:58 PM org.javacs.JavaLanguageServer didOpenTextDocument
INFO: #didOpenTextDocument# try call goto {"context":{"includeDeclaration":false},"textDocument":{"uri":"file:///C:/Users/74993/Desktop/%E6%AF%95%E8%AE%BE/wll%E8%AE%BA%E6%96%87/java-language-server2/outputDir/DEF/cr/DEF_1680.java"},"position":{"line":73,"character":31}}
Sep 28, 2025 4:54:58 PM org.javacs.JavaCompilerService compileBatch
INFO: ...using cached compile
Sep 28, 2025 4:54:58 PM org.javacs.JavaLanguageServer gotoDefinition
INFO: gotoDefinition: 431.9503 document: file:///C:/Users/74993/Desktop/毕设/wll论文/java-language-server2/outputDir/DEF/cr/DEF_1680.java
Sep 28, 2025 4:54:58 PM org.javacs.JavaCompilerService compileBatch
INFO: ...using cached compile
Sep 28, 2025 4:54:59 PM org.javacs.JavaLanguageServer gotoDefinition
INFO: gotoDefinition: 438.0937 document: file:///C:/Users/74993/Desktop/毕设/wll论文/java-language-server2/outputDir/DEF/cr/DEF_1680.java
Sep 28, 2025 4:54:59 PM org.javacs.JavaCompilerService compileBatch
INFO: ...using cached compile
Sep 28, 2025 4:54:59 PM org.javacs.JavaLanguageServer gotoDefinition
INFO: gotoDefinition: 442.542 document: file:///C:/Users/74993/Desktop/毕设/wll论文/java-language-server2/outputDir/DEF/cr/DEF_1680.java
Sep 28, 2025 4:54:59 PM org.javacs.JavaCompilerService compileBatch
INFO: ...using cached compile
Sep 28, 2025 4:55:00 PM org.javacs.JavaLanguageServer gotoDefinition
INFO: gotoDefinition: 448.0859 document: file:///C:/Users/74993/Desktop/毕设/wll论文/java-language-server2/outputDir/DEF/cr/DEF_1680.java
Sep 28, 2025 4:55:00 PM org.javacs.JavaCompilerService compileBatch
INFO: ...using cached compile
Sep 28, 2025 4:55:00 PM org.javacs.JavaLanguageServer gotoDefinition
INFO: gotoDefinition: 379.741 document: file:///C:/Users/74993/Desktop/毕设/wll论文/java-language-server2/outputDir/DEF/cr/DEF_1680.java
Sep 28, 2025 4:55:00 PM org.javacs.JavaLanguageServer didOpenTextDocument
INFO: #didOpenTextDocument# try call rename {"context":{"includeDeclaration":false},"textDocument":{"uri":"file:///C:/Users/74993/Desktop/%E6%AF%95%E8%AE%BE/wll%E8%AE%BA%E6%96%87/java-language-server2/outputDir/DEF/cr/DEF_1680.java"},"position":{"line":73,"character":31}}
Sep 28, 2025 4:55:00 PM org.javacs.JavaCompilerService compileBatch
INFO: ...using cached compile
Sep 28, 2025 4:55:01 PM org.javacs.JavaLanguageServer rename
INFO: rename: 455.441 document: file:///C:/Users/74993/Desktop/毕设/wll论文/java-language-server2/outputDir/DEF/cr/DEF_1680.java
Sep 28, 2025 4:55:01 PM org.javacs.JavaCompilerService compileBatch
INFO: ...using cached compile
Sep 28, 2025 4:55:01 PM org.javacs.JavaLanguageServer rename
INFO: rename: 443.6917 document: file:///C:/Users/74993/Desktop/毕设/wll论文/java-language-server2/outputDir/DEF/cr/DEF_1680.java
Sep 28, 2025 4:55:01 PM org.javacs.JavaCompilerService compileBatch
INFO: ...using cached compile
Sep 28, 2025 4:55:01 PM org.javacs.JavaLanguageServer rename
INFO: rename: 463.3924 document: file:///C:/Users/74993/Desktop/毕设/wll论文/java-language-server2/outputDir/DEF/cr/DEF_1680.java
Sep 28, 2025 4:55:01 PM org.javacs.JavaCompilerService compileBatch
INFO: ...using cached compile
Sep 28, 2025 4:55:02 PM org.javacs.JavaLanguageServer rename
INFO: rename: 465.217 document: file:///C:/Users/74993/Desktop/毕设/wll论文/java-language-server2/outputDir/DEF/cr/DEF_1680.java
Sep 28, 2025 4:55:02 PM org.javacs.JavaCompilerService compileBatch
INFO: ...using cached compile
Sep 28, 2025 4:55:02 PM org.javacs.JavaLanguageServer rename
INFO: rename: 473.8109 document: file:///C:/Users/74993/Desktop/毕设/wll论文/java-language-server2/outputDir/DEF/cr/DEF_1680.java
Sep 28, 2025 4:55:02 PM org.javacs.JavaLanguageServer didOpenTextDocument
INFO: #didOpenTextDocument# try completion {"context":{"includeDeclaration":false},"textDocument":{"uri":"file:///C:/Users/74993/Desktop/%E6%AF%95%E8%AE%BE/wll%E8%AE%BA%E6%96%87/java-language-server2/outputDir/DEF/cr/DEF_1680.java"},"position":{"line":73,"character":31}}
Sep 28, 2025 4:55:02 PM org.javacs.JavaLanguageServer completion
INFO: completion: 41.705 document: file:///C:/Users/74993/Desktop/毕设/wll论文/java-language-server2/outputDir/DEF/cr/DEF_1680.java
Sep 28, 2025 4:55:02 PM org.javacs.JavaLanguageServer completion
INFO: completion: 39.1138 document: file:///C:/Users/74993/Desktop/毕设/wll论文/java-language-server2/outputDir/DEF/cr/DEF_1680.java
Sep 28, 2025 4:55:02 PM org.javacs.JavaLanguageServer completion
INFO: completion: 17.7298 document: file:///C:/Users/74993/Desktop/毕设/wll论文/java-language-server2/outputDir/DEF/cr/DEF_1680.java
Sep 28, 2025 4:55:02 PM org.javacs.JavaLanguageServer completion
INFO: completion: 19.1495 document: file:///C:/Users/74993/Desktop/毕设/wll论文/java-language-server2/outputDir/DEF/cr/DEF_1680.java
Sep 28, 2025 4:55:03 PM org.javacs.JavaLanguageServer completion
INFO: completion: 25.0491 document: file:///C:/Users/74993/Desktop/毕设/wll论文/java-language-server2/outputDir/DEF/cr/DEF_1680.java
Sep 28, 2025 4:55:03 PM org.javacs.JavaLanguageServer didOpenTextDocument
INFO: #didOpenTextDocument# try call goto {"context":{"includeDeclaration":false},"textDocument":{"uri":"file:///C:/Users/74993/Desktop/%E6%AF%95%E8%AE%BE/wll%E8%AE%BA%E6%96%87/java-language-server2/outputDir/DEF/cr/DEF_1680.java"},"position":{"line":8941,"character":26}}
Sep 28, 2025 4:55:03 PM org.javacs.JavaCompilerService findPublicTypeDeclarationInJdk
INFO: ...found jar:file:///C:/Program%20Files/Java/jdk-22/lib/src.zip!/java.base/java/lang/Object.java in module java.base of jdk
Sep 28, 2025 4:55:03 PM org.javacs.JavaLanguageServer gotoDefinition
INFO: gotoDefinition: 529.2081 document: file:///C:/Users/74993/Desktop/毕设/wll论文/java-language-server2/outputDir/DEF/cr/DEF_1680.java
Sep 28, 2025 4:55:03 PM org.javacs.JavaCompilerService compileBatch
INFO: ...using cached compile
Sep 28, 2025 4:55:04 PM org.javacs.JavaCompilerService findPublicTypeDeclarationInJdk
INFO: ...found jar:file:///C:/Program%20Files/Java/jdk-22/lib/src.zip!/java.base/java/lang/Object.java in module java.base of jdk
Sep 28, 2025 4:55:04 PM org.javacs.JavaLanguageServer gotoDefinition
INFO: gotoDefinition: 485.7833 document: file:///C:/Users/74993/Desktop/毕设/wll论文/java-language-server2/outputDir/DEF/cr/DEF_1680.java
Sep 28, 2025 4:55:04 PM org.javacs.JavaCompilerService compileBatch
INFO: ...using cached compile
Sep 28, 2025 4:55:04 PM org.javacs.JavaCompilerService findPublicTypeDeclarationInJdk
INFO: ...found jar:file:///C:/Program%20Files/Java/jdk-22/lib/src.zip!/java.base/java/lang/Object.java in module java.base of jdk
Sep 28, 2025 4:55:04 PM org.javacs.JavaLanguageServer gotoDefinition
INFO: gotoDefinition: 474.2657 document: file:///C:/Users/74993/Desktop/毕设/wll论文/java-language-server2/outputDir/DEF/cr/DEF_1680.java
Sep 28, 2025 4:55:04 PM org.javacs.JavaCompilerService compileBatch
INFO: ...using cached compile
Sep 28, 2025 4:55:04 PM org.javacs.JavaCompilerService findPublicTypeDeclarationInJdk
INFO: ...found jar:file:///C:/Program%20Files/Java/jdk-22/lib/src.zip!/java.base/java/lang/Object.java in module java.base of jdk
Sep 28, 2025 4:55:04 PM org.javacs.JavaLanguageServer gotoDefinition
INFO: gotoDefinition: 488.6443 document: file:///C:/Users/74993/Desktop/毕设/wll论文/java-language-server2/outputDir/DEF/cr/DEF_1680.java
Sep 28, 2025 4:55:04 PM org.javacs.JavaCompilerService compileBatch
INFO: ...using cached compile
Sep 28, 2025 4:55:05 PM org.javacs.JavaCompilerService findPublicTypeDeclarationInJdk
INFO: ...found jar:file:///C:/Program%20Files/Java/jdk-22/lib/src.zip!/java.base/java/lang/Object.java in module java.base of jdk
Sep 28, 2025 4:55:05 PM org.javacs.JavaLanguageServer gotoDefinition
INFO: gotoDefinition: 497.0399 document: file:///C:/Users/74993/Desktop/毕设/wll论文/java-language-server2/outputDir/DEF/cr/DEF_1680.java
Sep 28, 2025 4:55:05 PM org.javacs.JavaLanguageServer didOpenTextDocument
INFO: #didOpenTextDocument# try call rename {"context":{"includeDeclaration":false},"textDocument":{"uri":"file:///C:/Users/74993/Desktop/%E6%AF%95%E8%AE%BE/wll%E8%AE%BA%E6%96%87/java-language-server2/outputDir/DEF/cr/DEF_1680.java"},"position":{"line":8941,"character":26}}
Sep 28, 2025 4:55:05 PM org.javacs.JavaCompilerService compileBatch
INFO: ...using cached compile
Sep 28, 2025 4:55:05 PM org.javacs.JavaLanguageServer rename
INFO: rename: 495.5923 document: file:///C:/Users/74993/Desktop/毕设/wll论文/java-language-server2/outputDir/DEF/cr/DEF_1680.java
Sep 28, 2025 4:55:05 PM org.javacs.JavaCompilerService compileBatch
INFO: ...using cached compile
Sep 28, 2025 4:55:06 PM org.javacs.JavaLanguageServer rename
INFO: rename: 478.9096 document: file:///C:/Users/74993/Desktop/毕设/wll论文/java-language-server2/outputDir/DEF/cr/DEF_1680.java
Sep 28, 2025 4:55:06 PM org.javacs.JavaCompilerService compileBatch
INFO: ...using cached compile
Sep 28, 2025 4:55:06 PM org.javacs.JavaLanguageServer rename
INFO: rename: 466.2014 document: file:///C:/Users/74993/Desktop/毕设/wll论文/java-language-server2/outputDir/DEF/cr/DEF_1680.java
Sep 28, 2025 4:55:06 PM org.javacs.JavaCompilerService compileBatch
INFO: ...using cached compile
Sep 28, 2025 4:55:07 PM org.javacs.JavaLanguageServer rename
INFO: rename: 458.2459 document: file:///C:/Users/74993/Desktop/毕设/wll论文/java-language-server2/outputDir/DEF/cr/DEF_1680.java
Sep 28, 2025 4:55:07 PM org.javacs.JavaCompilerService compileBatch
INFO: ...using cached compile
Sep 28, 2025 4:55:07 PM org.javacs.JavaLanguageServer rename
INFO: rename: 439.8779 document: file:///C:/Users/74993/Desktop/毕设/wll论文/java-language-server2/outputDir/DEF/cr/DEF_1680.java
Sep 28, 2025 4:55:07 PM org.javacs.JavaLanguageServer didOpenTextDocument
INFO: #didOpenTextDocument# try completion {"context":{"includeDeclaration":false},"textDocument":{"uri":"file:///C:/Users/74993/Desktop/%E6%AF%95%E8%AE%BE/wll%E8%AE%BA%E6%96%87/java-language-server2/outputDir/DEF/cr/DEF_1680.java"},"position":{"line":8941,"character":26}}
Sep 28, 2025 4:55:07 PM org.javacs.JavaLanguageServer completion
INFO: completion: 26.3722 document: file:///C:/Users/74993/Desktop/毕设/wll论文/java-language-server2/outputDir/DEF/cr/DEF_1680.java
Sep 28, 2025 4:55:07 PM org.javacs.JavaLanguageServer completion
INFO: completion: 24.646 document: file:///C:/Users/74993/Desktop/毕设/wll论文/java-language-server2/outputDir/DEF/cr/DEF_1680.java
Sep 28, 2025 4:55:07 PM org.javacs.JavaLanguageServer completion
INFO: completion: 24.7714 document: file:///C:/Users/74993/Desktop/毕设/wll论文/java-language-server2/outputDir/DEF/cr/DEF_1680.java
Sep 28, 2025 4:55:07 PM org.javacs.JavaLanguageServer completion
INFO: completion: 24.052 document: file:///C:/Users/74993/Desktop/毕设/wll论文/java-language-server2/outputDir/DEF/cr/DEF_1680.java
Sep 28, 2025 4:55:07 PM org.javacs.JavaLanguageServer completion
INFO: completion: 22.7361 document: file:///C:/Users/74993/Desktop/毕设/wll论文/java-language-server2/outputDir/DEF/cr/DEF_1680.java
Sep 28, 2025 4:55:08 PM org.javacs.JavaLanguageServer didOpenTextDocument
INFO: #didOpenTextDocument# try call reference {"context":{"includeDeclaration":false},"textDocument":{"uri":"file:///C:/Users/74993/Desktop/%E6%AF%95%E8%AE%BE/wll%E8%AE%BA%E6%96%87/java-language-server2/outputDir/DEF/cs/DEF_1760.java"},"position":{"line":73,"character":31}}
Sep 28, 2025 4:55:08 PM org.javacs.ScanClassPath jdkTopLevelClasses
INFO: Searching for top-level classes in the JDK
Sep 28, 2025 4:55:08 PM org.javacs.ScanClassPath jdkTopLevelClasses
INFO: Found 15005 classes in the java platform
Sep 28, 2025 4:55:08 PM org.javacs.ScanClassPath classPathTopLevelClasses
INFO: Searching for top-level classes in 0 classpath locations
Sep 28, 2025 4:55:08 PM org.javacs.ScanClassPath classPathTopLevelClasses
INFO: Found 0 classes in classpath
Sep 28, 2025 4:55:08 PM org.javacs.ReusableCompiler getTask
WARNING: Options changed from [-classpath, , --add-modules, ALL-MODULE-PATH, -proc:none, -g, -Xlint:cast, -Xlint:deprecation, -Xlint:empty, -Xlint:fallthrough, -Xlint:finally, -Xlint:path, -Xlint:unchecked, -Xlint:varargs, -Xlint:static] to [-classpath, , --add-modules, ALL-MODULE-PATH, -proc:none, -g, -Xlint:cast, -Xlint:deprecation, -Xlint:empty, -Xlint:fallthrough, -Xlint:finally, -Xlint:path, -Xlint:unchecked, -Xlint:varargs, -Xlint:static], creating new compiler
Sep 28, 2025 4:55:08 PM org.javacs.JavaLanguageServer findReferences
INFO: compile component: 32.2428 document: file:///C:/Users/74993/Desktop/毕设/wll论文/java-language-server2/outputDir/DEF/cs/DEF_1760.java
Sep 28, 2025 4:55:08 PM org.javacs.JavaLanguageServer findReferences
INFO: locate component: 352.9249 document: file:///C:/Users/74993/Desktop/毕设/wll论文/java-language-server2/outputDir/DEF/cs/DEF_1760.java
Sep 28, 2025 4:55:08 PM org.javacs.JavaLanguageServer findReferences
INFO: traverse component: 0.0 document: file:///C:/Users/74993/Desktop/毕设/wll论文/java-language-server2/outputDir/DEF/cs/DEF_1760.java
Sep 28, 2025 4:55:08 PM org.javacs.JavaLanguageServer findReferences
INFO: NOD: 23087 document: file:///C:/Users/74993/Desktop/毕设/wll论文/java-language-server2/outputDir/DEF/cs/DEF_1760.java
Sep 28, 2025 4:55:08 PM org.javacs.JavaLanguageServer findReferences
INFO: DEF: 1760 document: file:///C:/Users/74993/Desktop/毕设/wll论文/java-language-server2/outputDir/DEF/cs/DEF_1760.java
Sep 28, 2025 4:55:08 PM org.javacs.JavaLanguageServer findReferences
INFO: OCC: 13585 document: file:///C:/Users/74993/Desktop/毕设/wll论文/java-language-server2/outputDir/DEF/cs/DEF_1760.java
Sep 28, 2025 4:55:08 PM org.javacs.JavaLanguageServer findReferences
INFO: LOC: 9962 document: file:///C:/Users/74993/Desktop/毕设/wll论文/java-language-server2/outputDir/DEF/cs/DEF_1760.java
Sep 28, 2025 4:55:08 PM org.javacs.ScanClassPath jdkTopLevelClasses
INFO: Searching for top-level classes in the JDK
Sep 28, 2025 4:55:08 PM org.javacs.ScanClassPath jdkTopLevelClasses
INFO: Found 15005 classes in the java platform
Sep 28, 2025 4:55:08 PM org.javacs.ScanClassPath classPathTopLevelClasses
INFO: Searching for top-level classes in 0 classpath locations
Sep 28, 2025 4:55:08 PM org.javacs.ScanClassPath classPathTopLevelClasses
INFO: Found 0 classes in classpath
Sep 28, 2025 4:55:08 PM org.javacs.ReusableCompiler getTask
WARNING: Options changed from [-classpath, , --add-modules, ALL-MODULE-PATH, -proc:none, -g, -Xlint:cast, -Xlint:deprecation, -Xlint:empty, -Xlint:fallthrough, -Xlint:finally, -Xlint:path, -Xlint:unchecked, -Xlint:varargs, -Xlint:static] to [-classpath, , --add-modules, ALL-MODULE-PATH, -proc:none, -g, -Xlint:cast, -Xlint:deprecation, -Xlint:empty, -Xlint:fallthrough, -Xlint:finally, -Xlint:path, -Xlint:unchecked, -Xlint:varargs, -Xlint:static], creating new compiler
Sep 28, 2025 4:55:08 PM org.javacs.JavaLanguageServer findReferences
INFO: compile component: 16.4797 document: file:///C:/Users/74993/Desktop/毕设/wll论文/java-language-server2/outputDir/DEF/cs/DEF_1760.java
Sep 28, 2025 4:55:09 PM org.javacs.JavaLanguageServer findReferences
INFO: locate component: 368.1025 document: file:///C:/Users/74993/Desktop/毕设/wll论文/java-language-server2/outputDir/DEF/cs/DEF_1760.java
Sep 28, 2025 4:55:09 PM org.javacs.JavaLanguageServer findReferences
INFO: traverse component: 0.0 document: file:///C:/Users/74993/Desktop/毕设/wll论文/java-language-server2/outputDir/DEF/cs/DEF_1760.java
Sep 28, 2025 4:55:09 PM org.javacs.JavaLanguageServer findReferences
INFO: NOD: 23087 document: file:///C:/Users/74993/Desktop/毕设/wll论文/java-language-server2/outputDir/DEF/cs/DEF_1760.java
Sep 28, 2025 4:55:09 PM org.javacs.JavaLanguageServer findReferences
INFO: DEF: 1760 document: file:///C:/Users/74993/Desktop/毕设/wll论文/java-language-server2/outputDir/DEF/cs/DEF_1760.java
Sep 28, 2025 4:55:09 PM org.javacs.JavaLanguageServer findReferences
INFO: OCC: 13585 document: file:///C:/Users/74993/Desktop/毕设/wll论文/java-language-server2/outputDir/DEF/cs/DEF_1760.java
Sep 28, 2025 4:55:09 PM org.javacs.JavaLanguageServer findReferences
INFO: LOC: 9962 document: file:///C:/Users/74993/Desktop/毕设/wll论文/java-language-server2/outputDir/DEF/cs/DEF_1760.java
Sep 28, 2025 4:55:09 PM org.javacs.ScanClassPath jdkTopLevelClasses
INFO: Searching for top-level classes in the JDK
Sep 28, 2025 4:55:09 PM org.javacs.ScanClassPath jdkTopLevelClasses
INFO: Found 15005 classes in the java platform
Sep 28, 2025 4:55:09 PM org.javacs.ScanClassPath classPathTopLevelClasses
INFO: Searching for top-level classes in 0 classpath locations
Sep 28, 2025 4:55:09 PM org.javacs.ScanClassPath classPathTopLevelClasses
INFO: Found 0 classes in classpath
Sep 28, 2025 4:55:09 PM org.javacs.ReusableCompiler getTask
WARNING: Options changed from [-classpath, , --add-modules, ALL-MODULE-PATH, -proc:none, -g, -Xlint:cast, -Xlint:deprecation, -Xlint:empty, -Xlint:fallthrough, -Xlint:finally, -Xlint:path, -Xlint:unchecked, -Xlint:varargs, -Xlint:static] to [-classpath, , --add-modules, ALL-MODULE-PATH, -proc:none, -g, -Xlint:cast, -Xlint:deprecation, -Xlint:empty, -Xlint:fallthrough, -Xlint:finally, -Xlint:path, -Xlint:unchecked, -Xlint:varargs, -Xlint:static], creating new compiler
Sep 28, 2025 4:55:09 PM org.javacs.JavaLanguageServer findReferences
INFO: compile component: 25.6167 document: file:///C:/Users/74993/Desktop/毕设/wll论文/java-language-server2/outputDir/DEF/cs/DEF_1760.java
Sep 28, 2025 4:55:09 PM org.javacs.JavaLanguageServer findReferences
INFO: locate component: 344.5651 document: file:///C:/Users/74993/Desktop/毕设/wll论文/java-language-server2/outputDir/DEF/cs/DEF_1760.java
Sep 28, 2025 4:55:09 PM org.javacs.JavaLanguageServer findReferences
INFO: traverse component: 0.0 document: file:///C:/Users/74993/Desktop/毕设/wll论文/java-language-server2/outputDir/DEF/cs/DEF_1760.java
Sep 28, 2025 4:55:09 PM org.javacs.JavaLanguageServer findReferences
INFO: NOD: 23087 document: file:///C:/Users/74993/Desktop/毕设/wll论文/java-language-server2/outputDir/DEF/cs/DEF_1760.java
Sep 28, 2025 4:55:09 PM org.javacs.JavaLanguageServer findReferences
INFO: DEF: 1760 document: file:///C:/Users/74993/Desktop/毕设/wll论文/java-language-server2/outputDir/DEF/cs/DEF_1760.java
Sep 28, 2025 4:55:09 PM org.javacs.JavaLanguageServer findReferences
INFO: OCC: 13585 document: file:///C:/Users/74993/Desktop/毕设/wll论文/java-language-server2/outputDir/DEF/cs/DEF_1760.java
Sep 28, 2025 4:55:09 PM org.javacs.JavaLanguageServer findReferences
INFO: LOC: 9962 document: file:///C:/Users/74993/Desktop/毕设/wll论文/java-language-server2/outputDir/DEF/cs/DEF_1760.java
Sep 28, 2025 4:55:09 PM org.javacs.ScanClassPath jdkTopLevelClasses
INFO: Searching for top-level classes in the JDK
Sep 28, 2025 4:55:09 PM org.javacs.ScanClassPath jdkTopLevelClasses
INFO: Found 15005 classes in the java platform
Sep 28, 2025 4:55:09 PM org.javacs.ScanClassPath classPathTopLevelClasses
INFO: Searching for top-level classes in 0 classpath locations
Sep 28, 2025 4:55:09 PM org.javacs.ScanClassPath classPathTopLevelClasses
INFO: Found 0 classes in classpath
Sep 28, 2025 4:55:09 PM org.javacs.ReusableCompiler getTask
WARNING: Options changed from [-classpath, , --add-modules, ALL-MODULE-PATH, -proc:none, -g, -Xlint:cast, -Xlint:deprecation, -Xlint:empty, -Xlint:fallthrough, -Xlint:finally, -Xlint:path, -Xlint:unchecked, -Xlint:varargs, -Xlint:static] to [-classpath, , --add-modules, ALL-MODULE-PATH, -proc:none, -g, -Xlint:cast, -Xlint:deprecation, -Xlint:empty, -Xlint:fallthrough, -Xlint:finally, -Xlint:path, -Xlint:unchecked, -Xlint:varargs, -Xlint:static], creating new compiler
Sep 28, 2025 4:55:09 PM org.javacs.JavaLanguageServer findReferences
INFO: compile component: 16.5214 document: file:///C:/Users/74993/Desktop/毕设/wll论文/java-language-server2/outputDir/DEF/cs/DEF_1760.java
Sep 28, 2025 4:55:10 PM org.javacs.JavaLanguageServer findReferences
INFO: locate component: 349.8257 document: file:///C:/Users/74993/Desktop/毕设/wll论文/java-language-server2/outputDir/DEF/cs/DEF_1760.java
Sep 28, 2025 4:55:10 PM org.javacs.JavaLanguageServer findReferences
INFO: traverse component: 1.0133 document: file:///C:/Users/74993/Desktop/毕设/wll论文/java-language-server2/outputDir/DEF/cs/DEF_1760.java
Sep 28, 2025 4:55:10 PM org.javacs.JavaLanguageServer findReferences
INFO: NOD: 23087 document: file:///C:/Users/74993/Desktop/毕设/wll论文/java-language-server2/outputDir/DEF/cs/DEF_1760.java
Sep 28, 2025 4:55:10 PM org.javacs.JavaLanguageServer findReferences
INFO: DEF: 1760 document: file:///C:/Users/74993/Desktop/毕设/wll论文/java-language-server2/outputDir/DEF/cs/DEF_1760.java
Sep 28, 2025 4:55:10 PM org.javacs.JavaLanguageServer findReferences
INFO: OCC: 13585 document: file:///C:/Users/74993/Desktop/毕设/wll论文/java-language-server2/outputDir/DEF/cs/DEF_1760.java
Sep 28, 2025 4:55:10 PM org.javacs.JavaLanguageServer findReferences
INFO: LOC: 9962 document: file:///C:/Users/74993/Desktop/毕设/wll论文/java-language-server2/outputDir/DEF/cs/DEF_1760.java
Sep 28, 2025 4:55:10 PM org.javacs.ScanClassPath jdkTopLevelClasses
INFO: Searching for top-level classes in the JDK
Sep 28, 2025 4:55:10 PM org.javacs.ScanClassPath jdkTopLevelClasses
INFO: Found 15005 classes in the java platform
Sep 28, 2025 4:55:10 PM org.javacs.ScanClassPath classPathTopLevelClasses
INFO: Searching for top-level classes in 0 classpath locations
Sep 28, 2025 4:55:10 PM org.javacs.ScanClassPath classPathTopLevelClasses
INFO: Found 0 classes in classpath
Sep 28, 2025 4:55:10 PM org.javacs.ReusableCompiler getTask
WARNING: Options changed from [-classpath, , --add-modules, ALL-MODULE-PATH, -proc:none, -g, -Xlint:cast, -Xlint:deprecation, -Xlint:empty, -Xlint:fallthrough, -Xlint:finally, -Xlint:path, -Xlint:unchecked, -Xlint:varargs, -Xlint:static] to [-classpath, , --add-modules, ALL-MODULE-PATH, -proc:none, -g, -Xlint:cast, -Xlint:deprecation, -Xlint:empty, -Xlint:fallthrough, -Xlint:finally, -Xlint:path, -Xlint:unchecked, -Xlint:varargs, -Xlint:static], creating new compiler
Sep 28, 2025 4:55:10 PM org.javacs.JavaLanguageServer findReferences
INFO: compile component: 15.6205 document: file:///C:/Users/74993/Desktop/毕设/wll论文/java-language-server2/outputDir/DEF/cs/DEF_1760.java
Sep 28, 2025 4:55:10 PM org.javacs.JavaLanguageServer findReferences
INFO: locate component: 353.1078 document: file:///C:/Users/74993/Desktop/毕设/wll论文/java-language-server2/outputDir/DEF/cs/DEF_1760.java
Sep 28, 2025 4:55:10 PM org.javacs.JavaLanguageServer findReferences
INFO: traverse component: 0.0 document: file:///C:/Users/74993/Desktop/毕设/wll论文/java-language-server2/outputDir/DEF/cs/DEF_1760.java
Sep 28, 2025 4:55:10 PM org.javacs.JavaLanguageServer findReferences
INFO: NOD: 23087 document: file:///C:/Users/74993/Desktop/毕设/wll论文/java-language-server2/outputDir/DEF/cs/DEF_1760.java
Sep 28, 2025 4:55:10 PM org.javacs.JavaLanguageServer findReferences
INFO: DEF: 1760 document: file:///C:/Users/74993/Desktop/毕设/wll论文/java-language-server2/outputDir/DEF/cs/DEF_1760.java
Sep 28, 2025 4:55:10 PM org.javacs.JavaLanguageServer findReferences
INFO: OCC: 13585 document: file:///C:/Users/74993/Desktop/毕设/wll论文/java-language-server2/outputDir/DEF/cs/DEF_1760.java
Sep 28, 2025 4:55:10 PM org.javacs.JavaLanguageServer findReferences
INFO: LOC: 9962 document: file:///C:/Users/74993/Desktop/毕设/wll论文/java-language-server2/outputDir/DEF/cs/DEF_1760.java
Sep 28, 2025 4:55:10 PM org.javacs.JavaLanguageServer didOpenTextDocument
INFO: #didOpenTextDocument# try call goto {"context":{"includeDeclaration":false},"textDocument":{"uri":"file:///C:/Users/74993/Desktop/%E6%AF%95%E8%AE%BE/wll%E8%AE%BA%E6%96%87/java-language-server2/outputDir/DEF/cs/DEF_1760.java"},"position":{"line":73,"character":31}}
Sep 28, 2025 4:55:10 PM org.javacs.JavaCompilerService compileBatch
INFO: ...using cached compile
Sep 28, 2025 4:55:11 PM org.javacs.JavaLanguageServer gotoDefinition
INFO: gotoDefinition: 366.0442 document: file:///C:/Users/74993/Desktop/毕设/wll论文/java-language-server2/outputDir/DEF/cs/DEF_1760.java
Sep 28, 2025 4:55:11 PM org.javacs.JavaCompilerService compileBatch
INFO: ...using cached compile
Sep 28, 2025 4:55:11 PM org.javacs.JavaLanguageServer gotoDefinition
INFO: gotoDefinition: 352.452 document: file:///C:/Users/74993/Desktop/毕设/wll论文/java-language-server2/outputDir/DEF/cs/DEF_1760.java
Sep 28, 2025 4:55:11 PM org.javacs.JavaCompilerService compileBatch
INFO: ...using cached compile
Sep 28, 2025 4:55:12 PM org.javacs.JavaLanguageServer gotoDefinition
INFO: gotoDefinition: 372.8749 document: file:///C:/Users/74993/Desktop/毕设/wll论文/java-language-server2/outputDir/DEF/cs/DEF_1760.java
Sep 28, 2025 4:55:12 PM org.javacs.JavaCompilerService compileBatch
INFO: ...using cached compile
Sep 28, 2025 4:55:12 PM org.javacs.JavaLanguageServer gotoDefinition
INFO: gotoDefinition: 358.6427 document: file:///C:/Users/74993/Desktop/毕设/wll论文/java-language-server2/outputDir/DEF/cs/DEF_1760.java
Sep 28, 2025 4:55:12 PM org.javacs.JavaCompilerService compileBatch
INFO: ...using cached compile
Sep 28, 2025 4:55:12 PM org.javacs.JavaLanguageServer gotoDefinition
INFO: gotoDefinition: 350.4749 document: file:///C:/Users/74993/Desktop/毕设/wll论文/java-language-server2/outputDir/DEF/cs/DEF_1760.java
Sep 28, 2025 4:55:12 PM org.javacs.JavaLanguageServer didOpenTextDocument
INFO: #didOpenTextDocument# try call rename {"context":{"includeDeclaration":false},"textDocument":{"uri":"file:///C:/Users/74993/Desktop/%E6%AF%95%E8%AE%BE/wll%E8%AE%BA%E6%96%87/java-language-server2/outputDir/DEF/cs/DEF_1760.java"},"position":{"line":73,"character":31}}
Sep 28, 2025 4:55:12 PM org.javacs.JavaCompilerService compileBatch
INFO: ...using cached compile
Sep 28, 2025 4:55:13 PM org.javacs.JavaLanguageServer rename
INFO: rename: 332.5901 document: file:///C:/Users/74993/Desktop/毕设/wll论文/java-language-server2/outputDir/DEF/cs/DEF_1760.java
Sep 28, 2025 4:55:13 PM org.javacs.JavaCompilerService compileBatch
INFO: ...using cached compile
Sep 28, 2025 4:55:13 PM org.javacs.JavaLanguageServer rename
INFO: rename: 332.4643 document: file:///C:/Users/74993/Desktop/毕设/wll论文/java-language-server2/outputDir/DEF/cs/DEF_1760.java
Sep 28, 2025 4:55:13 PM org.javacs.JavaCompilerService compileBatch
INFO: ...using cached compile
Sep 28, 2025 4:55:13 PM org.javacs.JavaLanguageServer rename
INFO: rename: 333.4592 document: file:///C:/Users/74993/Desktop/毕设/wll论文/java-language-server2/outputDir/DEF/cs/DEF_1760.java
Sep 28, 2025 4:55:13 PM org.javacs.JavaCompilerService compileBatch
INFO: ...using cached compile
Sep 28, 2025 4:55:14 PM org.javacs.JavaLanguageServer rename
INFO: rename: 354.3546 document: file:///C:/Users/74993/Desktop/毕设/wll论文/java-language-server2/outputDir/DEF/cs/DEF_1760.java
Sep 28, 2025 4:55:14 PM org.javacs.JavaCompilerService compileBatch
INFO: ...using cached compile
Sep 28, 2025 4:55:14 PM org.javacs.JavaLanguageServer rename
INFO: rename: 348.639 document: file:///C:/Users/74993/Desktop/毕设/wll论文/java-language-server2/outputDir/DEF/cs/DEF_1760.java
Sep 28, 2025 4:55:14 PM org.javacs.JavaLanguageServer didOpenTextDocument
INFO: #didOpenTextDocument# try completion {"context":{"includeDeclaration":false},"textDocument":{"uri":"file:///C:/Users/74993/Desktop/%E6%AF%95%E8%AE%BE/wll%E8%AE%BA%E6%96%87/java-language-server2/outputDir/DEF/cs/DEF_1760.java"},"position":{"line":73,"character":31}}
Sep 28, 2025 4:55:14 PM org.javacs.JavaLanguageServer completion
INFO: completion: 26.2357 document: file:///C:/Users/74993/Desktop/毕设/wll论文/java-language-server2/outputDir/DEF/cs/DEF_1760.java
Sep 28, 2025 4:55:14 PM org.javacs.JavaLanguageServer completion
INFO: completion: 31.4639 document: file:///C:/Users/74993/Desktop/毕设/wll论文/java-language-server2/outputDir/DEF/cs/DEF_1760.java
Sep 28, 2025 4:55:14 PM org.javacs.JavaLanguageServer completion
INFO: completion: 17.753 document: file:///C:/Users/74993/Desktop/毕设/wll论文/java-language-server2/outputDir/DEF/cs/DEF_1760.java
Sep 28, 2025 4:55:14 PM org.javacs.JavaLanguageServer completion
INFO: completion: 17.5247 document: file:///C:/Users/74993/Desktop/毕设/wll论文/java-language-server2/outputDir/DEF/cs/DEF_1760.java
Sep 28, 2025 4:55:14 PM org.javacs.JavaLanguageServer completion
INFO: completion: 17.0569 document: file:///C:/Users/74993/Desktop/毕设/wll论文/java-language-server2/outputDir/DEF/cs/DEF_1760.java
Sep 28, 2025 4:55:14 PM org.javacs.JavaLanguageServer didOpenTextDocument
INFO: #didOpenTextDocument# try call goto {"context":{"includeDeclaration":false},"textDocument":{"uri":"file:///C:/Users/74993/Desktop/%E6%AF%95%E8%AE%BE/wll%E8%AE%BA%E6%96%87/java-language-server2/outputDir/DEF/cs/DEF_1760.java"},"position":{"line":9953,"character":35}}
Sep 28, 2025 4:55:14 PM org.javacs.JavaLanguageServer gotoDefinition
INFO: gotoDefinition: 395.0314 document: file:///C:/Users/74993/Desktop/毕设/wll论文/java-language-server2/outputDir/DEF/cs/DEF_1760.java
Sep 28, 2025 4:55:14 PM org.javacs.JavaCompilerService compileBatch
INFO: ...using cached compile
Sep 28, 2025 4:55:15 PM org.javacs.JavaLanguageServer gotoDefinition
INFO: gotoDefinition: 344.5711 document: file:///C:/Users/74993/Desktop/毕设/wll论文/java-language-server2/outputDir/DEF/cs/DEF_1760.java
Sep 28, 2025 4:55:15 PM org.javacs.JavaCompilerService compileBatch
INFO: ...using cached compile
Sep 28, 2025 4:55:15 PM org.javacs.JavaLanguageServer gotoDefinition
INFO: gotoDefinition: 349.0949 document: file:///C:/Users/74993/Desktop/毕设/wll论文/java-language-server2/outputDir/DEF/cs/DEF_1760.java
Sep 28, 2025 4:55:15 PM org.javacs.JavaCompilerService compileBatch
INFO: ...using cached compile
Sep 28, 2025 4:55:15 PM org.javacs.JavaLanguageServer gotoDefinition
INFO: gotoDefinition: 366.1039 document: file:///C:/Users/74993/Desktop/毕设/wll论文/java-language-server2/outputDir/DEF/cs/DEF_1760.java
Sep 28, 2025 4:55:15 PM org.javacs.JavaCompilerService compileBatch
INFO: ...using cached compile
Sep 28, 2025 4:55:16 PM org.javacs.JavaLanguageServer gotoDefinition
INFO: gotoDefinition: 359.5447 document: file:///C:/Users/74993/Desktop/毕设/wll论文/java-language-server2/outputDir/DEF/cs/DEF_1760.java
Sep 28, 2025 4:55:16 PM org.javacs.JavaLanguageServer didOpenTextDocument
INFO: #didOpenTextDocument# try call rename {"context":{"includeDeclaration":false},"textDocument":{"uri":"file:///C:/Users/74993/Desktop/%E6%AF%95%E8%AE%BE/wll%E8%AE%BA%E6%96%87/java-language-server2/outputDir/DEF/cs/DEF_1760.java"},"position":{"line":9953,"character":35}}
Sep 28, 2025 4:55:16 PM org.javacs.JavaCompilerService compileBatch
INFO: ...using cached compile
Sep 28, 2025 4:55:16 PM org.javacs.JavaLanguageServer rename
INFO: rename: 378.5727 document: file:///C:/Users/74993/Desktop/毕设/wll论文/java-language-server2/outputDir/DEF/cs/DEF_1760.java
Sep 28, 2025 4:55:16 PM org.javacs.JavaCompilerService compileBatch
INFO: ...using cached compile
Sep 28, 2025 4:55:17 PM org.javacs.JavaLanguageServer rename
INFO: rename: 337.5831 document: file:///C:/Users/74993/Desktop/毕设/wll论文/java-language-server2/outputDir/DEF/cs/DEF_1760.java
Sep 28, 2025 4:55:17 PM org.javacs.JavaCompilerService compileBatch
INFO: ...using cached compile
Sep 28, 2025 4:55:17 PM org.javacs.JavaLanguageServer rename
INFO: rename: 330.3091 document: file:///C:/Users/74993/Desktop/毕设/wll论文/java-language-server2/outputDir/DEF/cs/DEF_1760.java
Sep 28, 2025 4:55:17 PM org.javacs.JavaCompilerService compileBatch
INFO: ...using cached compile
Sep 28, 2025 4:55:17 PM org.javacs.JavaLanguageServer rename
INFO: rename: 342.5935 document: file:///C:/Users/74993/Desktop/毕设/wll论文/java-language-server2/outputDir/DEF/cs/DEF_1760.java
Sep 28, 2025 4:55:17 PM org.javacs.JavaCompilerService compileBatch
INFO: ...using cached compile
Sep 28, 2025 4:55:18 PM org.javacs.JavaLanguageServer rename
INFO: rename: 366.279 document: file:///C:/Users/74993/Desktop/毕设/wll论文/java-language-server2/outputDir/DEF/cs/DEF_1760.java
Sep 28, 2025 4:55:18 PM org.javacs.JavaLanguageServer didOpenTextDocument
INFO: #didOpenTextDocument# try completion {"context":{"includeDeclaration":false},"textDocument":{"uri":"file:///C:/Users/74993/Desktop/%E6%AF%95%E8%AE%BE/wll%E8%AE%BA%E6%96%87/java-language-server2/outputDir/DEF/cs/DEF_1760.java"},"position":{"line":9953,"character":35}}
Sep 28, 2025 4:55:18 PM org.javacs.JavaLanguageServer completion
INFO: completion: 20.753 document: file:///C:/Users/74993/Desktop/毕设/wll论文/java-language-server2/outputDir/DEF/cs/DEF_1760.java
Sep 28, 2025 4:55:18 PM org.javacs.JavaLanguageServer completion
INFO: completion: 16.515 document: file:///C:/Users/74993/Desktop/毕设/wll论文/java-language-server2/outputDir/DEF/cs/DEF_1760.java
Sep 28, 2025 4:55:18 PM org.javacs.JavaLanguageServer completion
INFO: completion: 17.2238 document: file:///C:/Users/74993/Desktop/毕设/wll论文/java-language-server2/outputDir/DEF/cs/DEF_1760.java
Sep 28, 2025 4:55:18 PM org.javacs.JavaLanguageServer completion
INFO: completion: 16.0386 document: file:///C:/Users/74993/Desktop/毕设/wll论文/java-language-server2/outputDir/DEF/cs/DEF_1760.java
Sep 28, 2025 4:55:18 PM org.javacs.JavaLanguageServer completion
INFO: completion: 19.0422 document: file:///C:/Users/74993/Desktop/毕设/wll论文/java-language-server2/outputDir/DEF/cs/DEF_1760.java
Sep 28, 2025 4:55:18 PM org.javacs.JavaLanguageServer didOpenTextDocument
INFO: #didOpenTextDocument# try call reference {"context":{"includeDeclaration":false},"textDocument":{"uri":"file:///C:/Users/74993/Desktop/%E6%AF%95%E8%AE%BE/wll%E8%AE%BA%E6%96%87/java-language-server2/outputDir/DEF/ct/DEF_1840.java"},"position":{"line":73,"character":31}}
Sep 28, 2025 4:55:18 PM org.javacs.ScanClassPath jdkTopLevelClasses
INFO: Searching for top-level classes in the JDK
Sep 28, 2025 4:55:18 PM org.javacs.ScanClassPath jdkTopLevelClasses
INFO: Found 15005 classes in the java platform
Sep 28, 2025 4:55:18 PM org.javacs.ScanClassPath classPathTopLevelClasses
INFO: Searching for top-level classes in 0 classpath locations
Sep 28, 2025 4:55:18 PM org.javacs.ScanClassPath classPathTopLevelClasses
INFO: Found 0 classes in classpath
Sep 28, 2025 4:55:18 PM org.javacs.ReusableCompiler getTask
WARNING: Options changed from [-classpath, , --add-modules, ALL-MODULE-PATH, -proc:none, -g, -Xlint:cast, -Xlint:deprecation, -Xlint:empty, -Xlint:fallthrough, -Xlint:finally, -Xlint:path, -Xlint:unchecked, -Xlint:varargs, -Xlint:static] to [-classpath, , --add-modules, ALL-MODULE-PATH, -proc:none, -g, -Xlint:cast, -Xlint:deprecation, -Xlint:empty, -Xlint:fallthrough, -Xlint:finally, -Xlint:path, -Xlint:unchecked, -Xlint:varargs, -Xlint:static], creating new compiler
Sep 28, 2025 4:55:18 PM org.javacs.JavaLanguageServer findReferences
INFO: compile component: 32.5911 document: file:///C:/Users/74993/Desktop/毕设/wll论文/java-language-server2/outputDir/DEF/ct/DEF_1840.java
Sep 28, 2025 4:55:18 PM org.javacs.JavaLanguageServer findReferences
INFO: locate component: 398.9492 document: file:///C:/Users/74993/Desktop/毕设/wll论文/java-language-server2/outputDir/DEF/ct/DEF_1840.java
Sep 28, 2025 4:55:18 PM org.javacs.JavaLanguageServer findReferences
INFO: traverse component: 0.0 document: file:///C:/Users/74993/Desktop/毕设/wll论文/java-language-server2/outputDir/DEF/ct/DEF_1840.java
Sep 28, 2025 4:55:18 PM org.javacs.JavaLanguageServer findReferences
INFO: NOD: 24785 document: file:///C:/Users/74993/Desktop/毕设/wll论文/java-language-server2/outputDir/DEF/ct/DEF_1840.java
Sep 28, 2025 4:55:18 PM org.javacs.JavaLanguageServer findReferences
INFO: DEF: 1840 document: file:///C:/Users/74993/Desktop/毕设/wll论文/java-language-server2/outputDir/DEF/ct/DEF_1840.java
Sep 28, 2025 4:55:18 PM org.javacs.JavaLanguageServer findReferences
INFO: OCC: 14651 document: file:///C:/Users/74993/Desktop/毕设/wll论文/java-language-server2/outputDir/DEF/ct/DEF_1840.java
Sep 28, 2025 4:55:18 PM org.javacs.JavaLanguageServer findReferences
INFO: LOC: 10365 document: file:///C:/Users/74993/Desktop/毕设/wll论文/java-language-server2/outputDir/DEF/ct/DEF_1840.java
Sep 28, 2025 4:55:18 PM org.javacs.ScanClassPath jdkTopLevelClasses
INFO: Searching for top-level classes in the JDK
Sep 28, 2025 4:55:18 PM org.javacs.ScanClassPath jdkTopLevelClasses
INFO: Found 15005 classes in the java platform
Sep 28, 2025 4:55:18 PM org.javacs.ScanClassPath classPathTopLevelClasses
INFO: Searching for top-level classes in 0 classpath locations
Sep 28, 2025 4:55:18 PM org.javacs.ScanClassPath classPathTopLevelClasses
INFO: Found 0 classes in classpath
Sep 28, 2025 4:55:18 PM org.javacs.ReusableCompiler getTask
WARNING: Options changed from [-classpath, , --add-modules, ALL-MODULE-PATH, -proc:none, -g, -Xlint:cast, -Xlint:deprecation, -Xlint:empty, -Xlint:fallthrough, -Xlint:finally, -Xlint:path, -Xlint:unchecked, -Xlint:varargs, -Xlint:static] to [-classpath, , --add-modules, ALL-MODULE-PATH, -proc:none, -g, -Xlint:cast, -Xlint:deprecation, -Xlint:empty, -Xlint:fallthrough, -Xlint:finally, -Xlint:path, -Xlint:unchecked, -Xlint:varargs, -Xlint:static], creating new compiler
Sep 28, 2025 4:55:19 PM org.javacs.JavaLanguageServer findReferences
INFO: compile component: 11.5755 document: file:///C:/Users/74993/Desktop/毕设/wll论文/java-language-server2/outputDir/DEF/ct/DEF_1840.java
Sep 28, 2025 4:55:19 PM org.javacs.JavaLanguageServer findReferences
INFO: locate component: 386.8494 document: file:///C:/Users/74993/Desktop/毕设/wll论文/java-language-server2/outputDir/DEF/ct/DEF_1840.java
Sep 28, 2025 4:55:19 PM org.javacs.JavaLanguageServer findReferences
INFO: traverse component: 0.0 document: file:///C:/Users/74993/Desktop/毕设/wll论文/java-language-server2/outputDir/DEF/ct/DEF_1840.java
Sep 28, 2025 4:55:19 PM org.javacs.JavaLanguageServer findReferences
INFO: NOD: 24785 document: file:///C:/Users/74993/Desktop/毕设/wll论文/java-language-server2/outputDir/DEF/ct/DEF_1840.java
Sep 28, 2025 4:55:19 PM org.javacs.JavaLanguageServer findReferences
INFO: DEF: 1840 document: file:///C:/Users/74993/Desktop/毕设/wll论文/java-language-server2/outputDir/DEF/ct/DEF_1840.java
Sep 28, 2025 4:55:19 PM org.javacs.JavaLanguageServer findReferences
INFO: OCC: 14651 document: file:///C:/Users/74993/Desktop/毕设/wll论文/java-language-server2/outputDir/DEF/ct/DEF_1840.java
Sep 28, 2025 4:55:19 PM org.javacs.JavaLanguageServer findReferences
INFO: LOC: 10365 document: file:///C:/Users/74993/Desktop/毕设/wll论文/java-language-server2/outputDir/DEF/ct/DEF_1840.java
Sep 28, 2025 4:55:19 PM org.javacs.ScanClassPath jdkTopLevelClasses
INFO: Searching for top-level classes in the JDK
Sep 28, 2025 4:55:19 PM org.javacs.ScanClassPath jdkTopLevelClasses
INFO: Found 15005 classes in the java platform
Sep 28, 2025 4:55:19 PM org.javacs.ScanClassPath classPathTopLevelClasses
INFO: Searching for top-level classes in 0 classpath locations
Sep 28, 2025 4:55:19 PM org.javacs.ScanClassPath classPathTopLevelClasses
INFO: Found 0 classes in classpath
Sep 28, 2025 4:55:19 PM org.javacs.ReusableCompiler getTask
WARNING: Options changed from [-classpath, , --add-modules, ALL-MODULE-PATH, -proc:none, -g, -Xlint:cast, -Xlint:deprecation, -Xlint:empty, -Xlint:fallthrough, -Xlint:finally, -Xlint:path, -Xlint:unchecked, -Xlint:varargs, -Xlint:static] to [-classpath, , --add-modules, ALL-MODULE-PATH, -proc:none, -g, -Xlint:cast, -Xlint:deprecation, -Xlint:empty, -Xlint:fallthrough, -Xlint:finally, -Xlint:path, -Xlint:unchecked, -Xlint:varargs, -Xlint:static], creating new compiler
Sep 28, 2025 4:55:19 PM org.javacs.JavaLanguageServer findReferences
INFO: compile component: 29.4763 document: file:///C:/Users/74993/Desktop/毕设/wll论文/java-language-server2/outputDir/DEF/ct/DEF_1840.java
Sep 28, 2025 4:55:20 PM org.javacs.JavaLanguageServer findReferences
INFO: locate component: 371.4069 document: file:///C:/Users/74993/Desktop/毕设/wll论文/java-language-server2/outputDir/DEF/ct/DEF_1840.java
Sep 28, 2025 4:55:20 PM org.javacs.JavaLanguageServer findReferences
INFO: traverse component: 1.014 document: file:///C:/Users/74993/Desktop/毕设/wll论文/java-language-server2/outputDir/DEF/ct/DEF_1840.java
Sep 28, 2025 4:55:20 PM org.javacs.JavaLanguageServer findReferences
INFO: NOD: 24785 document: file:///C:/Users/74993/Desktop/毕设/wll论文/java-language-server2/outputDir/DEF/ct/DEF_1840.java
Sep 28, 2025 4:55:20 PM org.javacs.JavaLanguageServer findReferences
INFO: DEF: 1840 document: file:///C:/Users/74993/Desktop/毕设/wll论文/java-language-server2/outputDir/DEF/ct/DEF_1840.java
Sep 28, 2025 4:55:20 PM org.javacs.JavaLanguageServer findReferences
INFO: OCC: 14651 document: file:///C:/Users/74993/Desktop/毕设/wll论文/java-language-server2/outputDir/DEF/ct/DEF_1840.java
Sep 28, 2025 4:55:20 PM org.javacs.JavaLanguageServer findReferences
INFO: LOC: 10365 document: file:///C:/Users/74993/Desktop/毕设/wll论文/java-language-server2/outputDir/DEF/ct/DEF_1840.java
Sep 28, 2025 4:55:20 PM org.javacs.ScanClassPath jdkTopLevelClasses
INFO: Searching for top-level classes in the JDK
Sep 28, 2025 4:55:20 PM org.javacs.ScanClassPath jdkTopLevelClasses
INFO: Found 15005 classes in the java platform
Sep 28, 2025 4:55:20 PM org.javacs.ScanClassPath classPathTopLevelClasses
INFO: Searching for top-level classes in 0 classpath locations
Sep 28, 2025 4:55:20 PM org.javacs.ScanClassPath classPathTopLevelClasses
INFO: Found 0 classes in classpath
Sep 28, 2025 4:55:20 PM org.javacs.ReusableCompiler getTask
WARNING: Options changed from [-classpath, , --add-modules, ALL-MODULE-PATH, -proc:none, -g, -Xlint:cast, -Xlint:deprecation, -Xlint:empty, -Xlint:fallthrough, -Xlint:finally, -Xlint:path, -Xlint:unchecked, -Xlint:varargs, -Xlint:static] to [-classpath, , --add-modules, ALL-MODULE-PATH, -proc:none, -g, -Xlint:cast, -Xlint:deprecation, -Xlint:empty, -Xlint:fallthrough, -Xlint:finally, -Xlint:path, -Xlint:unchecked, -Xlint:varargs, -Xlint:static], creating new compiler
Sep 28, 2025 4:55:20 PM org.javacs.JavaLanguageServer findReferences
INFO: compile component: 13.1618 document: file:///C:/Users/74993/Desktop/毕设/wll论文/java-language-server2/outputDir/DEF/ct/DEF_1840.java
Sep 28, 2025 4:55:20 PM org.javacs.JavaLanguageServer findReferences
INFO: locate component: 368.5644 document: file:///C:/Users/74993/Desktop/毕设/wll论文/java-language-server2/outputDir/DEF/ct/DEF_1840.java
Sep 28, 2025 4:55:20 PM org.javacs.JavaLanguageServer findReferences
INFO: traverse component: 0.0 document: file:///C:/Users/74993/Desktop/毕设/wll论文/java-language-server2/outputDir/DEF/ct/DEF_1840.java
Sep 28, 2025 4:55:20 PM org.javacs.JavaLanguageServer findReferences
INFO: NOD: 24785 document: file:///C:/Users/74993/Desktop/毕设/wll论文/java-language-server2/outputDir/DEF/ct/DEF_1840.java
Sep 28, 2025 4:55:20 PM org.javacs.JavaLanguageServer findReferences
INFO: DEF: 1840 document: file:///C:/Users/74993/Desktop/毕设/wll论文/java-language-server2/outputDir/DEF/ct/DEF_1840.java
Sep 28, 2025 4:55:20 PM org.javacs.JavaLanguageServer findReferences
INFO: OCC: 14651 document: file:///C:/Users/74993/Desktop/毕设/wll论文/java-language-server2/outputDir/DEF/ct/DEF_1840.java
Sep 28, 2025 4:55:20 PM org.javacs.JavaLanguageServer findReferences
INFO: LOC: 10365 document: file:///C:/Users/74993/Desktop/毕设/wll论文/java-language-server2/outputDir/DEF/ct/DEF_1840.java
Sep 28, 2025 4:55:20 PM org.javacs.ScanClassPath jdkTopLevelClasses
INFO: Searching for top-level classes in the JDK
Sep 28, 2025 4:55:20 PM org.javacs.ScanClassPath jdkTopLevelClasses
INFO: Found 15005 classes in the java platform
Sep 28, 2025 4:55:20 PM org.javacs.ScanClassPath classPathTopLevelClasses
INFO: Searching for top-level classes in 0 classpath locations
Sep 28, 2025 4:55:20 PM org.javacs.ScanClassPath classPathTopLevelClasses
INFO: Found 0 classes in classpath
Sep 28, 2025 4:55:20 PM org.javacs.ReusableCompiler getTask
WARNING: Options changed from [-classpath, , --add-modules, ALL-MODULE-PATH, -proc:none, -g, -Xlint:cast, -Xlint:deprecation, -Xlint:empty, -Xlint:fallthrough, -Xlint:finally, -Xlint:path, -Xlint:unchecked, -Xlint:varargs, -Xlint:static] to [-classpath, , --add-modules, ALL-MODULE-PATH, -proc:none, -g, -Xlint:cast, -Xlint:deprecation, -Xlint:empty, -Xlint:fallthrough, -Xlint:finally, -Xlint:path, -Xlint:unchecked, -Xlint:varargs, -Xlint:static], creating new compiler
Sep 28, 2025 4:55:20 PM org.javacs.JavaLanguageServer findReferences
INFO: compile component: 12.0207 document: file:///C:/Users/74993/Desktop/毕设/wll论文/java-language-server2/outputDir/DEF/ct/DEF_1840.java
Sep 28, 2025 4:55:21 PM org.javacs.JavaLanguageServer findReferences
INFO: locate component: 378.5326 document: file:///C:/Users/74993/Desktop/毕设/wll论文/java-language-server2/outputDir/DEF/ct/DEF_1840.java
Sep 28, 2025 4:55:21 PM org.javacs.JavaLanguageServer findReferences
INFO: traverse component: 0.0 document: file:///C:/Users/74993/Desktop/毕设/wll论文/java-language-server2/outputDir/DEF/ct/DEF_1840.java
Sep 28, 2025 4:55:21 PM org.javacs.JavaLanguageServer findReferences
INFO: NOD: 24785 document: file:///C:/Users/74993/Desktop/毕设/wll论文/java-language-server2/outputDir/DEF/ct/DEF_1840.java
Sep 28, 2025 4:55:21 PM org.javacs.JavaLanguageServer findReferences
INFO: DEF: 1840 document: file:///C:/Users/74993/Desktop/毕设/wll论文/java-language-server2/outputDir/DEF/ct/DEF_1840.java
Sep 28, 2025 4:55:21 PM org.javacs.JavaLanguageServer findReferences
INFO: OCC: 14651 document: file:///C:/Users/74993/Desktop/毕设/wll论文/java-language-server2/outputDir/DEF/ct/DEF_1840.java
Sep 28, 2025 4:55:21 PM org.javacs.JavaLanguageServer findReferences
INFO: LOC: 10365 document: file:///C:/Users/74993/Desktop/毕设/wll论文/java-language-server2/outputDir/DEF/ct/DEF_1840.java
Sep 28, 2025 4:55:21 PM org.javacs.JavaLanguageServer didOpenTextDocument
INFO: #didOpenTextDocument# try call goto {"context":{"includeDeclaration":false},"textDocument":{"uri":"file:///C:/Users/74993/Desktop/%E6%AF%95%E8%AE%BE/wll%E8%AE%BA%E6%96%87/java-language-server2/outputDir/DEF/ct/DEF_1840.java"},"position":{"line":73,"character":31}}
Sep 28, 2025 4:55:21 PM org.javacs.JavaCompilerService compileBatch
INFO: ...using cached compile
Sep 28, 2025 4:55:21 PM org.javacs.JavaLanguageServer gotoDefinition
INFO: gotoDefinition: 359.1878 document: file:///C:/Users/74993/Desktop/毕设/wll论文/java-language-server2/outputDir/DEF/ct/DEF_1840.java
Sep 28, 2025 4:55:21 PM org.javacs.JavaCompilerService compileBatch
INFO: ...using cached compile
Sep 28, 2025 4:55:21 PM org.javacs.JavaLanguageServer gotoDefinition
INFO: gotoDefinition: 376.1858 document: file:///C:/Users/74993/Desktop/毕设/wll论文/java-language-server2/outputDir/DEF/ct/DEF_1840.java
Sep 28, 2025 4:55:21 PM org.javacs.JavaCompilerService compileBatch
INFO: ...using cached compile
Sep 28, 2025 4:55:22 PM org.javacs.JavaLanguageServer gotoDefinition
INFO: gotoDefinition: 369.3519 document: file:///C:/Users/74993/Desktop/毕设/wll论文/java-language-server2/outputDir/DEF/ct/DEF_1840.java
Sep 28, 2025 4:55:22 PM org.javacs.JavaCompilerService compileBatch
INFO: ...using cached compile
Sep 28, 2025 4:55:22 PM org.javacs.JavaLanguageServer gotoDefinition
INFO: gotoDefinition: 388.3258 document: file:///C:/Users/74993/Desktop/毕设/wll论文/java-language-server2/outputDir/DEF/ct/DEF_1840.java
Sep 28, 2025 4:55:22 PM org.javacs.JavaCompilerService compileBatch
INFO: ...using cached compile
Sep 28, 2025 4:55:22 PM org.javacs.JavaLanguageServer gotoDefinition
INFO: gotoDefinition: 389.6119 document: file:///C:/Users/74993/Desktop/毕设/wll论文/java-language-server2/outputDir/DEF/ct/DEF_1840.java
Sep 28, 2025 4:55:22 PM org.javacs.JavaLanguageServer didOpenTextDocument
INFO: #didOpenTextDocument# try call rename {"context":{"includeDeclaration":false},"textDocument":{"uri":"file:///C:/Users/74993/Desktop/%E6%AF%95%E8%AE%BE/wll%E8%AE%BA%E6%96%87/java-language-server2/outputDir/DEF/ct/DEF_1840.java"},"position":{"line":73,"character":31}}
Sep 28, 2025 4:55:22 PM org.javacs.JavaCompilerService compileBatch
INFO: ...using cached compile
Sep 28, 2025 4:55:23 PM org.javacs.JavaLanguageServer rename
INFO: rename: 399.0156 document: file:///C:/Users/74993/Desktop/毕设/wll论文/java-language-server2/outputDir/DEF/ct/DEF_1840.java
Sep 28, 2025 4:55:23 PM org.javacs.JavaCompilerService compileBatch
INFO: ...using cached compile
Sep 28, 2025 4:55:23 PM org.javacs.JavaLanguageServer rename
INFO: rename: 378.9045 document: file:///C:/Users/74993/Desktop/毕设/wll论文/java-language-server2/outputDir/DEF/ct/DEF_1840.java
Sep 28, 2025 4:55:23 PM org.javacs.JavaCompilerService compileBatch
INFO: ...using cached compile
Sep 28, 2025 4:55:24 PM org.javacs.JavaLanguageServer rename
INFO: rename: 409.7005 document: file:///C:/Users/74993/Desktop/毕设/wll论文/java-language-server2/outputDir/DEF/ct/DEF_1840.java
Sep 28, 2025 4:55:24 PM org.javacs.JavaCompilerService compileBatch
INFO: ...using cached compile
Sep 28, 2025 4:55:24 PM org.javacs.JavaLanguageServer rename
INFO: rename: 377.806 document: file:///C:/Users/74993/Desktop/毕设/wll论文/java-language-server2/outputDir/DEF/ct/DEF_1840.java
Sep 28, 2025 4:55:24 PM org.javacs.JavaCompilerService compileBatch
INFO: ...using cached compile
Sep 28, 2025 4:55:24 PM org.javacs.JavaLanguageServer rename
INFO: rename: 400.5174 document: file:///C:/Users/74993/Desktop/毕设/wll论文/java-language-server2/outputDir/DEF/ct/DEF_1840.java
Sep 28, 2025 4:55:24 PM org.javacs.JavaLanguageServer didOpenTextDocument
INFO: #didOpenTextDocument# try completion {"context":{"includeDeclaration":false},"textDocument":{"uri":"file:///C:/Users/74993/Desktop/%E6%AF%95%E8%AE%BE/wll%E8%AE%BA%E6%96%87/java-language-server2/outputDir/DEF/ct/DEF_1840.java"},"position":{"line":73,"character":31}}
Sep 28, 2025 4:55:24 PM org.javacs.JavaLanguageServer completion
INFO: completion: 20.7488 document: file:///C:/Users/74993/Desktop/毕设/wll论文/java-language-server2/outputDir/DEF/ct/DEF_1840.java
Sep 28, 2025 4:55:24 PM org.javacs.JavaLanguageServer completion
INFO: completion: 16.6279 document: file:///C:/Users/74993/Desktop/毕设/wll论文/java-language-server2/outputDir/DEF/ct/DEF_1840.java
Sep 28, 2025 4:55:24 PM org.javacs.JavaLanguageServer completion
INFO: completion: 15.5715 document: file:///C:/Users/74993/Desktop/毕设/wll论文/java-language-server2/outputDir/DEF/ct/DEF_1840.java
Sep 28, 2025 4:55:24 PM org.javacs.JavaLanguageServer completion
INFO: completion: 14.5223 document: file:///C:/Users/74993/Desktop/毕设/wll论文/java-language-server2/outputDir/DEF/ct/DEF_1840.java
Sep 28, 2025 4:55:25 PM org.javacs.JavaLanguageServer completion
INFO: completion: 14.0395 document: file:///C:/Users/74993/Desktop/毕设/wll论文/java-language-server2/outputDir/DEF/ct/DEF_1840.java
Sep 28, 2025 4:55:25 PM org.javacs.JavaLanguageServer didOpenTextDocument
INFO: #didOpenTextDocument# try call goto {"context":{"includeDeclaration":false},"textDocument":{"uri":"file:///C:/Users/74993/Desktop/%E6%AF%95%E8%AE%BE/wll%E8%AE%BA%E6%96%87/java-language-server2/outputDir/DEF/ct/DEF_1840.java"},"position":{"line":10333,"character":26}}
Sep 28, 2025 4:55:25 PM org.javacs.JavaCompilerService findPublicTypeDeclarationInJdk
INFO: ...found jar:file:///C:/Program%20Files/Java/jdk-22/lib/src.zip!/java.base/java/lang/Object.java in module java.base of jdk
Sep 28, 2025 4:55:25 PM org.javacs.JavaLanguageServer gotoDefinition
INFO: gotoDefinition: 401.4881 document: file:///C:/Users/74993/Desktop/毕设/wll论文/java-language-server2/outputDir/DEF/ct/DEF_1840.java
Sep 28, 2025 4:55:25 PM org.javacs.JavaCompilerService compileBatch
INFO: ...using cached compile
Sep 28, 2025 4:55:25 PM org.javacs.JavaCompilerService findPublicTypeDeclarationInJdk
INFO: ...found jar:file:///C:/Program%20Files/Java/jdk-22/lib/src.zip!/java.base/java/lang/Object.java in module java.base of jdk
Sep 28, 2025 4:55:25 PM org.javacs.JavaLanguageServer gotoDefinition
INFO: gotoDefinition: 372.2636 document: file:///C:/Users/74993/Desktop/毕设/wll论文/java-language-server2/outputDir/DEF/ct/DEF_1840.java
Sep 28, 2025 4:55:25 PM org.javacs.JavaCompilerService compileBatch
INFO: ...using cached compile
Sep 28, 2025 4:55:26 PM org.javacs.JavaCompilerService findPublicTypeDeclarationInJdk
INFO: ...found jar:file:///C:/Program%20Files/Java/jdk-22/lib/src.zip!/java.base/java/lang/Object.java in module java.base of jdk
Sep 28, 2025 4:55:26 PM org.javacs.JavaLanguageServer gotoDefinition
INFO: gotoDefinition: 380.5098 document: file:///C:/Users/74993/Desktop/毕设/wll论文/java-language-server2/outputDir/DEF/ct/DEF_1840.java
Sep 28, 2025 4:55:26 PM org.javacs.JavaCompilerService compileBatch
INFO: ...using cached compile
Sep 28, 2025 4:55:26 PM org.javacs.JavaCompilerService findPublicTypeDeclarationInJdk
INFO: ...found jar:file:///C:/Program%20Files/Java/jdk-22/lib/src.zip!/java.base/java/lang/Object.java in module java.base of jdk
Sep 28, 2025 4:55:26 PM org.javacs.JavaLanguageServer gotoDefinition
INFO: gotoDefinition: 378.1246 document: file:///C:/Users/74993/Desktop/毕设/wll论文/java-language-server2/outputDir/DEF/ct/DEF_1840.java
Sep 28, 2025 4:55:26 PM org.javacs.JavaCompilerService compileBatch
INFO: ...using cached compile
Sep 28, 2025 4:55:26 PM org.javacs.JavaCompilerService findPublicTypeDeclarationInJdk
INFO: ...found jar:file:///C:/Program%20Files/Java/jdk-22/lib/src.zip!/java.base/java/lang/Object.java in module java.base of jdk
Sep 28, 2025 4:55:26 PM org.javacs.JavaLanguageServer gotoDefinition
INFO: gotoDefinition: 358.8717 document: file:///C:/Users/74993/Desktop/毕设/wll论文/java-language-server2/outputDir/DEF/ct/DEF_1840.java
Sep 28, 2025 4:55:26 PM org.javacs.JavaLanguageServer didOpenTextDocument
INFO: #didOpenTextDocument# try call rename {"context":{"includeDeclaration":false},"textDocument":{"uri":"file:///C:/Users/74993/Desktop/%E6%AF%95%E8%AE%BE/wll%E8%AE%BA%E6%96%87/java-language-server2/outputDir/DEF/ct/DEF_1840.java"},"position":{"line":10333,"character":26}}
Sep 28, 2025 4:55:26 PM org.javacs.JavaCompilerService compileBatch
INFO: ...using cached compile
Sep 28, 2025 4:55:27 PM org.javacs.JavaLanguageServer rename
INFO: rename: 373.0575 document: file:///C:/Users/74993/Desktop/毕设/wll论文/java-language-server2/outputDir/DEF/ct/DEF_1840.java
Sep 28, 2025 4:55:27 PM org.javacs.JavaCompilerService compileBatch
INFO: ...using cached compile
Sep 28, 2025 4:55:27 PM org.javacs.JavaLanguageServer rename
INFO: rename: 374.7608 document: file:///C:/Users/74993/Desktop/毕设/wll论文/java-language-server2/outputDir/DEF/ct/DEF_1840.java
Sep 28, 2025 4:55:27 PM org.javacs.JavaCompilerService compileBatch
INFO: ...using cached compile
Sep 28, 2025 4:55:28 PM org.javacs.JavaLanguageServer rename
INFO: rename: 383.197 document: file:///C:/Users/74993/Desktop/毕设/wll论文/java-language-server2/outputDir/DEF/ct/DEF_1840.java
Sep 28, 2025 4:55:28 PM org.javacs.JavaCompilerService compileBatch
INFO: ...using cached compile
Sep 28, 2025 4:55:28 PM org.javacs.JavaLanguageServer rename
INFO: rename: 372.998 document: file:///C:/Users/74993/Desktop/毕设/wll论文/java-language-server2/outputDir/DEF/ct/DEF_1840.java
Sep 28, 2025 4:55:28 PM org.javacs.JavaCompilerService compileBatch
INFO: ...using cached compile
Sep 28, 2025 4:55:28 PM org.javacs.JavaLanguageServer rename
INFO: rename: 383.1417 document: file:///C:/Users/74993/Desktop/毕设/wll论文/java-language-server2/outputDir/DEF/ct/DEF_1840.java
Sep 28, 2025 4:55:28 PM org.javacs.JavaLanguageServer didOpenTextDocument
INFO: #didOpenTextDocument# try completion {"context":{"includeDeclaration":false},"textDocument":{"uri":"file:///C:/Users/74993/Desktop/%E6%AF%95%E8%AE%BE/wll%E8%AE%BA%E6%96%87/java-language-server2/outputDir/DEF/ct/DEF_1840.java"},"position":{"line":10333,"character":26}}
Sep 28, 2025 4:55:28 PM org.javacs.JavaLanguageServer completion
INFO: completion: 27.5584 document: file:///C:/Users/74993/Desktop/毕设/wll论文/java-language-server2/outputDir/DEF/ct/DEF_1840.java
Sep 28, 2025 4:55:28 PM org.javacs.JavaLanguageServer completion
INFO: completion: 17.8551 document: file:///C:/Users/74993/Desktop/毕设/wll论文/java-language-server2/outputDir/DEF/ct/DEF_1840.java
Sep 28, 2025 4:55:28 PM org.javacs.JavaLanguageServer completion
INFO: completion: 15.5253 document: file:///C:/Users/74993/Desktop/毕设/wll论文/java-language-server2/outputDir/DEF/ct/DEF_1840.java
Sep 28, 2025 4:55:28 PM org.javacs.JavaLanguageServer completion
INFO: completion: 27.844 document: file:///C:/Users/74993/Desktop/毕设/wll论文/java-language-server2/outputDir/DEF/ct/DEF_1840.java
Sep 28, 2025 4:55:28 PM org.javacs.JavaLanguageServer completion
INFO: completion: 16.0122 document: file:///C:/Users/74993/Desktop/毕设/wll论文/java-language-server2/outputDir/DEF/ct/DEF_1840.java
Sep 28, 2025 4:55:29 PM org.javacs.JavaLanguageServer didOpenTextDocument
INFO: #didOpenTextDocument# try call reference {"context":{"includeDeclaration":false},"textDocument":{"uri":"file:///C:/Users/74993/Desktop/%E6%AF%95%E8%AE%BE/wll%E8%AE%BA%E6%96%87/java-language-server2/outputDir/DEF/cu/DEF_1920.java"},"position":{"line":73,"character":31}}
Sep 28, 2025 4:55:29 PM org.javacs.ScanClassPath jdkTopLevelClasses
INFO: Searching for top-level classes in the JDK
Sep 28, 2025 4:55:29 PM org.javacs.ScanClassPath jdkTopLevelClasses
INFO: Found 15005 classes in the java platform
Sep 28, 2025 4:55:29 PM org.javacs.ScanClassPath classPathTopLevelClasses
INFO: Searching for top-level classes in 0 classpath locations
Sep 28, 2025 4:55:29 PM org.javacs.ScanClassPath classPathTopLevelClasses
INFO: Found 0 classes in classpath
Sep 28, 2025 4:55:29 PM org.javacs.ReusableCompiler getTask
WARNING: Options changed from [-classpath, , --add-modules, ALL-MODULE-PATH, -proc:none, -g, -Xlint:cast, -Xlint:deprecation, -Xlint:empty, -Xlint:fallthrough, -Xlint:finally, -Xlint:path, -Xlint:unchecked, -Xlint:varargs, -Xlint:static] to [-classpath, , --add-modules, ALL-MODULE-PATH, -proc:none, -g, -Xlint:cast, -Xlint:deprecation, -Xlint:empty, -Xlint:fallthrough, -Xlint:finally, -Xlint:path, -Xlint:unchecked, -Xlint:varargs, -Xlint:static], creating new compiler
Sep 28, 2025 4:55:29 PM org.javacs.JavaLanguageServer findReferences
INFO: compile component: 35.0749 document: file:///C:/Users/74993/Desktop/毕设/wll论文/java-language-server2/outputDir/DEF/cu/DEF_1920.java
Sep 28, 2025 4:55:29 PM org.javacs.JavaLanguageServer findReferences
INFO: locate component: 386.4211 document: file:///C:/Users/74993/Desktop/毕设/wll论文/java-language-server2/outputDir/DEF/cu/DEF_1920.java
Sep 28, 2025 4:55:29 PM org.javacs.JavaLanguageServer findReferences
INFO: traverse component: 0.0 document: file:///C:/Users/74993/Desktop/毕设/wll论文/java-language-server2/outputDir/DEF/cu/DEF_1920.java
Sep 28, 2025 4:55:29 PM org.javacs.JavaLanguageServer findReferences
INFO: NOD: 25518 document: file:///C:/Users/74993/Desktop/毕设/wll论文/java-language-server2/outputDir/DEF/cu/DEF_1920.java
Sep 28, 2025 4:55:29 PM org.javacs.JavaLanguageServer findReferences
INFO: DEF: 1920 document: file:///C:/Users/74993/Desktop/毕设/wll论文/java-language-server2/outputDir/DEF/cu/DEF_1920.java
Sep 28, 2025 4:55:29 PM org.javacs.JavaLanguageServer findReferences
INFO: OCC: 15063 document: file:///C:/Users/74993/Desktop/毕设/wll论文/java-language-server2/outputDir/DEF/cu/DEF_1920.java
Sep 28, 2025 4:55:29 PM org.javacs.JavaLanguageServer findReferences
INFO: LOC: 10771 document: file:///C:/Users/74993/Desktop/毕设/wll论文/java-language-server2/outputDir/DEF/cu/DEF_1920.java
Sep 28, 2025 4:55:29 PM org.javacs.ScanClassPath jdkTopLevelClasses
INFO: Searching for top-level classes in the JDK
Sep 28, 2025 4:55:29 PM org.javacs.ScanClassPath jdkTopLevelClasses
INFO: Found 15005 classes in the java platform
Sep 28, 2025 4:55:29 PM org.javacs.ScanClassPath classPathTopLevelClasses
INFO: Searching for top-level classes in 0 classpath locations
Sep 28, 2025 4:55:29 PM org.javacs.ScanClassPath classPathTopLevelClasses
INFO: Found 0 classes in classpath
Sep 28, 2025 4:55:29 PM org.javacs.ReusableCompiler getTask
WARNING: Options changed from [-classpath, , --add-modules, ALL-MODULE-PATH, -proc:none, -g, -Xlint:cast, -Xlint:deprecation, -Xlint:empty, -Xlint:fallthrough, -Xlint:finally, -Xlint:path, -Xlint:unchecked, -Xlint:varargs, -Xlint:static] to [-classpath, , --add-modules, ALL-MODULE-PATH, -proc:none, -g, -Xlint:cast, -Xlint:deprecation, -Xlint:empty, -Xlint:fallthrough, -Xlint:finally, -Xlint:path, -Xlint:unchecked, -Xlint:varargs, -Xlint:static], creating new compiler
Sep 28, 2025 4:55:29 PM org.javacs.JavaLanguageServer findReferences
INFO: compile component: 15.4536 document: file:///C:/Users/74993/Desktop/毕设/wll论文/java-language-server2/outputDir/DEF/cu/DEF_1920.java
Sep 28, 2025 4:55:30 PM org.javacs.JavaLanguageServer findReferences
INFO: locate component: 392.8886 document: file:///C:/Users/74993/Desktop/毕设/wll论文/java-language-server2/outputDir/DEF/cu/DEF_1920.java
Sep 28, 2025 4:55:30 PM org.javacs.JavaLanguageServer findReferences
INFO: traverse component: 0.0 document: file:///C:/Users/74993/Desktop/毕设/wll论文/java-language-server2/outputDir/DEF/cu/DEF_1920.java
Sep 28, 2025 4:55:30 PM org.javacs.JavaLanguageServer findReferences
INFO: NOD: 25518 document: file:///C:/Users/74993/Desktop/毕设/wll论文/java-language-server2/outputDir/DEF/cu/DEF_1920.java
Sep 28, 2025 4:55:30 PM org.javacs.JavaLanguageServer findReferences
INFO: DEF: 1920 document: file:///C:/Users/74993/Desktop/毕设/wll论文/java-language-server2/outputDir/DEF/cu/DEF_1920.java
Sep 28, 2025 4:55:30 PM org.javacs.JavaLanguageServer findReferences
INFO: OCC: 15063 document: file:///C:/Users/74993/Desktop/毕设/wll论文/java-language-server2/outputDir/DEF/cu/DEF_1920.java
Sep 28, 2025 4:55:30 PM org.javacs.JavaLanguageServer findReferences
INFO: LOC: 10771 document: file:///C:/Users/74993/Desktop/毕设/wll论文/java-language-server2/outputDir/DEF/cu/DEF_1920.java
Sep 28, 2025 4:55:30 PM org.javacs.ScanClassPath jdkTopLevelClasses
INFO: Searching for top-level classes in the JDK
Sep 28, 2025 4:55:30 PM org.javacs.ScanClassPath jdkTopLevelClasses
INFO: Found 15005 classes in the java platform
Sep 28, 2025 4:55:30 PM org.javacs.ScanClassPath classPathTopLevelClasses
INFO: Searching for top-level classes in 0 classpath locations
Sep 28, 2025 4:55:30 PM org.javacs.ScanClassPath classPathTopLevelClasses
INFO: Found 0 classes in classpath
Sep 28, 2025 4:55:30 PM org.javacs.ReusableCompiler getTask
WARNING: Options changed from [-classpath, , --add-modules, ALL-MODULE-PATH, -proc:none, -g, -Xlint:cast, -Xlint:deprecation, -Xlint:empty, -Xlint:fallthrough, -Xlint:finally, -Xlint:path, -Xlint:unchecked, -Xlint:varargs, -Xlint:static] to [-classpath, , --add-modules, ALL-MODULE-PATH, -proc:none, -g, -Xlint:cast, -Xlint:deprecation, -Xlint:empty, -Xlint:fallthrough, -Xlint:finally, -Xlint:path, -Xlint:unchecked, -Xlint:varargs, -Xlint:static], creating new compiler
Sep 28, 2025 4:55:30 PM org.javacs.JavaLanguageServer findReferences
INFO: compile component: 13.5206 document: file:///C:/Users/74993/Desktop/毕设/wll论文/java-language-server2/outputDir/DEF/cu/DEF_1920.java
Sep 28, 2025 4:55:30 PM org.javacs.JavaLanguageServer findReferences
INFO: locate component: 397.9459 document: file:///C:/Users/74993/Desktop/毕设/wll论文/java-language-server2/outputDir/DEF/cu/DEF_1920.java
Sep 28, 2025 4:55:30 PM org.javacs.JavaLanguageServer findReferences
INFO: traverse component: 0.0 document: file:///C:/Users/74993/Desktop/毕设/wll论文/java-language-server2/outputDir/DEF/cu/DEF_1920.java
Sep 28, 2025 4:55:30 PM org.javacs.JavaLanguageServer findReferences
INFO: NOD: 25518 document: file:///C:/Users/74993/Desktop/毕设/wll论文/java-language-server2/outputDir/DEF/cu/DEF_1920.java
Sep 28, 2025 4:55:30 PM org.javacs.JavaLanguageServer findReferences
INFO: DEF: 1920 document: file:///C:/Users/74993/Desktop/毕设/wll论文/java-language-server2/outputDir/DEF/cu/DEF_1920.java
Sep 28, 2025 4:55:30 PM org.javacs.JavaLanguageServer findReferences
INFO: OCC: 15063 document: file:///C:/Users/74993/Desktop/毕设/wll论文/java-language-server2/outputDir/DEF/cu/DEF_1920.java
Sep 28, 2025 4:55:30 PM org.javacs.JavaLanguageServer findReferences
INFO: LOC: 10771 document: file:///C:/Users/74993/Desktop/毕设/wll论文/java-language-server2/outputDir/DEF/cu/DEF_1920.java
Sep 28, 2025 4:55:30 PM org.javacs.ScanClassPath jdkTopLevelClasses
INFO: Searching for top-level classes in the JDK
Sep 28, 2025 4:55:30 PM org.javacs.ScanClassPath jdkTopLevelClasses
INFO: Found 15005 classes in the java platform
Sep 28, 2025 4:55:30 PM org.javacs.ScanClassPath classPathTopLevelClasses
INFO: Searching for top-level classes in 0 classpath locations
Sep 28, 2025 4:55:30 PM org.javacs.ScanClassPath classPathTopLevelClasses
INFO: Found 0 classes in classpath
Sep 28, 2025 4:55:30 PM org.javacs.ReusableCompiler getTask
WARNING: Options changed from [-classpath, , --add-modules, ALL-MODULE-PATH, -proc:none, -g, -Xlint:cast, -Xlint:deprecation, -Xlint:empty, -Xlint:fallthrough, -Xlint:finally, -Xlint:path, -Xlint:unchecked, -Xlint:varargs, -Xlint:static] to [-classpath, , --add-modules, ALL-MODULE-PATH, -proc:none, -g, -Xlint:cast, -Xlint:deprecation, -Xlint:empty, -Xlint:fallthrough, -Xlint:finally, -Xlint:path, -Xlint:unchecked, -Xlint:varargs, -Xlint:static], creating new compiler
Sep 28, 2025 4:55:30 PM org.javacs.JavaLanguageServer findReferences
INFO: compile component: 16.518 document: file:///C:/Users/74993/Desktop/毕设/wll论文/java-language-server2/outputDir/DEF/cu/DEF_1920.java
Sep 28, 2025 4:55:31 PM org.javacs.JavaLanguageServer findReferences
INFO: locate component: 396.0407 document: file:///C:/Users/74993/Desktop/毕设/wll论文/java-language-server2/outputDir/DEF/cu/DEF_1920.java
Sep 28, 2025 4:55:31 PM org.javacs.JavaLanguageServer findReferences
INFO: traverse component: 0.9974 document: file:///C:/Users/74993/Desktop/毕设/wll论文/java-language-server2/outputDir/DEF/cu/DEF_1920.java
Sep 28, 2025 4:55:31 PM org.javacs.JavaLanguageServer findReferences
INFO: NOD: 25518 document: file:///C:/Users/74993/Desktop/毕设/wll论文/java-language-server2/outputDir/DEF/cu/DEF_1920.java
Sep 28, 2025 4:55:31 PM org.javacs.JavaLanguageServer findReferences
INFO: DEF: 1920 document: file:///C:/Users/74993/Desktop/毕设/wll论文/java-language-server2/outputDir/DEF/cu/DEF_1920.java
Sep 28, 2025 4:55:31 PM org.javacs.JavaLanguageServer findReferences
INFO: OCC: 15063 document: file:///C:/Users/74993/Desktop/毕设/wll论文/java-language-server2/outputDir/DEF/cu/DEF_1920.java
Sep 28, 2025 4:55:31 PM org.javacs.JavaLanguageServer findReferences
INFO: LOC: 10771 document: file:///C:/Users/74993/Desktop/毕设/wll论文/java-language-server2/outputDir/DEF/cu/DEF_1920.java
Sep 28, 2025 4:55:31 PM org.javacs.ScanClassPath jdkTopLevelClasses
INFO: Searching for top-level classes in the JDK
Sep 28, 2025 4:55:31 PM org.javacs.ScanClassPath jdkTopLevelClasses
INFO: Found 15005 classes in the java platform
Sep 28, 2025 4:55:31 PM org.javacs.ScanClassPath classPathTopLevelClasses
INFO: Searching for top-level classes in 0 classpath locations
Sep 28, 2025 4:55:31 PM org.javacs.ScanClassPath classPathTopLevelClasses
INFO: Found 0 classes in classpath
Sep 28, 2025 4:55:31 PM org.javacs.ReusableCompiler getTask
WARNING: Options changed from [-classpath, , --add-modules, ALL-MODULE-PATH, -proc:none, -g, -Xlint:cast, -Xlint:deprecation, -Xlint:empty, -Xlint:fallthrough, -Xlint:finally, -Xlint:path, -Xlint:unchecked, -Xlint:varargs, -Xlint:static] to [-classpath, , --add-modules, ALL-MODULE-PATH, -proc:none, -g, -Xlint:cast, -Xlint:deprecation, -Xlint:empty, -Xlint:fallthrough, -Xlint:finally, -Xlint:path, -Xlint:unchecked, -Xlint:varargs, -Xlint:static], creating new compiler
Sep 28, 2025 4:55:31 PM org.javacs.JavaLanguageServer findReferences
INFO: compile component: 13.3803 document: file:///C:/Users/74993/Desktop/毕设/wll论文/java-language-server2/outputDir/DEF/cu/DEF_1920.java
Sep 28, 2025 4:55:31 PM org.javacs.JavaLanguageServer findReferences
INFO: locate component: 409.8903 document: file:///C:/Users/74993/Desktop/毕设/wll论文/java-language-server2/outputDir/DEF/cu/DEF_1920.java
Sep 28, 2025 4:55:31 PM org.javacs.JavaLanguageServer findReferences
INFO: traverse component: 0.0 document: file:///C:/Users/74993/Desktop/毕设/wll论文/java-language-server2/outputDir/DEF/cu/DEF_1920.java
Sep 28, 2025 4:55:31 PM org.javacs.JavaLanguageServer findReferences
INFO: NOD: 25518 document: file:///C:/Users/74993/Desktop/毕设/wll论文/java-language-server2/outputDir/DEF/cu/DEF_1920.java
Sep 28, 2025 4:55:31 PM org.javacs.JavaLanguageServer findReferences
INFO: DEF: 1920 document: file:///C:/Users/74993/Desktop/毕设/wll论文/java-language-server2/outputDir/DEF/cu/DEF_1920.java
Sep 28, 2025 4:55:31 PM org.javacs.JavaLanguageServer findReferences
INFO: OCC: 15063 document: file:///C:/Users/74993/Desktop/毕设/wll论文/java-language-server2/outputDir/DEF/cu/DEF_1920.java
Sep 28, 2025 4:55:31 PM org.javacs.JavaLanguageServer findReferences
INFO: LOC: 10771 document: file:///C:/Users/74993/Desktop/毕设/wll论文/java-language-server2/outputDir/DEF/cu/DEF_1920.java
Sep 28, 2025 4:55:31 PM org.javacs.JavaLanguageServer didOpenTextDocument
INFO: #didOpenTextDocument# try call goto {"context":{"includeDeclaration":false},"textDocument":{"uri":"file:///C:/Users/74993/Desktop/%E6%AF%95%E8%AE%BE/wll%E8%AE%BA%E6%96%87/java-language-server2/outputDir/DEF/cu/DEF_1920.java"},"position":{"line":73,"character":31}}
Sep 28, 2025 4:55:31 PM org.javacs.JavaCompilerService compileBatch
INFO: ...using cached compile
Sep 28, 2025 4:55:32 PM org.javacs.JavaLanguageServer gotoDefinition
INFO: gotoDefinition: 393.833 document: file:///C:/Users/74993/Desktop/毕设/wll论文/java-language-server2/outputDir/DEF/cu/DEF_1920.java
Sep 28, 2025 4:55:32 PM org.javacs.JavaCompilerService compileBatch
INFO: ...using cached compile
Sep 28, 2025 4:55:32 PM org.javacs.JavaLanguageServer gotoDefinition
INFO: gotoDefinition: 407.2658 document: file:///C:/Users/74993/Desktop/毕设/wll论文/java-language-server2/outputDir/DEF/cu/DEF_1920.java
Sep 28, 2025 4:55:32 PM org.javacs.JavaCompilerService compileBatch
INFO: ...using cached compile
Sep 28, 2025 4:55:33 PM org.javacs.JavaLanguageServer gotoDefinition
INFO: gotoDefinition: 403.3184 document: file:///C:/Users/74993/Desktop/毕设/wll论文/java-language-server2/outputDir/DEF/cu/DEF_1920.java
Sep 28, 2025 4:55:33 PM org.javacs.JavaCompilerService compileBatch
INFO: ...using cached compile
Sep 28, 2025 4:55:33 PM org.javacs.JavaLanguageServer gotoDefinition
INFO: gotoDefinition: 376.4038 document: file:///C:/Users/74993/Desktop/毕设/wll论文/java-language-server2/outputDir/DEF/cu/DEF_1920.java
Sep 28, 2025 4:55:33 PM org.javacs.JavaCompilerService compileBatch
INFO: ...using cached compile
Sep 28, 2025 4:55:33 PM org.javacs.JavaLanguageServer gotoDefinition
INFO: gotoDefinition: 388.3156 document: file:///C:/Users/74993/Desktop/毕设/wll论文/java-language-server2/outputDir/DEF/cu/DEF_1920.java
Sep 28, 2025 4:55:33 PM org.javacs.JavaLanguageServer didOpenTextDocument
INFO: #didOpenTextDocument# try call rename {"context":{"includeDeclaration":false},"textDocument":{"uri":"file:///C:/Users/74993/Desktop/%E6%AF%95%E8%AE%BE/wll%E8%AE%BA%E6%96%87/java-language-server2/outputDir/DEF/cu/DEF_1920.java"},"position":{"line":73,"character":31}}
Sep 28, 2025 4:55:33 PM org.javacs.JavaCompilerService compileBatch
INFO: ...using cached compile
Sep 28, 2025 4:55:34 PM org.javacs.JavaLanguageServer rename
INFO: rename: 355.8401 document: file:///C:/Users/74993/Desktop/毕设/wll论文/java-language-server2/outputDir/DEF/cu/DEF_1920.java
Sep 28, 2025 4:55:34 PM org.javacs.JavaCompilerService compileBatch
INFO: ...using cached compile
Sep 28, 2025 4:55:34 PM org.javacs.JavaLanguageServer rename
INFO: rename: 374.9873 document: file:///C:/Users/74993/Desktop/毕设/wll论文/java-language-server2/outputDir/DEF/cu/DEF_1920.java
Sep 28, 2025 4:55:34 PM org.javacs.JavaCompilerService compileBatch
INFO: ...using cached compile
Sep 28, 2025 4:55:34 PM org.javacs.JavaLanguageServer rename
INFO: rename: 370.5533 document: file:///C:/Users/74993/Desktop/毕设/wll论文/java-language-server2/outputDir/DEF/cu/DEF_1920.java
Sep 28, 2025 4:55:34 PM org.javacs.JavaCompilerService compileBatch
INFO: ...using cached compile
Sep 28, 2025 4:55:35 PM org.javacs.JavaLanguageServer rename
INFO: rename: 367.9862 document: file:///C:/Users/74993/Desktop/毕设/wll论文/java-language-server2/outputDir/DEF/cu/DEF_1920.java
Sep 28, 2025 4:55:35 PM org.javacs.JavaCompilerService compileBatch
INFO: ...using cached compile
Sep 28, 2025 4:55:35 PM org.javacs.JavaLanguageServer rename
INFO: rename: 388.4821 document: file:///C:/Users/74993/Desktop/毕设/wll论文/java-language-server2/outputDir/DEF/cu/DEF_1920.java
Sep 28, 2025 4:55:35 PM org.javacs.JavaLanguageServer didOpenTextDocument
INFO: #didOpenTextDocument# try completion {"context":{"includeDeclaration":false},"textDocument":{"uri":"file:///C:/Users/74993/Desktop/%E6%AF%95%E8%AE%BE/wll%E8%AE%BA%E6%96%87/java-language-server2/outputDir/DEF/cu/DEF_1920.java"},"position":{"line":73,"character":31}}
Sep 28, 2025 4:55:35 PM org.javacs.JavaLanguageServer completion
INFO: completion: 20.0445 document: file:///C:/Users/74993/Desktop/毕设/wll论文/java-language-server2/outputDir/DEF/cu/DEF_1920.java
Sep 28, 2025 4:55:35 PM org.javacs.JavaLanguageServer completion
INFO: completion: 29.0891 document: file:///C:/Users/74993/Desktop/毕设/wll论文/java-language-server2/outputDir/DEF/cu/DEF_1920.java
Sep 28, 2025 4:55:35 PM org.javacs.JavaLanguageServer completion
INFO: completion: 16.5255 document: file:///C:/Users/74993/Desktop/毕设/wll论文/java-language-server2/outputDir/DEF/cu/DEF_1920.java
Sep 28, 2025 4:55:35 PM org.javacs.JavaLanguageServer completion
INFO: completion: 14.9846 document: file:///C:/Users/74993/Desktop/毕设/wll论文/java-language-server2/outputDir/DEF/cu/DEF_1920.java
Sep 28, 2025 4:55:35 PM org.javacs.JavaLanguageServer completion
INFO: completion: 15.5197 document: file:///C:/Users/74993/Desktop/毕设/wll论文/java-language-server2/outputDir/DEF/cu/DEF_1920.java
Sep 28, 2025 4:55:35 PM org.javacs.JavaLanguageServer didOpenTextDocument
INFO: #didOpenTextDocument# try call goto {"context":{"includeDeclaration":false},"textDocument":{"uri":"file:///C:/Users/74993/Desktop/%E6%AF%95%E8%AE%BE/wll%E8%AE%BA%E6%96%87/java-language-server2/outputDir/DEF/cu/DEF_1920.java"},"position":{"line":10727,"character":26}}
Sep 28, 2025 4:55:36 PM org.javacs.JavaCompilerService findPublicTypeDeclarationInJdk
INFO: ...found jar:file:///C:/Program%20Files/Java/jdk-22/lib/src.zip!/java.base/java/lang/Object.java in module java.base of jdk
Sep 28, 2025 4:55:36 PM org.javacs.JavaLanguageServer gotoDefinition
INFO: gotoDefinition: 432.199 document: file:///C:/Users/74993/Desktop/毕设/wll论文/java-language-server2/outputDir/DEF/cu/DEF_1920.java
Sep 28, 2025 4:55:36 PM org.javacs.JavaCompilerService compileBatch
INFO: ...using cached compile
Sep 28, 2025 4:55:36 PM org.javacs.JavaCompilerService findPublicTypeDeclarationInJdk
INFO: ...found jar:file:///C:/Program%20Files/Java/jdk-22/lib/src.zip!/java.base/java/lang/Object.java in module java.base of jdk
Sep 28, 2025 4:55:36 PM org.javacs.JavaLanguageServer gotoDefinition
INFO: gotoDefinition: 384.9494 document: file:///C:/Users/74993/Desktop/毕设/wll论文/java-language-server2/outputDir/DEF/cu/DEF_1920.java
Sep 28, 2025 4:55:36 PM org.javacs.JavaCompilerService compileBatch
INFO: ...using cached compile
Sep 28, 2025 4:55:37 PM org.javacs.JavaCompilerService findPublicTypeDeclarationInJdk
INFO: ...found jar:file:///C:/Program%20Files/Java/jdk-22/lib/src.zip!/java.base/java/lang/Object.java in module java.base of jdk
Sep 28, 2025 4:55:37 PM org.javacs.JavaLanguageServer gotoDefinition
INFO: gotoDefinition: 379.737 document: file:///C:/Users/74993/Desktop/毕设/wll论文/java-language-server2/outputDir/DEF/cu/DEF_1920.java
Sep 28, 2025 4:55:37 PM org.javacs.JavaCompilerService compileBatch
INFO: ...using cached compile
Sep 28, 2025 4:55:37 PM org.javacs.JavaCompilerService findPublicTypeDeclarationInJdk
INFO: ...found jar:file:///C:/Program%20Files/Java/jdk-22/lib/src.zip!/java.base/java/lang/Object.java in module java.base of jdk
Sep 28, 2025 4:55:37 PM org.javacs.JavaLanguageServer gotoDefinition
INFO: gotoDefinition: 383.0513 document: file:///C:/Users/74993/Desktop/毕设/wll论文/java-language-server2/outputDir/DEF/cu/DEF_1920.java
Sep 28, 2025 4:55:37 PM org.javacs.JavaCompilerService compileBatch
INFO: ...using cached compile
Sep 28, 2025 4:55:37 PM org.javacs.JavaCompilerService findPublicTypeDeclarationInJdk
INFO: ...found jar:file:///C:/Program%20Files/Java/jdk-22/lib/src.zip!/java.base/java/lang/Object.java in module java.base of jdk
Sep 28, 2025 4:55:37 PM org.javacs.JavaLanguageServer gotoDefinition
INFO: gotoDefinition: 418.2988 document: file:///C:/Users/74993/Desktop/毕设/wll论文/java-language-server2/outputDir/DEF/cu/DEF_1920.java
Sep 28, 2025 4:55:37 PM org.javacs.JavaLanguageServer didOpenTextDocument
INFO: #didOpenTextDocument# try call rename {"context":{"includeDeclaration":false},"textDocument":{"uri":"file:///C:/Users/74993/Desktop/%E6%AF%95%E8%AE%BE/wll%E8%AE%BA%E6%96%87/java-language-server2/outputDir/DEF/cu/DEF_1920.java"},"position":{"line":10727,"character":26}}
Sep 28, 2025 4:55:37 PM org.javacs.JavaCompilerService compileBatch
INFO: ...using cached compile
Sep 28, 2025 4:55:38 PM org.javacs.JavaLanguageServer rename
INFO: rename: 394.1922 document: file:///C:/Users/74993/Desktop/毕设/wll论文/java-language-server2/outputDir/DEF/cu/DEF_1920.java
Sep 28, 2025 4:55:38 PM org.javacs.JavaCompilerService compileBatch
INFO: ...using cached compile
Sep 28, 2025 4:55:38 PM org.javacs.JavaLanguageServer rename
INFO: rename: 385.143 document: file:///C:/Users/74993/Desktop/毕设/wll论文/java-language-server2/outputDir/DEF/cu/DEF_1920.java
Sep 28, 2025 4:55:38 PM org.javacs.JavaCompilerService compileBatch
INFO: ...using cached compile
Sep 28, 2025 4:55:39 PM org.javacs.JavaLanguageServer rename
INFO: rename: 379.7483 document: file:///C:/Users/74993/Desktop/毕设/wll论文/java-language-server2/outputDir/DEF/cu/DEF_1920.java
Sep 28, 2025 4:55:39 PM org.javacs.JavaCompilerService compileBatch
INFO: ...using cached compile
Sep 28, 2025 4:55:39 PM org.javacs.JavaLanguageServer rename
INFO: rename: 365.6691 document: file:///C:/Users/74993/Desktop/毕设/wll论文/java-language-server2/outputDir/DEF/cu/DEF_1920.java
Sep 28, 2025 4:55:39 PM org.javacs.JavaCompilerService compileBatch
INFO: ...using cached compile
Sep 28, 2025 4:55:39 PM org.javacs.JavaLanguageServer rename
INFO: rename: 374.1949 document: file:///C:/Users/74993/Desktop/毕设/wll论文/java-language-server2/outputDir/DEF/cu/DEF_1920.java
Sep 28, 2025 4:55:39 PM org.javacs.JavaLanguageServer didOpenTextDocument
INFO: #didOpenTextDocument# try completion {"context":{"includeDeclaration":false},"textDocument":{"uri":"file:///C:/Users/74993/Desktop/%E6%AF%95%E8%AE%BE/wll%E8%AE%BA%E6%96%87/java-language-server2/outputDir/DEF/cu/DEF_1920.java"},"position":{"line":10727,"character":26}}
Sep 28, 2025 4:55:39 PM org.javacs.JavaLanguageServer completion
INFO: completion: 16.0397 document: file:///C:/Users/74993/Desktop/毕设/wll论文/java-language-server2/outputDir/DEF/cu/DEF_1920.java
Sep 28, 2025 4:55:39 PM org.javacs.JavaLanguageServer completion
INFO: completion: 15.5501 document: file:///C:/Users/74993/Desktop/毕设/wll论文/java-language-server2/outputDir/DEF/cu/DEF_1920.java
Sep 28, 2025 4:55:39 PM org.javacs.JavaLanguageServer completion
INFO: completion: 15.6506 document: file:///C:/Users/74993/Desktop/毕设/wll论文/java-language-server2/outputDir/DEF/cu/DEF_1920.java
Sep 28, 2025 4:55:39 PM org.javacs.JavaLanguageServer completion
INFO: completion: 16.0398 document: file:///C:/Users/74993/Desktop/毕设/wll论文/java-language-server2/outputDir/DEF/cu/DEF_1920.java
Sep 28, 2025 4:55:39 PM org.javacs.JavaLanguageServer completion
INFO: completion: 17.2444 document: file:///C:/Users/74993/Desktop/毕设/wll论文/java-language-server2/outputDir/DEF/cu/DEF_1920.java
Sep 28, 2025 4:55:39 PM org.javacs.JavaLanguageServer didOpenTextDocument
INFO: #didOpenTextDocument# try call reference {"context":{"includeDeclaration":false},"textDocument":{"uri":"file:///C:/Users/74993/Desktop/%E6%AF%95%E8%AE%BE/wll%E8%AE%BA%E6%96%87/java-language-server2/outputDir/DEF/cv/DEF_2000.java"},"position":{"line":73,"character":31}}
Sep 28, 2025 4:55:39 PM org.javacs.ScanClassPath jdkTopLevelClasses
INFO: Searching for top-level classes in the JDK
Sep 28, 2025 4:55:39 PM org.javacs.ScanClassPath jdkTopLevelClasses
INFO: Found 15005 classes in the java platform
Sep 28, 2025 4:55:40 PM org.javacs.ScanClassPath classPathTopLevelClasses
INFO: Searching for top-level classes in 0 classpath locations
Sep 28, 2025 4:55:40 PM org.javacs.ScanClassPath classPathTopLevelClasses
INFO: Found 0 classes in classpath
Sep 28, 2025 4:55:40 PM org.javacs.ReusableCompiler getTask
WARNING: Options changed from [-classpath, , --add-modules, ALL-MODULE-PATH, -proc:none, -g, -Xlint:cast, -Xlint:deprecation, -Xlint:empty, -Xlint:fallthrough, -Xlint:finally, -Xlint:path, -Xlint:unchecked, -Xlint:varargs, -Xlint:static] to [-classpath, , --add-modules, ALL-MODULE-PATH, -proc:none, -g, -Xlint:cast, -Xlint:deprecation, -Xlint:empty, -Xlint:fallthrough, -Xlint:finally, -Xlint:path, -Xlint:unchecked, -Xlint:varargs, -Xlint:static], creating new compiler
Sep 28, 2025 4:55:40 PM org.javacs.JavaLanguageServer findReferences
INFO: compile component: 36.0005 document: file:///C:/Users/74993/Desktop/毕设/wll论文/java-language-server2/outputDir/DEF/cv/DEF_2000.java
Sep 28, 2025 4:55:40 PM org.javacs.JavaLanguageServer findReferences
INFO: locate component: 416.9801 document: file:///C:/Users/74993/Desktop/毕设/wll论文/java-language-server2/outputDir/DEF/cv/DEF_2000.java
Sep 28, 2025 4:55:40 PM org.javacs.JavaLanguageServer findReferences
INFO: traverse component: 0.0 document: file:///C:/Users/74993/Desktop/毕设/wll论文/java-language-server2/outputDir/DEF/cv/DEF_2000.java
Sep 28, 2025 4:55:40 PM org.javacs.JavaLanguageServer findReferences
INFO: NOD: 25719 document: file:///C:/Users/74993/Desktop/毕设/wll论文/java-language-server2/outputDir/DEF/cv/DEF_2000.java
Sep 28, 2025 4:55:40 PM org.javacs.JavaLanguageServer findReferences
INFO: DEF: 2000 document: file:///C:/Users/74993/Desktop/毕设/wll论文/java-language-server2/outputDir/DEF/cv/DEF_2000.java
Sep 28, 2025 4:55:40 PM org.javacs.JavaLanguageServer findReferences
INFO: OCC: 15216 document: file:///C:/Users/74993/Desktop/毕设/wll论文/java-language-server2/outputDir/DEF/cv/DEF_2000.java
Sep 28, 2025 4:55:40 PM org.javacs.JavaLanguageServer findReferences
INFO: LOC: 10875 document: file:///C:/Users/74993/Desktop/毕设/wll论文/java-language-server2/outputDir/DEF/cv/DEF_2000.java
Sep 28, 2025 4:55:40 PM org.javacs.ScanClassPath jdkTopLevelClasses
INFO: Searching for top-level classes in the JDK
Sep 28, 2025 4:55:40 PM org.javacs.ScanClassPath jdkTopLevelClasses
INFO: Found 15005 classes in the java platform
Sep 28, 2025 4:55:40 PM org.javacs.ScanClassPath classPathTopLevelClasses
INFO: Searching for top-level classes in 0 classpath locations
Sep 28, 2025 4:55:40 PM org.javacs.ScanClassPath classPathTopLevelClasses
INFO: Found 0 classes in classpath
Sep 28, 2025 4:55:40 PM org.javacs.ReusableCompiler getTask
WARNING: Options changed from [-classpath, , --add-modules, ALL-MODULE-PATH, -proc:none, -g, -Xlint:cast, -Xlint:deprecation, -Xlint:empty, -Xlint:fallthrough, -Xlint:finally, -Xlint:path, -Xlint:unchecked, -Xlint:varargs, -Xlint:static] to [-classpath, , --add-modules, ALL-MODULE-PATH, -proc:none, -g, -Xlint:cast, -Xlint:deprecation, -Xlint:empty, -Xlint:fallthrough, -Xlint:finally, -Xlint:path, -Xlint:unchecked, -Xlint:varargs, -Xlint:static], creating new compiler
Sep 28, 2025 4:55:40 PM org.javacs.JavaLanguageServer findReferences
INFO: compile component: 14.4806 document: file:///C:/Users/74993/Desktop/毕设/wll论文/java-language-server2/outputDir/DEF/cv/DEF_2000.java
Sep 28, 2025 4:55:41 PM org.javacs.JavaLanguageServer findReferences
INFO: locate component: 397.3401 document: file:///C:/Users/74993/Desktop/毕设/wll论文/java-language-server2/outputDir/DEF/cv/DEF_2000.java
Sep 28, 2025 4:55:41 PM org.javacs.JavaLanguageServer findReferences
INFO: traverse component: 1.0894 document: file:///C:/Users/74993/Desktop/毕设/wll论文/java-language-server2/outputDir/DEF/cv/DEF_2000.java
Sep 28, 2025 4:55:41 PM org.javacs.JavaLanguageServer findReferences
INFO: NOD: 25719 document: file:///C:/Users/74993/Desktop/毕设/wll论文/java-language-server2/outputDir/DEF/cv/DEF_2000.java
Sep 28, 2025 4:55:41 PM org.javacs.JavaLanguageServer findReferences
INFO: DEF: 2000 document: file:///C:/Users/74993/Desktop/毕设/wll论文/java-language-server2/outputDir/DEF/cv/DEF_2000.java
Sep 28, 2025 4:55:41 PM org.javacs.JavaLanguageServer findReferences
INFO: OCC: 15216 document: file:///C:/Users/74993/Desktop/毕设/wll论文/java-language-server2/outputDir/DEF/cv/DEF_2000.java
Sep 28, 2025 4:55:41 PM org.javacs.JavaLanguageServer findReferences
INFO: LOC: 10875 document: file:///C:/Users/74993/Desktop/毕设/wll论文/java-language-server2/outputDir/DEF/cv/DEF_2000.java
Sep 28, 2025 4:55:41 PM org.javacs.ScanClassPath jdkTopLevelClasses
INFO: Searching for top-level classes in the JDK
Sep 28, 2025 4:55:41 PM org.javacs.ScanClassPath jdkTopLevelClasses
INFO: Found 15005 classes in the java platform
Sep 28, 2025 4:55:41 PM org.javacs.ScanClassPath classPathTopLevelClasses
INFO: Searching for top-level classes in 0 classpath locations
Sep 28, 2025 4:55:41 PM org.javacs.ScanClassPath classPathTopLevelClasses
INFO: Found 0 classes in classpath
Sep 28, 2025 4:55:41 PM org.javacs.ReusableCompiler getTask
WARNING: Options changed from [-classpath, , --add-modules, ALL-MODULE-PATH, -proc:none, -g, -Xlint:cast, -Xlint:deprecation, -Xlint:empty, -Xlint:fallthrough, -Xlint:finally, -Xlint:path, -Xlint:unchecked, -Xlint:varargs, -Xlint:static] to [-classpath, , --add-modules, ALL-MODULE-PATH, -proc:none, -g, -Xlint:cast, -Xlint:deprecation, -Xlint:empty, -Xlint:fallthrough, -Xlint:finally, -Xlint:path, -Xlint:unchecked, -Xlint:varargs, -Xlint:static], creating new compiler
Sep 28, 2025 4:55:41 PM org.javacs.JavaLanguageServer findReferences
INFO: compile component: 22.563 document: file:///C:/Users/74993/Desktop/毕设/wll论文/java-language-server2/outputDir/DEF/cv/DEF_2000.java
Sep 28, 2025 4:55:41 PM org.javacs.JavaLanguageServer findReferences
INFO: locate component: 457.5701 document: file:///C:/Users/74993/Desktop/毕设/wll论文/java-language-server2/outputDir/DEF/cv/DEF_2000.java
Sep 28, 2025 4:55:41 PM org.javacs.JavaLanguageServer findReferences
INFO: traverse component: 0.9991 document: file:///C:/Users/74993/Desktop/毕设/wll论文/java-language-server2/outputDir/DEF/cv/DEF_2000.java
Sep 28, 2025 4:55:41 PM org.javacs.JavaLanguageServer findReferences
INFO: NOD: 25719 document: file:///C:/Users/74993/Desktop/毕设/wll论文/java-language-server2/outputDir/DEF/cv/DEF_2000.java
Sep 28, 2025 4:55:41 PM org.javacs.JavaLanguageServer findReferences
INFO: DEF: 2000 document: file:///C:/Users/74993/Desktop/毕设/wll论文/java-language-server2/outputDir/DEF/cv/DEF_2000.java
Sep 28, 2025 4:55:41 PM org.javacs.JavaLanguageServer findReferences
INFO: OCC: 15216 document: file:///C:/Users/74993/Desktop/毕设/wll论文/java-language-server2/outputDir/DEF/cv/DEF_2000.java
Sep 28, 2025 4:55:41 PM org.javacs.JavaLanguageServer findReferences
INFO: LOC: 10875 document: file:///C:/Users/74993/Desktop/毕设/wll论文/java-language-server2/outputDir/DEF/cv/DEF_2000.java
Sep 28, 2025 4:55:41 PM org.javacs.ScanClassPath jdkTopLevelClasses
INFO: Searching for top-level classes in the JDK
Sep 28, 2025 4:55:41 PM org.javacs.ScanClassPath jdkTopLevelClasses
INFO: Found 15005 classes in the java platform
Sep 28, 2025 4:55:41 PM org.javacs.ScanClassPath classPathTopLevelClasses
INFO: Searching for top-level classes in 0 classpath locations
Sep 28, 2025 4:55:41 PM org.javacs.ScanClassPath classPathTopLevelClasses
INFO: Found 0 classes in classpath
Sep 28, 2025 4:55:41 PM org.javacs.ReusableCompiler getTask
WARNING: Options changed from [-classpath, , --add-modules, ALL-MODULE-PATH, -proc:none, -g, -Xlint:cast, -Xlint:deprecation, -Xlint:empty, -Xlint:fallthrough, -Xlint:finally, -Xlint:path, -Xlint:unchecked, -Xlint:varargs, -Xlint:static] to [-classpath, , --add-modules, ALL-MODULE-PATH, -proc:none, -g, -Xlint:cast, -Xlint:deprecation, -Xlint:empty, -Xlint:fallthrough, -Xlint:finally, -Xlint:path, -Xlint:unchecked, -Xlint:varargs, -Xlint:static], creating new compiler
Sep 28, 2025 4:55:41 PM org.javacs.JavaLanguageServer findReferences
INFO: compile component: 17.5386 document: file:///C:/Users/74993/Desktop/毕设/wll论文/java-language-server2/outputDir/DEF/cv/DEF_2000.java
Sep 28, 2025 4:55:42 PM org.javacs.JavaLanguageServer findReferences
INFO: locate component: 385.6036 document: file:///C:/Users/74993/Desktop/毕设/wll论文/java-language-server2/outputDir/DEF/cv/DEF_2000.java
Sep 28, 2025 4:55:42 PM org.javacs.JavaLanguageServer findReferences
INFO: traverse component: 0.0 document: file:///C:/Users/74993/Desktop/毕设/wll论文/java-language-server2/outputDir/DEF/cv/DEF_2000.java
Sep 28, 2025 4:55:42 PM org.javacs.JavaLanguageServer findReferences
INFO: NOD: 25719 document: file:///C:/Users/74993/Desktop/毕设/wll论文/java-language-server2/outputDir/DEF/cv/DEF_2000.java
Sep 28, 2025 4:55:42 PM org.javacs.JavaLanguageServer findReferences
INFO: DEF: 2000 document: file:///C:/Users/74993/Desktop/毕设/wll论文/java-language-server2/outputDir/DEF/cv/DEF_2000.java
Sep 28, 2025 4:55:42 PM org.javacs.JavaLanguageServer findReferences
INFO: OCC: 15216 document: file:///C:/Users/74993/Desktop/毕设/wll论文/java-language-server2/outputDir/DEF/cv/DEF_2000.java
Sep 28, 2025 4:55:42 PM org.javacs.JavaLanguageServer findReferences
INFO: LOC: 10875 document: file:///C:/Users/74993/Desktop/毕设/wll论文/java-language-server2/outputDir/DEF/cv/DEF_2000.java
Sep 28, 2025 4:55:42 PM org.javacs.ScanClassPath jdkTopLevelClasses
INFO: Searching for top-level classes in the JDK
Sep 28, 2025 4:55:42 PM org.javacs.ScanClassPath jdkTopLevelClasses
INFO: Found 15005 classes in the java platform
Sep 28, 2025 4:55:42 PM org.javacs.ScanClassPath classPathTopLevelClasses
INFO: Searching for top-level classes in 0 classpath locations
Sep 28, 2025 4:55:42 PM org.javacs.ScanClassPath classPathTopLevelClasses
INFO: Found 0 classes in classpath
Sep 28, 2025 4:55:42 PM org.javacs.ReusableCompiler getTask
WARNING: Options changed from [-classpath, , --add-modules, ALL-MODULE-PATH, -proc:none, -g, -Xlint:cast, -Xlint:deprecation, -Xlint:empty, -Xlint:fallthrough, -Xlint:finally, -Xlint:path, -Xlint:unchecked, -Xlint:varargs, -Xlint:static] to [-classpath, , --add-modules, ALL-MODULE-PATH, -proc:none, -g, -Xlint:cast, -Xlint:deprecation, -Xlint:empty, -Xlint:fallthrough, -Xlint:finally, -Xlint:path, -Xlint:unchecked, -Xlint:varargs, -Xlint:static], creating new compiler
Sep 28, 2025 4:55:42 PM org.javacs.JavaLanguageServer findReferences
INFO: compile component: 13.5261 document: file:///C:/Users/74993/Desktop/毕设/wll论文/java-language-server2/outputDir/DEF/cv/DEF_2000.java
Sep 28, 2025 4:55:42 PM org.javacs.JavaLanguageServer findReferences
INFO: locate component: 425.037 document: file:///C:/Users/74993/Desktop/毕设/wll论文/java-language-server2/outputDir/DEF/cv/DEF_2000.java
Sep 28, 2025 4:55:42 PM org.javacs.JavaLanguageServer findReferences
INFO: traverse component: 0.0 document: file:///C:/Users/74993/Desktop/毕设/wll论文/java-language-server2/outputDir/DEF/cv/DEF_2000.java
Sep 28, 2025 4:55:42 PM org.javacs.JavaLanguageServer findReferences
INFO: NOD: 25719 document: file:///C:/Users/74993/Desktop/毕设/wll论文/java-language-server2/outputDir/DEF/cv/DEF_2000.java
Sep 28, 2025 4:55:42 PM org.javacs.JavaLanguageServer findReferences
INFO: DEF: 2000 document: file:///C:/Users/74993/Desktop/毕设/wll论文/java-language-server2/outputDir/DEF/cv/DEF_2000.java
Sep 28, 2025 4:55:42 PM org.javacs.JavaLanguageServer findReferences
INFO: OCC: 15216 document: file:///C:/Users/74993/Desktop/毕设/wll论文/java-language-server2/outputDir/DEF/cv/DEF_2000.java
Sep 28, 2025 4:55:42 PM org.javacs.JavaLanguageServer findReferences
INFO: LOC: 10875 document: file:///C:/Users/74993/Desktop/毕设/wll论文/java-language-server2/outputDir/DEF/cv/DEF_2000.java
Sep 28, 2025 4:55:42 PM org.javacs.JavaLanguageServer didOpenTextDocument
INFO: #didOpenTextDocument# try call goto {"context":{"includeDeclaration":false},"textDocument":{"uri":"file:///C:/Users/74993/Desktop/%E6%AF%95%E8%AE%BE/wll%E8%AE%BA%E6%96%87/java-language-server2/outputDir/DEF/cv/DEF_2000.java"},"position":{"line":73,"character":31}}
Sep 28, 2025 4:55:42 PM org.javacs.JavaCompilerService compileBatch
INFO: ...using cached compile
Sep 28, 2025 4:55:43 PM org.javacs.JavaLanguageServer gotoDefinition
INFO: gotoDefinition: 388.506 document: file:///C:/Users/74993/Desktop/毕设/wll论文/java-language-server2/outputDir/DEF/cv/DEF_2000.java
Sep 28, 2025 4:55:43 PM org.javacs.JavaCompilerService compileBatch
INFO: ...using cached compile
Sep 28, 2025 4:55:43 PM org.javacs.JavaLanguageServer gotoDefinition
INFO: gotoDefinition: 385.5069 document: file:///C:/Users/74993/Desktop/毕设/wll论文/java-language-server2/outputDir/DEF/cv/DEF_2000.java
Sep 28, 2025 4:55:43 PM org.javacs.JavaCompilerService compileBatch
INFO: ...using cached compile
Sep 28, 2025 4:55:44 PM org.javacs.JavaLanguageServer gotoDefinition
INFO: gotoDefinition: 376.4215 document: file:///C:/Users/74993/Desktop/毕设/wll论文/java-language-server2/outputDir/DEF/cv/DEF_2000.java
Sep 28, 2025 4:55:44 PM org.javacs.JavaCompilerService compileBatch
INFO: ...using cached compile
Sep 28, 2025 4:55:44 PM org.javacs.JavaLanguageServer gotoDefinition
INFO: gotoDefinition: 377.0085 document: file:///C:/Users/74993/Desktop/毕设/wll论文/java-language-server2/outputDir/DEF/cv/DEF_2000.java
Sep 28, 2025 4:55:44 PM org.javacs.JavaCompilerService compileBatch
INFO: ...using cached compile
Sep 28, 2025 4:55:44 PM org.javacs.JavaLanguageServer gotoDefinition
INFO: gotoDefinition: 434.3771 document: file:///C:/Users/74993/Desktop/毕设/wll论文/java-language-server2/outputDir/DEF/cv/DEF_2000.java
Sep 28, 2025 4:55:44 PM org.javacs.JavaLanguageServer didOpenTextDocument
INFO: #didOpenTextDocument# try call rename {"context":{"includeDeclaration":false},"textDocument":{"uri":"file:///C:/Users/74993/Desktop/%E6%AF%95%E8%AE%BE/wll%E8%AE%BA%E6%96%87/java-language-server2/outputDir/DEF/cv/DEF_2000.java"},"position":{"line":73,"character":31}}
Sep 28, 2025 4:55:44 PM org.javacs.JavaCompilerService compileBatch
INFO: ...using cached compile
Sep 28, 2025 4:55:45 PM org.javacs.JavaLanguageServer rename
INFO: rename: 434.822 document: file:///C:/Users/74993/Desktop/毕设/wll论文/java-language-server2/outputDir/DEF/cv/DEF_2000.java
Sep 28, 2025 4:55:45 PM org.javacs.JavaCompilerService compileBatch
INFO: ...using cached compile
Sep 28, 2025 4:55:45 PM org.javacs.JavaLanguageServer rename
INFO: rename: 425.9087 document: file:///C:/Users/74993/Desktop/毕设/wll论文/java-language-server2/outputDir/DEF/cv/DEF_2000.java
Sep 28, 2025 4:55:45 PM org.javacs.JavaCompilerService compileBatch
INFO: ...using cached compile
Sep 28, 2025 4:55:46 PM org.javacs.JavaLanguageServer rename
INFO: rename: 450.4224 document: file:///C:/Users/74993/Desktop/毕设/wll论文/java-language-server2/outputDir/DEF/cv/DEF_2000.java
Sep 28, 2025 4:55:46 PM org.javacs.JavaCompilerService compileBatch
INFO: ...using cached compile
Sep 28, 2025 4:55:46 PM org.javacs.JavaLanguageServer rename
INFO: rename: 423.5661 document: file:///C:/Users/74993/Desktop/毕设/wll论文/java-language-server2/outputDir/DEF/cv/DEF_2000.java
Sep 28, 2025 4:55:46 PM org.javacs.JavaCompilerService compileBatch
INFO: ...using cached compile
Sep 28, 2025 4:55:47 PM org.javacs.JavaLanguageServer rename
INFO: rename: 430.1192 document: file:///C:/Users/74993/Desktop/毕设/wll论文/java-language-server2/outputDir/DEF/cv/DEF_2000.java
Sep 28, 2025 4:55:47 PM org.javacs.JavaLanguageServer didOpenTextDocument
INFO: #didOpenTextDocument# try completion {"context":{"includeDeclaration":false},"textDocument":{"uri":"file:///C:/Users/74993/Desktop/%E6%AF%95%E8%AE%BE/wll%E8%AE%BA%E6%96%87/java-language-server2/outputDir/DEF/cv/DEF_2000.java"},"position":{"line":73,"character":31}}
Sep 28, 2025 4:55:47 PM org.javacs.JavaLanguageServer completion
INFO: completion: 20.5293 document: file:///C:/Users/74993/Desktop/毕设/wll论文/java-language-server2/outputDir/DEF/cv/DEF_2000.java
Sep 28, 2025 4:55:47 PM org.javacs.JavaLanguageServer completion
INFO: completion: 15.937 document: file:///C:/Users/74993/Desktop/毕设/wll论文/java-language-server2/outputDir/DEF/cv/DEF_2000.java
Sep 28, 2025 4:55:47 PM org.javacs.JavaLanguageServer completion
INFO: completion: 16.5352 document: file:///C:/Users/74993/Desktop/毕设/wll论文/java-language-server2/outputDir/DEF/cv/DEF_2000.java
Sep 28, 2025 4:55:47 PM org.javacs.JavaLanguageServer completion
INFO: completion: 15.9718 document: file:///C:/Users/74993/Desktop/毕设/wll论文/java-language-server2/outputDir/DEF/cv/DEF_2000.java
Sep 28, 2025 4:55:47 PM org.javacs.JavaLanguageServer completion
INFO: completion: 14.3136 document: file:///C:/Users/74993/Desktop/毕设/wll论文/java-language-server2/outputDir/DEF/cv/DEF_2000.java
Sep 28, 2025 4:55:47 PM org.javacs.JavaLanguageServer didOpenTextDocument
INFO: #didOpenTextDocument# try call goto {"context":{"includeDeclaration":false},"textDocument":{"uri":"file:///C:/Users/74993/Desktop/%E6%AF%95%E8%AE%BE/wll%E8%AE%BA%E6%96%87/java-language-server2/outputDir/DEF/cv/DEF_2000.java"},"position":{"line":10873,"character":11}}
Sep 28, 2025 4:55:47 PM org.javacs.JavaLanguageServer gotoDefinition
INFO: gotoDefinition: 444.8506 document: file:///C:/Users/74993/Desktop/毕设/wll论文/java-language-server2/outputDir/DEF/cv/DEF_2000.java
Sep 28, 2025 4:55:47 PM org.javacs.JavaCompilerService compileBatch
INFO: ...using cached compile
Sep 28, 2025 4:55:48 PM org.javacs.JavaLanguageServer gotoDefinition
INFO: gotoDefinition: 382.4942 document: file:///C:/Users/74993/Desktop/毕设/wll论文/java-language-server2/outputDir/DEF/cv/DEF_2000.java
Sep 28, 2025 4:55:48 PM org.javacs.JavaCompilerService compileBatch
INFO: ...using cached compile
Sep 28, 2025 4:55:48 PM org.javacs.JavaLanguageServer gotoDefinition
INFO: gotoDefinition: 384.2548 document: file:///C:/Users/74993/Desktop/毕设/wll论文/java-language-server2/outputDir/DEF/cv/DEF_2000.java
Sep 28, 2025 4:55:48 PM org.javacs.JavaCompilerService compileBatch
INFO: ...using cached compile
Sep 28, 2025 4:55:48 PM org.javacs.JavaLanguageServer gotoDefinition
INFO: gotoDefinition: 391.0721 document: file:///C:/Users/74993/Desktop/毕设/wll论文/java-language-server2/outputDir/DEF/cv/DEF_2000.java
Sep 28, 2025 4:55:48 PM org.javacs.JavaCompilerService compileBatch
INFO: ...using cached compile
Sep 28, 2025 4:55:49 PM org.javacs.JavaLanguageServer gotoDefinition
INFO: gotoDefinition: 391.3321 document: file:///C:/Users/74993/Desktop/毕设/wll论文/java-language-server2/outputDir/DEF/cv/DEF_2000.java
Sep 28, 2025 4:55:49 PM org.javacs.JavaLanguageServer didOpenTextDocument
INFO: #didOpenTextDocument# try call rename {"context":{"includeDeclaration":false},"textDocument":{"uri":"file:///C:/Users/74993/Desktop/%E6%AF%95%E8%AE%BE/wll%E8%AE%BA%E6%96%87/java-language-server2/outputDir/DEF/cv/DEF_2000.java"},"position":{"line":10873,"character":11}}
Sep 28, 2025 4:55:49 PM org.javacs.JavaCompilerService compileBatch
INFO: ...using cached compile
Sep 28, 2025 4:55:49 PM org.javacs.JavaLanguageServer rename
INFO: rename: 375.737 document: file:///C:/Users/74993/Desktop/毕设/wll论文/java-language-server2/outputDir/DEF/cv/DEF_2000.java
Sep 28, 2025 4:55:49 PM org.javacs.JavaCompilerService compileBatch
INFO: ...using cached compile
Sep 28, 2025 4:55:49 PM org.javacs.JavaLanguageServer rename
INFO: rename: 375.965 document: file:///C:/Users/74993/Desktop/毕设/wll论文/java-language-server2/outputDir/DEF/cv/DEF_2000.java
Sep 28, 2025 4:55:49 PM org.javacs.JavaCompilerService compileBatch
INFO: ...using cached compile
Sep 28, 2025 4:55:50 PM org.javacs.JavaLanguageServer rename
INFO: rename: 381.0264 document: file:///C:/Users/74993/Desktop/毕设/wll论文/java-language-server2/outputDir/DEF/cv/DEF_2000.java
Sep 28, 2025 4:55:50 PM org.javacs.JavaCompilerService compileBatch
INFO: ...using cached compile
Sep 28, 2025 4:55:50 PM org.javacs.JavaLanguageServer rename
INFO: rename: 393.5752 document: file:///C:/Users/74993/Desktop/毕设/wll论文/java-language-server2/outputDir/DEF/cv/DEF_2000.java
Sep 28, 2025 4:55:50 PM org.javacs.JavaCompilerService compileBatch
INFO: ...using cached compile
Sep 28, 2025 4:55:51 PM org.javacs.JavaLanguageServer rename
INFO: rename: 384.9305 document: file:///C:/Users/74993/Desktop/毕设/wll论文/java-language-server2/outputDir/DEF/cv/DEF_2000.java
Sep 28, 2025 4:55:51 PM org.javacs.JavaLanguageServer didOpenTextDocument
INFO: #didOpenTextDocument# try completion {"context":{"includeDeclaration":false},"textDocument":{"uri":"file:///C:/Users/74993/Desktop/%E6%AF%95%E8%AE%BE/wll%E8%AE%BA%E6%96%87/java-language-server2/outputDir/DEF/cv/DEF_2000.java"},"position":{"line":10873,"character":11}}
Sep 28, 2025 4:55:51 PM org.javacs.JavaLanguageServer completion
INFO: completion: 22.9455 document: file:///C:/Users/74993/Desktop/毕设/wll论文/java-language-server2/outputDir/DEF/cv/DEF_2000.java
Sep 28, 2025 4:55:51 PM org.javacs.JavaLanguageServer completion
INFO: completion: 27.673 document: file:///C:/Users/74993/Desktop/毕设/wll论文/java-language-server2/outputDir/DEF/cv/DEF_2000.java
Sep 28, 2025 4:55:51 PM org.javacs.JavaLanguageServer completion
INFO: completion: 16.5086 document: file:///C:/Users/74993/Desktop/毕设/wll论文/java-language-server2/outputDir/DEF/cv/DEF_2000.java
Sep 28, 2025 4:55:51 PM org.javacs.JavaLanguageServer completion
INFO: completion: 15.6883 document: file:///C:/Users/74993/Desktop/毕设/wll论文/java-language-server2/outputDir/DEF/cv/DEF_2000.java
Sep 28, 2025 4:55:51 PM org.javacs.JavaLanguageServer completion
INFO: completion: 15.52 document: file:///C:/Users/74993/Desktop/毕设/wll论文/java-language-server2/outputDir/DEF/cv/DEF_2000.java
Sep 28, 2025 4:55:51 PM org.javacs.JavaLanguageServer didOpenTextDocument
INFO: #didOpenTextDocument# try call reference {"context":{"includeDeclaration":false},"textDocument":{"uri":"file:///C:/Users/74993/Desktop/%E6%AF%95%E8%AE%BE/wll%E8%AE%BA%E6%96%87/java-language-server2/outputDir/LOC/a/LOC_400.java"},"position":{"line":41,"character":28}}
Sep 28, 2025 4:55:51 PM org.javacs.ScanClassPath jdkTopLevelClasses
INFO: Searching for top-level classes in the JDK
Sep 28, 2025 4:55:51 PM org.javacs.ScanClassPath jdkTopLevelClasses
INFO: Found 15005 classes in the java platform
Sep 28, 2025 4:55:51 PM org.javacs.ScanClassPath classPathTopLevelClasses
INFO: Searching for top-level classes in 0 classpath locations
Sep 28, 2025 4:55:51 PM org.javacs.ScanClassPath classPathTopLevelClasses
INFO: Found 0 classes in classpath
Sep 28, 2025 4:55:51 PM org.javacs.ReusableCompiler getTask
WARNING: Options changed from [-classpath, , --add-modules, ALL-MODULE-PATH, -proc:none, -g, -Xlint:cast, -Xlint:deprecation, -Xlint:empty, -Xlint:fallthrough, -Xlint:finally, -Xlint:path, -Xlint:unchecked, -Xlint:varargs, -Xlint:static] to [-classpath, , --add-modules, ALL-MODULE-PATH, -proc:none, -g, -Xlint:cast, -Xlint:deprecation, -Xlint:empty, -Xlint:fallthrough, -Xlint:finally, -Xlint:path, -Xlint:unchecked, -Xlint:varargs, -Xlint:static], creating new compiler
Sep 28, 2025 4:55:51 PM org.javacs.JavaLanguageServer findReferences
INFO: compile component: 5.5161 document: file:///C:/Users/74993/Desktop/毕设/wll论文/java-language-server2/outputDir/LOC/a/LOC_400.java
Sep 28, 2025 4:55:51 PM org.javacs.JavaLanguageServer findReferences
INFO: locate component: 13.157 document: file:///C:/Users/74993/Desktop/毕设/wll论文/java-language-server2/outputDir/LOC/a/LOC_400.java
Sep 28, 2025 4:55:51 PM org.javacs.JavaLanguageServer findReferences
INFO: traverse component: 0.0 document: file:///C:/Users/74993/Desktop/毕设/wll论文/java-language-server2/outputDir/LOC/a/LOC_400.java
Sep 28, 2025 4:55:51 PM org.javacs.JavaLanguageServer findReferences
INFO: NOD: 905 document: file:///C:/Users/74993/Desktop/毕设/wll论文/java-language-server2/outputDir/LOC/a/LOC_400.java
Sep 28, 2025 4:55:51 PM org.javacs.JavaLanguageServer findReferences
INFO: DEF: 65 document: file:///C:/Users/74993/Desktop/毕设/wll论文/java-language-server2/outputDir/LOC/a/LOC_400.java
Sep 28, 2025 4:55:51 PM org.javacs.JavaLanguageServer findReferences
INFO: OCC: 566 document: file:///C:/Users/74993/Desktop/毕设/wll论文/java-language-server2/outputDir/LOC/a/LOC_400.java
Sep 28, 2025 4:55:51 PM org.javacs.JavaLanguageServer findReferences
INFO: LOC: 399 document: file:///C:/Users/74993/Desktop/毕设/wll论文/java-language-server2/outputDir/LOC/a/LOC_400.java
Sep 28, 2025 4:55:51 PM org.javacs.ScanClassPath jdkTopLevelClasses
INFO: Searching for top-level classes in the JDK
Sep 28, 2025 4:55:51 PM org.javacs.ScanClassPath jdkTopLevelClasses
INFO: Found 15005 classes in the java platform
Sep 28, 2025 4:55:51 PM org.javacs.ScanClassPath classPathTopLevelClasses
INFO: Searching for top-level classes in 0 classpath locations
Sep 28, 2025 4:55:51 PM org.javacs.ScanClassPath classPathTopLevelClasses
INFO: Found 0 classes in classpath
Sep 28, 2025 4:55:51 PM org.javacs.ReusableCompiler getTask
WARNING: Options changed from [-classpath, , --add-modules, ALL-MODULE-PATH, -proc:none, -g, -Xlint:cast, -Xlint:deprecation, -Xlint:empty, -Xlint:fallthrough, -Xlint:finally, -Xlint:path, -Xlint:unchecked, -Xlint:varargs, -Xlint:static] to [-classpath, , --add-modules, ALL-MODULE-PATH, -proc:none, -g, -Xlint:cast, -Xlint:deprecation, -Xlint:empty, -Xlint:fallthrough, -Xlint:finally, -Xlint:path, -Xlint:unchecked, -Xlint:varargs, -Xlint:static], creating new compiler
Sep 28, 2025 4:55:51 PM org.javacs.JavaLanguageServer findReferences
INFO: compile component: 0.9996 document: file:///C:/Users/74993/Desktop/毕设/wll论文/java-language-server2/outputDir/LOC/a/LOC_400.java
Sep 28, 2025 4:55:51 PM org.javacs.JavaLanguageServer findReferences
INFO: locate component: 13.0275 document: file:///C:/Users/74993/Desktop/毕设/wll论文/java-language-server2/outputDir/LOC/a/LOC_400.java
Sep 28, 2025 4:55:51 PM org.javacs.JavaLanguageServer findReferences
INFO: traverse component: 0.0 document: file:///C:/Users/74993/Desktop/毕设/wll论文/java-language-server2/outputDir/LOC/a/LOC_400.java
Sep 28, 2025 4:55:51 PM org.javacs.JavaLanguageServer findReferences
INFO: NOD: 905 document: file:///C:/Users/74993/Desktop/毕设/wll论文/java-language-server2/outputDir/LOC/a/LOC_400.java
Sep 28, 2025 4:55:51 PM org.javacs.JavaLanguageServer findReferences
INFO: DEF: 65 document: file:///C:/Users/74993/Desktop/毕设/wll论文/java-language-server2/outputDir/LOC/a/LOC_400.java
Sep 28, 2025 4:55:51 PM org.javacs.JavaLanguageServer findReferences
INFO: OCC: 566 document: file:///C:/Users/74993/Desktop/毕设/wll论文/java-language-server2/outputDir/LOC/a/LOC_400.java
Sep 28, 2025 4:55:51 PM org.javacs.JavaLanguageServer findReferences
INFO: LOC: 399 document: file:///C:/Users/74993/Desktop/毕设/wll论文/java-language-server2/outputDir/LOC/a/LOC_400.java
Sep 28, 2025 4:55:51 PM org.javacs.ScanClassPath jdkTopLevelClasses
INFO: Searching for top-level classes in the JDK
Sep 28, 2025 4:55:51 PM org.javacs.ScanClassPath jdkTopLevelClasses
INFO: Found 15005 classes in the java platform
Sep 28, 2025 4:55:51 PM org.javacs.ScanClassPath classPathTopLevelClasses
INFO: Searching for top-level classes in 0 classpath locations
Sep 28, 2025 4:55:51 PM org.javacs.ScanClassPath classPathTopLevelClasses
INFO: Found 0 classes in classpath
Sep 28, 2025 4:55:51 PM org.javacs.ReusableCompiler getTask
WARNING: Options changed from [-classpath, , --add-modules, ALL-MODULE-PATH, -proc:none, -g, -Xlint:cast, -Xlint:deprecation, -Xlint:empty, -Xlint:fallthrough, -Xlint:finally, -Xlint:path, -Xlint:unchecked, -Xlint:varargs, -Xlint:static] to [-classpath, , --add-modules, ALL-MODULE-PATH, -proc:none, -g, -Xlint:cast, -Xlint:deprecation, -Xlint:empty, -Xlint:fallthrough, -Xlint:finally, -Xlint:path, -Xlint:unchecked, -Xlint:varargs, -Xlint:static], creating new compiler
Sep 28, 2025 4:55:51 PM org.javacs.JavaLanguageServer findReferences
INFO: compile component: 1.9543 document: file:///C:/Users/74993/Desktop/毕设/wll论文/java-language-server2/outputDir/LOC/a/LOC_400.java
Sep 28, 2025 4:55:51 PM org.javacs.JavaLanguageServer findReferences
INFO: locate component: 13.5315 document: file:///C:/Users/74993/Desktop/毕设/wll论文/java-language-server2/outputDir/LOC/a/LOC_400.java
Sep 28, 2025 4:55:51 PM org.javacs.JavaLanguageServer findReferences
INFO: traverse component: 0.5129 document: file:///C:/Users/74993/Desktop/毕设/wll论文/java-language-server2/outputDir/LOC/a/LOC_400.java
Sep 28, 2025 4:55:51 PM org.javacs.JavaLanguageServer findReferences
INFO: NOD: 905 document: file:///C:/Users/74993/Desktop/毕设/wll论文/java-language-server2/outputDir/LOC/a/LOC_400.java
Sep 28, 2025 4:55:51 PM org.javacs.JavaLanguageServer findReferences
INFO: DEF: 65 document: file:///C:/Users/74993/Desktop/毕设/wll论文/java-language-server2/outputDir/LOC/a/LOC_400.java
Sep 28, 2025 4:55:51 PM org.javacs.JavaLanguageServer findReferences
INFO: OCC: 566 document: file:///C:/Users/74993/Desktop/毕设/wll论文/java-language-server2/outputDir/LOC/a/LOC_400.java
Sep 28, 2025 4:55:51 PM org.javacs.JavaLanguageServer findReferences
INFO: LOC: 399 document: file:///C:/Users/74993/Desktop/毕设/wll论文/java-language-server2/outputDir/LOC/a/LOC_400.java
Sep 28, 2025 4:55:51 PM org.javacs.ScanClassPath jdkTopLevelClasses
INFO: Searching for top-level classes in the JDK
Sep 28, 2025 4:55:51 PM org.javacs.ScanClassPath jdkTopLevelClasses
INFO: Found 15005 classes in the java platform
Sep 28, 2025 4:55:51 PM org.javacs.ScanClassPath classPathTopLevelClasses
INFO: Searching for top-level classes in 0 classpath locations
Sep 28, 2025 4:55:51 PM org.javacs.ScanClassPath classPathTopLevelClasses
INFO: Found 0 classes in classpath
Sep 28, 2025 4:55:51 PM org.javacs.ReusableCompiler getTask
WARNING: Options changed from [-classpath, , --add-modules, ALL-MODULE-PATH, -proc:none, -g, -Xlint:cast, -Xlint:deprecation, -Xlint:empty, -Xlint:fallthrough, -Xlint:finally, -Xlint:path, -Xlint:unchecked, -Xlint:varargs, -Xlint:static] to [-classpath, , --add-modules, ALL-MODULE-PATH, -proc:none, -g, -Xlint:cast, -Xlint:deprecation, -Xlint:empty, -Xlint:fallthrough, -Xlint:finally, -Xlint:path, -Xlint:unchecked, -Xlint:varargs, -Xlint:static], creating new compiler
Sep 28, 2025 4:55:51 PM org.javacs.JavaLanguageServer findReferences
INFO: compile component: 1.5097 document: file:///C:/Users/74993/Desktop/毕设/wll论文/java-language-server2/outputDir/LOC/a/LOC_400.java
Sep 28, 2025 4:55:51 PM org.javacs.JavaLanguageServer findReferences
INFO: locate component: 12.6954 document: file:///C:/Users/74993/Desktop/毕设/wll论文/java-language-server2/outputDir/LOC/a/LOC_400.java
Sep 28, 2025 4:55:51 PM org.javacs.JavaLanguageServer findReferences
INFO: traverse component: 0.0 document: file:///C:/Users/74993/Desktop/毕设/wll论文/java-language-server2/outputDir/LOC/a/LOC_400.java
Sep 28, 2025 4:55:51 PM org.javacs.JavaLanguageServer findReferences
INFO: NOD: 905 document: file:///C:/Users/74993/Desktop/毕设/wll论文/java-language-server2/outputDir/LOC/a/LOC_400.java
Sep 28, 2025 4:55:51 PM org.javacs.JavaLanguageServer findReferences
INFO: DEF: 65 document: file:///C:/Users/74993/Desktop/毕设/wll论文/java-language-server2/outputDir/LOC/a/LOC_400.java
Sep 28, 2025 4:55:51 PM org.javacs.JavaLanguageServer findReferences
INFO: OCC: 566 document: file:///C:/Users/74993/Desktop/毕设/wll论文/java-language-server2/outputDir/LOC/a/LOC_400.java
Sep 28, 2025 4:55:51 PM org.javacs.JavaLanguageServer findReferences
INFO: LOC: 399 document: file:///C:/Users/74993/Desktop/毕设/wll论文/java-language-server2/outputDir/LOC/a/LOC_400.java
Sep 28, 2025 4:55:51 PM org.javacs.ScanClassPath jdkTopLevelClasses
INFO: Searching for top-level classes in the JDK
Sep 28, 2025 4:55:51 PM org.javacs.ScanClassPath jdkTopLevelClasses
INFO: Found 15005 classes in the java platform
Sep 28, 2025 4:55:51 PM org.javacs.ScanClassPath classPathTopLevelClasses
INFO: Searching for top-level classes in 0 classpath locations
Sep 28, 2025 4:55:51 PM org.javacs.ScanClassPath classPathTopLevelClasses
INFO: Found 0 classes in classpath
Sep 28, 2025 4:55:51 PM org.javacs.ReusableCompiler getTask
WARNING: Options changed from [-classpath, , --add-modules, ALL-MODULE-PATH, -proc:none, -g, -Xlint:cast, -Xlint:deprecation, -Xlint:empty, -Xlint:fallthrough, -Xlint:finally, -Xlint:path, -Xlint:unchecked, -Xlint:varargs, -Xlint:static] to [-classpath, , --add-modules, ALL-MODULE-PATH, -proc:none, -g, -Xlint:cast, -Xlint:deprecation, -Xlint:empty, -Xlint:fallthrough, -Xlint:finally, -Xlint:path, -Xlint:unchecked, -Xlint:varargs, -Xlint:static], creating new compiler
Sep 28, 2025 4:55:51 PM org.javacs.JavaLanguageServer findReferences
INFO: compile component: 0.9952 document: file:///C:/Users/74993/Desktop/毕设/wll论文/java-language-server2/outputDir/LOC/a/LOC_400.java
Sep 28, 2025 4:55:51 PM org.javacs.JavaLanguageServer findReferences
INFO: locate component: 13.3609 document: file:///C:/Users/74993/Desktop/毕设/wll论文/java-language-server2/outputDir/LOC/a/LOC_400.java
Sep 28, 2025 4:55:51 PM org.javacs.JavaLanguageServer findReferences
INFO: traverse component: 1.1532 document: file:///C:/Users/74993/Desktop/毕设/wll论文/java-language-server2/outputDir/LOC/a/LOC_400.java
Sep 28, 2025 4:55:51 PM org.javacs.JavaLanguageServer findReferences
INFO: NOD: 905 document: file:///C:/Users/74993/Desktop/毕设/wll论文/java-language-server2/outputDir/LOC/a/LOC_400.java
Sep 28, 2025 4:55:51 PM org.javacs.JavaLanguageServer findReferences
INFO: DEF: 65 document: file:///C:/Users/74993/Desktop/毕设/wll论文/java-language-server2/outputDir/LOC/a/LOC_400.java
Sep 28, 2025 4:55:51 PM org.javacs.JavaLanguageServer findReferences
INFO: OCC: 566 document: file:///C:/Users/74993/Desktop/毕设/wll论文/java-language-server2/outputDir/LOC/a/LOC_400.java
Sep 28, 2025 4:55:51 PM org.javacs.JavaLanguageServer findReferences
INFO: LOC: 399 document: file:///C:/Users/74993/Desktop/毕设/wll论文/java-language-server2/outputDir/LOC/a/LOC_400.java
Sep 28, 2025 4:55:51 PM org.javacs.JavaLanguageServer didOpenTextDocument
INFO: #didOpenTextDocument# try call goto {"context":{"includeDeclaration":false},"textDocument":{"uri":"file:///C:/Users/74993/Desktop/%E6%AF%95%E8%AE%BE/wll%E8%AE%BA%E6%96%87/java-language-server2/outputDir/LOC/a/LOC_400.java"},"position":{"line":41,"character":28}}
Sep 28, 2025 4:55:51 PM org.javacs.JavaCompilerService compileBatch
INFO: ...using cached compile
Sep 28, 2025 4:55:51 PM org.javacs.JavaLanguageServer gotoDefinition
INFO: gotoDefinition: 14.5285 document: file:///C:/Users/74993/Desktop/毕设/wll论文/java-language-server2/outputDir/LOC/a/LOC_400.java
Sep 28, 2025 4:55:51 PM org.javacs.JavaCompilerService compileBatch
INFO: ...using cached compile
Sep 28, 2025 4:55:51 PM org.javacs.JavaLanguageServer gotoDefinition
INFO: gotoDefinition: 14.5347 document: file:///C:/Users/74993/Desktop/毕设/wll论文/java-language-server2/outputDir/LOC/a/LOC_400.java
Sep 28, 2025 4:55:51 PM org.javacs.JavaCompilerService compileBatch
INFO: ...using cached compile
Sep 28, 2025 4:55:51 PM org.javacs.JavaLanguageServer gotoDefinition
INFO: gotoDefinition: 14.1366 document: file:///C:/Users/74993/Desktop/毕设/wll论文/java-language-server2/outputDir/LOC/a/LOC_400.java
Sep 28, 2025 4:55:51 PM org.javacs.JavaCompilerService compileBatch
INFO: ...using cached compile
Sep 28, 2025 4:55:51 PM org.javacs.JavaLanguageServer gotoDefinition
INFO: gotoDefinition: 14.879 document: file:///C:/Users/74993/Desktop/毕设/wll论文/java-language-server2/outputDir/LOC/a/LOC_400.java
Sep 28, 2025 4:55:51 PM org.javacs.JavaCompilerService compileBatch
INFO: ...using cached compile
Sep 28, 2025 4:55:51 PM org.javacs.JavaLanguageServer gotoDefinition
INFO: gotoDefinition: 15.1619 document: file:///C:/Users/74993/Desktop/毕设/wll论文/java-language-server2/outputDir/LOC/a/LOC_400.java
Sep 28, 2025 4:55:51 PM org.javacs.JavaLanguageServer didOpenTextDocument
INFO: #didOpenTextDocument# try call rename {"context":{"includeDeclaration":false},"textDocument":{"uri":"file:///C:/Users/74993/Desktop/%E6%AF%95%E8%AE%BE/wll%E8%AE%BA%E6%96%87/java-language-server2/outputDir/LOC/a/LOC_400.java"},"position":{"line":41,"character":28}}
Sep 28, 2025 4:55:51 PM org.javacs.JavaCompilerService compileBatch
INFO: ...using cached compile
Sep 28, 2025 4:55:51 PM org.javacs.JavaLanguageServer rename
INFO: rename: 14.5805 document: file:///C:/Users/74993/Desktop/毕设/wll论文/java-language-server2/outputDir/LOC/a/LOC_400.java
Sep 28, 2025 4:55:51 PM org.javacs.JavaCompilerService compileBatch
INFO: ...using cached compile
Sep 28, 2025 4:55:51 PM org.javacs.JavaLanguageServer rename
INFO: rename: 13.5229 document: file:///C:/Users/74993/Desktop/毕设/wll论文/java-language-server2/outputDir/LOC/a/LOC_400.java
Sep 28, 2025 4:55:51 PM org.javacs.JavaCompilerService compileBatch
INFO: ...using cached compile
Sep 28, 2025 4:55:51 PM org.javacs.JavaLanguageServer rename
INFO: rename: 13.2743 document: file:///C:/Users/74993/Desktop/毕设/wll论文/java-language-server2/outputDir/LOC/a/LOC_400.java
Sep 28, 2025 4:55:51 PM org.javacs.JavaCompilerService compileBatch
INFO: ...using cached compile
Sep 28, 2025 4:55:51 PM org.javacs.JavaLanguageServer rename
INFO: rename: 13.8369 document: file:///C:/Users/74993/Desktop/毕设/wll论文/java-language-server2/outputDir/LOC/a/LOC_400.java
Sep 28, 2025 4:55:51 PM org.javacs.JavaCompilerService compileBatch
INFO: ...using cached compile
Sep 28, 2025 4:55:51 PM org.javacs.JavaLanguageServer rename
INFO: rename: 13.583 document: file:///C:/Users/74993/Desktop/毕设/wll论文/java-language-server2/outputDir/LOC/a/LOC_400.java
Sep 28, 2025 4:55:51 PM org.javacs.JavaLanguageServer didOpenTextDocument
INFO: #didOpenTextDocument# try completion {"context":{"includeDeclaration":false},"textDocument":{"uri":"file:///C:/Users/74993/Desktop/%E6%AF%95%E8%AE%BE/wll%E8%AE%BA%E6%96%87/java-language-server2/outputDir/LOC/a/LOC_400.java"},"position":{"line":41,"character":28}}
Sep 28, 2025 4:55:51 PM org.javacs.JavaLanguageServer completion
INFO: completion: 1.8709 document: file:///C:/Users/74993/Desktop/毕设/wll论文/java-language-server2/outputDir/LOC/a/LOC_400.java
Sep 28, 2025 4:55:51 PM org.javacs.JavaLanguageServer completion
INFO: completion: 2.6686 document: file:///C:/Users/74993/Desktop/毕设/wll论文/java-language-server2/outputDir/LOC/a/LOC_400.java
Sep 28, 2025 4:55:51 PM org.javacs.JavaLanguageServer completion
INFO: completion: 2.0025 document: file:///C:/Users/74993/Desktop/毕设/wll论文/java-language-server2/outputDir/LOC/a/LOC_400.java
Sep 28, 2025 4:55:51 PM org.javacs.JavaLanguageServer completion
INFO: completion: 1.9981 document: file:///C:/Users/74993/Desktop/毕设/wll论文/java-language-server2/outputDir/LOC/a/LOC_400.java
Sep 28, 2025 4:55:51 PM org.javacs.JavaLanguageServer completion
INFO: completion: 1.9988 document: file:///C:/Users/74993/Desktop/毕设/wll论文/java-language-server2/outputDir/LOC/a/LOC_400.java
Sep 28, 2025 4:55:51 PM org.javacs.JavaLanguageServer didOpenTextDocument
INFO: #didOpenTextDocument# try call goto {"context":{"includeDeclaration":false},"textDocument":{"uri":"file:///C:/Users/74993/Desktop/%E6%AF%95%E8%AE%BE/wll%E8%AE%BA%E6%96%87/java-language-server2/outputDir/LOC/a/LOC_400.java"},"position":{"line":391,"character":28}}
Sep 28, 2025 4:55:51 PM org.javacs.JavaLanguageServer gotoDefinition
INFO: gotoDefinition: 17.072 document: file:///C:/Users/74993/Desktop/毕设/wll论文/java-language-server2/outputDir/LOC/a/LOC_400.java
Sep 28, 2025 4:55:51 PM org.javacs.JavaCompilerService compileBatch
INFO: ...using cached compile
Sep 28, 2025 4:55:51 PM org.javacs.JavaLanguageServer gotoDefinition
INFO: gotoDefinition: 13.4925 document: file:///C:/Users/74993/Desktop/毕设/wll论文/java-language-server2/outputDir/LOC/a/LOC_400.java
Sep 28, 2025 4:55:51 PM org.javacs.JavaCompilerService compileBatch
INFO: ...using cached compile
Sep 28, 2025 4:55:51 PM org.javacs.JavaLanguageServer gotoDefinition
INFO: gotoDefinition: 14.1735 document: file:///C:/Users/74993/Desktop/毕设/wll论文/java-language-server2/outputDir/LOC/a/LOC_400.java
Sep 28, 2025 4:55:51 PM org.javacs.JavaCompilerService compileBatch
INFO: ...using cached compile
Sep 28, 2025 4:55:51 PM org.javacs.JavaLanguageServer gotoDefinition
INFO: gotoDefinition: 13.5239 document: file:///C:/Users/74993/Desktop/毕设/wll论文/java-language-server2/outputDir/LOC/a/LOC_400.java
Sep 28, 2025 4:55:51 PM org.javacs.JavaCompilerService compileBatch
INFO: ...using cached compile
Sep 28, 2025 4:55:51 PM org.javacs.JavaLanguageServer gotoDefinition
INFO: gotoDefinition: 12.6042 document: file:///C:/Users/74993/Desktop/毕设/wll论文/java-language-server2/outputDir/LOC/a/LOC_400.java
Sep 28, 2025 4:55:51 PM org.javacs.JavaLanguageServer didOpenTextDocument
INFO: #didOpenTextDocument# try call rename {"context":{"includeDeclaration":false},"textDocument":{"uri":"file:///C:/Users/74993/Desktop/%E6%AF%95%E8%AE%BE/wll%E8%AE%BA%E6%96%87/java-language-server2/outputDir/LOC/a/LOC_400.java"},"position":{"line":391,"character":28}}
Sep 28, 2025 4:55:51 PM org.javacs.JavaCompilerService compileBatch
INFO: ...using cached compile
Sep 28, 2025 4:55:51 PM org.javacs.JavaLanguageServer rename
INFO: rename: 12.9354 document: file:///C:/Users/74993/Desktop/毕设/wll论文/java-language-server2/outputDir/LOC/a/LOC_400.java
Sep 28, 2025 4:55:51 PM org.javacs.JavaCompilerService compileBatch
INFO: ...using cached compile
Sep 28, 2025 4:55:51 PM org.javacs.JavaLanguageServer rename
INFO: rename: 13.5137 document: file:///C:/Users/74993/Desktop/毕设/wll论文/java-language-server2/outputDir/LOC/a/LOC_400.java
Sep 28, 2025 4:55:51 PM org.javacs.JavaCompilerService compileBatch
INFO: ...using cached compile
Sep 28, 2025 4:55:51 PM org.javacs.JavaLanguageServer rename
INFO: rename: 13.0514 document: file:///C:/Users/74993/Desktop/毕设/wll论文/java-language-server2/outputDir/LOC/a/LOC_400.java
Sep 28, 2025 4:55:51 PM org.javacs.JavaCompilerService compileBatch
INFO: ...using cached compile
Sep 28, 2025 4:55:51 PM org.javacs.JavaLanguageServer rename
INFO: rename: 13.5143 document: file:///C:/Users/74993/Desktop/毕设/wll论文/java-language-server2/outputDir/LOC/a/LOC_400.java
Sep 28, 2025 4:55:51 PM org.javacs.JavaCompilerService compileBatch
INFO: ...using cached compile
Sep 28, 2025 4:55:51 PM org.javacs.JavaLanguageServer rename
INFO: rename: 13.0903 document: file:///C:/Users/74993/Desktop/毕设/wll论文/java-language-server2/outputDir/LOC/a/LOC_400.java
Sep 28, 2025 4:55:51 PM org.javacs.JavaLanguageServer didOpenTextDocument
INFO: #didOpenTextDocument# try completion {"context":{"includeDeclaration":false},"textDocument":{"uri":"file:///C:/Users/74993/Desktop/%E6%AF%95%E8%AE%BE/wll%E8%AE%BA%E6%96%87/java-language-server2/outputDir/LOC/a/LOC_400.java"},"position":{"line":391,"character":28}}
Sep 28, 2025 4:55:51 PM org.javacs.JavaLanguageServer completion
INFO: completion: 3.2753 document: file:///C:/Users/74993/Desktop/毕设/wll论文/java-language-server2/outputDir/LOC/a/LOC_400.java
Sep 28, 2025 4:55:51 PM org.javacs.JavaLanguageServer completion
INFO: completion: 2.9968 document: file:///C:/Users/74993/Desktop/毕设/wll论文/java-language-server2/outputDir/LOC/a/LOC_400.java
Sep 28, 2025 4:55:51 PM org.javacs.JavaLanguageServer completion
INFO: completion: 2.0024 document: file:///C:/Users/74993/Desktop/毕设/wll论文/java-language-server2/outputDir/LOC/a/LOC_400.java
Sep 28, 2025 4:55:51 PM org.javacs.JavaLanguageServer completion
INFO: completion: 2.5157 document: file:///C:/Users/74993/Desktop/毕设/wll论文/java-language-server2/outputDir/LOC/a/LOC_400.java
Sep 28, 2025 4:55:51 PM org.javacs.JavaLanguageServer completion
INFO: completion: 2.0051 document: file:///C:/Users/74993/Desktop/毕设/wll论文/java-language-server2/outputDir/LOC/a/LOC_400.java
Sep 28, 2025 4:55:51 PM org.javacs.JavaLanguageServer didOpenTextDocument
INFO: #didOpenTextDocument# try call reference {"context":{"includeDeclaration":false},"textDocument":{"uri":"file:///C:/Users/74993/Desktop/%E6%AF%95%E8%AE%BE/wll%E8%AE%BA%E6%96%87/java-language-server2/outputDir/LOC/b/LOC_800.java"},"position":{"line":51,"character":29}}
Sep 28, 2025 4:55:51 PM org.javacs.ScanClassPath jdkTopLevelClasses
INFO: Searching for top-level classes in the JDK
Sep 28, 2025 4:55:51 PM org.javacs.ScanClassPath jdkTopLevelClasses
INFO: Found 15005 classes in the java platform
Sep 28, 2025 4:55:51 PM org.javacs.ScanClassPath classPathTopLevelClasses
INFO: Searching for top-level classes in 0 classpath locations
Sep 28, 2025 4:55:51 PM org.javacs.ScanClassPath classPathTopLevelClasses
INFO: Found 0 classes in classpath
Sep 28, 2025 4:55:51 PM org.javacs.ReusableCompiler getTask
WARNING: Options changed from [-classpath, , --add-modules, ALL-MODULE-PATH, -proc:none, -g, -Xlint:cast, -Xlint:deprecation, -Xlint:empty, -Xlint:fallthrough, -Xlint:finally, -Xlint:path, -Xlint:unchecked, -Xlint:varargs, -Xlint:static] to [-classpath, , --add-modules, ALL-MODULE-PATH, -proc:none, -g, -Xlint:cast, -Xlint:deprecation, -Xlint:empty, -Xlint:fallthrough, -Xlint:finally, -Xlint:path, -Xlint:unchecked, -Xlint:varargs, -Xlint:static], creating new compiler
Sep 28, 2025 4:55:51 PM org.javacs.JavaLanguageServer findReferences
INFO: compile component: 5.039 document: file:///C:/Users/74993/Desktop/毕设/wll论文/java-language-server2/outputDir/LOC/b/LOC_800.java
Sep 28, 2025 4:55:52 PM org.javacs.JavaLanguageServer findReferences
INFO: locate component: 30.0932 document: file:///C:/Users/74993/Desktop/毕设/wll论文/java-language-server2/outputDir/LOC/b/LOC_800.java
Sep 28, 2025 4:55:52 PM org.javacs.JavaLanguageServer findReferences
INFO: traverse component: 0.0 document: file:///C:/Users/74993/Desktop/毕设/wll论文/java-language-server2/outputDir/LOC/b/LOC_800.java
Sep 28, 2025 4:55:52 PM org.javacs.JavaLanguageServer findReferences
INFO: NOD: 1952 document: file:///C:/Users/74993/Desktop/毕设/wll论文/java-language-server2/outputDir/LOC/b/LOC_800.java
Sep 28, 2025 4:55:52 PM org.javacs.JavaLanguageServer findReferences
INFO: DEF: 127 document: file:///C:/Users/74993/Desktop/毕设/wll论文/java-language-server2/outputDir/LOC/b/LOC_800.java
Sep 28, 2025 4:55:52 PM org.javacs.JavaLanguageServer findReferences
INFO: OCC: 1273 document: file:///C:/Users/74993/Desktop/毕设/wll论文/java-language-server2/outputDir/LOC/b/LOC_800.java
Sep 28, 2025 4:55:52 PM org.javacs.JavaLanguageServer findReferences
INFO: LOC: 785 document: file:///C:/Users/74993/Desktop/毕设/wll论文/java-language-server2/outputDir/LOC/b/LOC_800.java
Sep 28, 2025 4:55:52 PM org.javacs.ScanClassPath jdkTopLevelClasses
INFO: Searching for top-level classes in the JDK
Sep 28, 2025 4:55:52 PM org.javacs.ScanClassPath jdkTopLevelClasses
INFO: Found 15005 classes in the java platform
Sep 28, 2025 4:55:52 PM org.javacs.ScanClassPath classPathTopLevelClasses
INFO: Searching for top-level classes in 0 classpath locations
Sep 28, 2025 4:55:52 PM org.javacs.ScanClassPath classPathTopLevelClasses
INFO: Found 0 classes in classpath
Sep 28, 2025 4:55:52 PM org.javacs.ReusableCompiler getTask
WARNING: Options changed from [-classpath, , --add-modules, ALL-MODULE-PATH, -proc:none, -g, -Xlint:cast, -Xlint:deprecation, -Xlint:empty, -Xlint:fallthrough, -Xlint:finally, -Xlint:path, -Xlint:unchecked, -Xlint:varargs, -Xlint:static] to [-classpath, , --add-modules, ALL-MODULE-PATH, -proc:none, -g, -Xlint:cast, -Xlint:deprecation, -Xlint:empty, -Xlint:fallthrough, -Xlint:finally, -Xlint:path, -Xlint:unchecked, -Xlint:varargs, -Xlint:static], creating new compiler
Sep 28, 2025 4:55:52 PM org.javacs.JavaLanguageServer findReferences
INFO: compile component: 1.9989 document: file:///C:/Users/74993/Desktop/毕设/wll论文/java-language-server2/outputDir/LOC/b/LOC_800.java
Sep 28, 2025 4:55:52 PM org.javacs.JavaLanguageServer findReferences
INFO: locate component: 34.4052 document: file:///C:/Users/74993/Desktop/毕设/wll论文/java-language-server2/outputDir/LOC/b/LOC_800.java
Sep 28, 2025 4:55:52 PM org.javacs.JavaLanguageServer findReferences
INFO: traverse component: 0.0 document: file:///C:/Users/74993/Desktop/毕设/wll论文/java-language-server2/outputDir/LOC/b/LOC_800.java
Sep 28, 2025 4:55:52 PM org.javacs.JavaLanguageServer findReferences
INFO: NOD: 1952 document: file:///C:/Users/74993/Desktop/毕设/wll论文/java-language-server2/outputDir/LOC/b/LOC_800.java
Sep 28, 2025 4:55:52 PM org.javacs.JavaLanguageServer findReferences
INFO: DEF: 127 document: file:///C:/Users/74993/Desktop/毕设/wll论文/java-language-server2/outputDir/LOC/b/LOC_800.java
Sep 28, 2025 4:55:52 PM org.javacs.JavaLanguageServer findReferences
INFO: OCC: 1273 document: file:///C:/Users/74993/Desktop/毕设/wll论文/java-language-server2/outputDir/LOC/b/LOC_800.java
Sep 28, 2025 4:55:52 PM org.javacs.JavaLanguageServer findReferences
INFO: LOC: 785 document: file:///C:/Users/74993/Desktop/毕设/wll论文/java-language-server2/outputDir/LOC/b/LOC_800.java
Sep 28, 2025 4:55:52 PM org.javacs.ScanClassPath jdkTopLevelClasses
INFO: Searching for top-level classes in the JDK
Sep 28, 2025 4:55:52 PM org.javacs.ScanClassPath jdkTopLevelClasses
INFO: Found 15005 classes in the java platform
Sep 28, 2025 4:55:52 PM org.javacs.ScanClassPath classPathTopLevelClasses
INFO: Searching for top-level classes in 0 classpath locations
Sep 28, 2025 4:55:52 PM org.javacs.ScanClassPath classPathTopLevelClasses
INFO: Found 0 classes in classpath
Sep 28, 2025 4:55:52 PM org.javacs.ReusableCompiler getTask
WARNING: Options changed from [-classpath, , --add-modules, ALL-MODULE-PATH, -proc:none, -g, -Xlint:cast, -Xlint:deprecation, -Xlint:empty, -Xlint:fallthrough, -Xlint:finally, -Xlint:path, -Xlint:unchecked, -Xlint:varargs, -Xlint:static] to [-classpath, , --add-modules, ALL-MODULE-PATH, -proc:none, -g, -Xlint:cast, -Xlint:deprecation, -Xlint:empty, -Xlint:fallthrough, -Xlint:finally, -Xlint:path, -Xlint:unchecked, -Xlint:varargs, -Xlint:static], creating new compiler
Sep 28, 2025 4:55:52 PM org.javacs.JavaLanguageServer findReferences
INFO: compile component: 3.0069 document: file:///C:/Users/74993/Desktop/毕设/wll论文/java-language-server2/outputDir/LOC/b/LOC_800.java
Sep 28, 2025 4:55:52 PM org.javacs.JavaLanguageServer findReferences
INFO: locate component: 30.5716 document: file:///C:/Users/74993/Desktop/毕设/wll论文/java-language-server2/outputDir/LOC/b/LOC_800.java
Sep 28, 2025 4:55:52 PM org.javacs.JavaLanguageServer findReferences
INFO: traverse component: 0.0 document: file:///C:/Users/74993/Desktop/毕设/wll论文/java-language-server2/outputDir/LOC/b/LOC_800.java
Sep 28, 2025 4:55:52 PM org.javacs.JavaLanguageServer findReferences
INFO: NOD: 1952 document: file:///C:/Users/74993/Desktop/毕设/wll论文/java-language-server2/outputDir/LOC/b/LOC_800.java
Sep 28, 2025 4:55:52 PM org.javacs.JavaLanguageServer findReferences
INFO: DEF: 127 document: file:///C:/Users/74993/Desktop/毕设/wll论文/java-language-server2/outputDir/LOC/b/LOC_800.java
Sep 28, 2025 4:55:52 PM org.javacs.JavaLanguageServer findReferences
INFO: OCC: 1273 document: file:///C:/Users/74993/Desktop/毕设/wll论文/java-language-server2/outputDir/LOC/b/LOC_800.java
Sep 28, 2025 4:55:52 PM org.javacs.JavaLanguageServer findReferences
INFO: LOC: 785 document: file:///C:/Users/74993/Desktop/毕设/wll论文/java-language-server2/outputDir/LOC/b/LOC_800.java
Sep 28, 2025 4:55:52 PM org.javacs.ScanClassPath jdkTopLevelClasses
INFO: Searching for top-level classes in the JDK
Sep 28, 2025 4:55:52 PM org.javacs.ScanClassPath jdkTopLevelClasses
INFO: Found 15005 classes in the java platform
Sep 28, 2025 4:55:52 PM org.javacs.ScanClassPath classPathTopLevelClasses
INFO: Searching for top-level classes in 0 classpath locations
Sep 28, 2025 4:55:52 PM org.javacs.ScanClassPath classPathTopLevelClasses
INFO: Found 0 classes in classpath
Sep 28, 2025 4:55:52 PM org.javacs.ReusableCompiler getTask
WARNING: Options changed from [-classpath, , --add-modules, ALL-MODULE-PATH, -proc:none, -g, -Xlint:cast, -Xlint:deprecation, -Xlint:empty, -Xlint:fallthrough, -Xlint:finally, -Xlint:path, -Xlint:unchecked, -Xlint:varargs, -Xlint:static] to [-classpath, , --add-modules, ALL-MODULE-PATH, -proc:none, -g, -Xlint:cast, -Xlint:deprecation, -Xlint:empty, -Xlint:fallthrough, -Xlint:finally, -Xlint:path, -Xlint:unchecked, -Xlint:varargs, -Xlint:static], creating new compiler
Sep 28, 2025 4:55:52 PM org.javacs.JavaLanguageServer findReferences
INFO: compile component: 2.5133 document: file:///C:/Users/74993/Desktop/毕设/wll论文/java-language-server2/outputDir/LOC/b/LOC_800.java
Sep 28, 2025 4:55:52 PM org.javacs.JavaLanguageServer findReferences
INFO: locate component: 34.056 document: file:///C:/Users/74993/Desktop/毕设/wll论文/java-language-server2/outputDir/LOC/b/LOC_800.java
Sep 28, 2025 4:55:52 PM org.javacs.JavaLanguageServer findReferences
INFO: traverse component: 0.0 document: file:///C:/Users/74993/Desktop/毕设/wll论文/java-language-server2/outputDir/LOC/b/LOC_800.java
Sep 28, 2025 4:55:52 PM org.javacs.JavaLanguageServer findReferences
INFO: NOD: 1952 document: file:///C:/Users/74993/Desktop/毕设/wll论文/java-language-server2/outputDir/LOC/b/LOC_800.java
Sep 28, 2025 4:55:52 PM org.javacs.JavaLanguageServer findReferences
INFO: DEF: 127 document: file:///C:/Users/74993/Desktop/毕设/wll论文/java-language-server2/outputDir/LOC/b/LOC_800.java
Sep 28, 2025 4:55:52 PM org.javacs.JavaLanguageServer findReferences
INFO: OCC: 1273 document: file:///C:/Users/74993/Desktop/毕设/wll论文/java-language-server2/outputDir/LOC/b/LOC_800.java
Sep 28, 2025 4:55:52 PM org.javacs.JavaLanguageServer findReferences
INFO: LOC: 785 document: file:///C:/Users/74993/Desktop/毕设/wll论文/java-language-server2/outputDir/LOC/b/LOC_800.java
Sep 28, 2025 4:55:52 PM org.javacs.ScanClassPath jdkTopLevelClasses
INFO: Searching for top-level classes in the JDK
Sep 28, 2025 4:55:52 PM org.javacs.ScanClassPath jdkTopLevelClasses
INFO: Found 15005 classes in the java platform
Sep 28, 2025 4:55:52 PM org.javacs.ScanClassPath classPathTopLevelClasses
INFO: Searching for top-level classes in 0 classpath locations
Sep 28, 2025 4:55:52 PM org.javacs.ScanClassPath classPathTopLevelClasses
INFO: Found 0 classes in classpath
Sep 28, 2025 4:55:52 PM org.javacs.ReusableCompiler getTask
WARNING: Options changed from [-classpath, , --add-modules, ALL-MODULE-PATH, -proc:none, -g, -Xlint:cast, -Xlint:deprecation, -Xlint:empty, -Xlint:fallthrough, -Xlint:finally, -Xlint:path, -Xlint:unchecked, -Xlint:varargs, -Xlint:static] to [-classpath, , --add-modules, ALL-MODULE-PATH, -proc:none, -g, -Xlint:cast, -Xlint:deprecation, -Xlint:empty, -Xlint:fallthrough, -Xlint:finally, -Xlint:path, -Xlint:unchecked, -Xlint:varargs, -Xlint:static], creating new compiler
Sep 28, 2025 4:55:52 PM org.javacs.JavaLanguageServer findReferences
INFO: compile component: 2.9992 document: file:///C:/Users/74993/Desktop/毕设/wll论文/java-language-server2/outputDir/LOC/b/LOC_800.java
Sep 28, 2025 4:55:52 PM org.javacs.JavaLanguageServer findReferences
INFO: locate component: 29.9383 document: file:///C:/Users/74993/Desktop/毕设/wll论文/java-language-server2/outputDir/LOC/b/LOC_800.java
Sep 28, 2025 4:55:52 PM org.javacs.JavaLanguageServer findReferences
INFO: traverse component: 0.0 document: file:///C:/Users/74993/Desktop/毕设/wll论文/java-language-server2/outputDir/LOC/b/LOC_800.java
Sep 28, 2025 4:55:52 PM org.javacs.JavaLanguageServer findReferences
INFO: NOD: 1952 document: file:///C:/Users/74993/Desktop/毕设/wll论文/java-language-server2/outputDir/LOC/b/LOC_800.java
Sep 28, 2025 4:55:52 PM org.javacs.JavaLanguageServer findReferences
INFO: DEF: 127 document: file:///C:/Users/74993/Desktop/毕设/wll论文/java-language-server2/outputDir/LOC/b/LOC_800.java
Sep 28, 2025 4:55:52 PM org.javacs.JavaLanguageServer findReferences
INFO: OCC: 1273 document: file:///C:/Users/74993/Desktop/毕设/wll论文/java-language-server2/outputDir/LOC/b/LOC_800.java
Sep 28, 2025 4:55:52 PM org.javacs.JavaLanguageServer findReferences
INFO: LOC: 785 document: file:///C:/Users/74993/Desktop/毕设/wll论文/java-language-server2/outputDir/LOC/b/LOC_800.java
Sep 28, 2025 4:55:52 PM org.javacs.JavaLanguageServer didOpenTextDocument
INFO: #didOpenTextDocument# try call goto {"context":{"includeDeclaration":false},"textDocument":{"uri":"file:///C:/Users/74993/Desktop/%E6%AF%95%E8%AE%BE/wll%E8%AE%BA%E6%96%87/java-language-server2/outputDir/LOC/b/LOC_800.java"},"position":{"line":51,"character":29}}
Sep 28, 2025 4:55:52 PM org.javacs.JavaCompilerService compileBatch
INFO: ...using cached compile
Sep 28, 2025 4:55:52 PM org.javacs.JavaLanguageServer gotoDefinition
INFO: gotoDefinition: 30.9861 document: file:///C:/Users/74993/Desktop/毕设/wll论文/java-language-server2/outputDir/LOC/b/LOC_800.java
Sep 28, 2025 4:55:52 PM org.javacs.JavaCompilerService compileBatch
INFO: ...using cached compile
Sep 28, 2025 4:55:52 PM org.javacs.JavaLanguageServer gotoDefinition
INFO: gotoDefinition: 36.334 document: file:///C:/Users/74993/Desktop/毕设/wll论文/java-language-server2/outputDir/LOC/b/LOC_800.java
Sep 28, 2025 4:55:52 PM org.javacs.JavaCompilerService compileBatch
INFO: ...using cached compile
Sep 28, 2025 4:55:52 PM org.javacs.JavaLanguageServer gotoDefinition
INFO: gotoDefinition: 31.5715 document: file:///C:/Users/74993/Desktop/毕设/wll论文/java-language-server2/outputDir/LOC/b/LOC_800.java
Sep 28, 2025 4:55:52 PM org.javacs.JavaCompilerService compileBatch
INFO: ...using cached compile
Sep 28, 2025 4:55:52 PM org.javacs.JavaLanguageServer gotoDefinition
INFO: gotoDefinition: 32.7225 document: file:///C:/Users/74993/Desktop/毕设/wll论文/java-language-server2/outputDir/LOC/b/LOC_800.java
Sep 28, 2025 4:55:52 PM org.javacs.JavaCompilerService compileBatch
INFO: ...using cached compile
Sep 28, 2025 4:55:52 PM org.javacs.JavaLanguageServer gotoDefinition
INFO: gotoDefinition: 31.5612 document: file:///C:/Users/74993/Desktop/毕设/wll论文/java-language-server2/outputDir/LOC/b/LOC_800.java
Sep 28, 2025 4:55:52 PM org.javacs.JavaLanguageServer didOpenTextDocument
INFO: #didOpenTextDocument# try call rename {"context":{"includeDeclaration":false},"textDocument":{"uri":"file:///C:/Users/74993/Desktop/%E6%AF%95%E8%AE%BE/wll%E8%AE%BA%E6%96%87/java-language-server2/outputDir/LOC/b/LOC_800.java"},"position":{"line":51,"character":29}}
Sep 28, 2025 4:55:52 PM org.javacs.JavaCompilerService compileBatch
INFO: ...using cached compile
Sep 28, 2025 4:55:52 PM org.javacs.JavaLanguageServer rename
INFO: rename: 31.2392 document: file:///C:/Users/74993/Desktop/毕设/wll论文/java-language-server2/outputDir/LOC/b/LOC_800.java
Sep 28, 2025 4:55:52 PM org.javacs.JavaCompilerService compileBatch
INFO: ...using cached compile
Sep 28, 2025 4:55:52 PM org.javacs.JavaLanguageServer rename
INFO: rename: 30.0673 document: file:///C:/Users/74993/Desktop/毕设/wll论文/java-language-server2/outputDir/LOC/b/LOC_800.java
Sep 28, 2025 4:55:52 PM org.javacs.JavaCompilerService compileBatch
INFO: ...using cached compile
Sep 28, 2025 4:55:52 PM org.javacs.JavaLanguageServer rename
INFO: rename: 32.7512 document: file:///C:/Users/74993/Desktop/毕设/wll论文/java-language-server2/outputDir/LOC/b/LOC_800.java
Sep 28, 2025 4:55:52 PM org.javacs.JavaCompilerService compileBatch
INFO: ...using cached compile
Sep 28, 2025 4:55:52 PM org.javacs.JavaLanguageServer rename
INFO: rename: 32.52 document: file:///C:/Users/74993/Desktop/毕设/wll论文/java-language-server2/outputDir/LOC/b/LOC_800.java
Sep 28, 2025 4:55:52 PM org.javacs.JavaCompilerService compileBatch
INFO: ...using cached compile
Sep 28, 2025 4:55:52 PM org.javacs.JavaLanguageServer rename
INFO: rename: 30.988 document: file:///C:/Users/74993/Desktop/毕设/wll论文/java-language-server2/outputDir/LOC/b/LOC_800.java
Sep 28, 2025 4:55:52 PM org.javacs.JavaLanguageServer didOpenTextDocument
INFO: #didOpenTextDocument# try completion {"context":{"includeDeclaration":false},"textDocument":{"uri":"file:///C:/Users/74993/Desktop/%E6%AF%95%E8%AE%BE/wll%E8%AE%BA%E6%96%87/java-language-server2/outputDir/LOC/b/LOC_800.java"},"position":{"line":51,"character":29}}
Sep 28, 2025 4:55:52 PM org.javacs.JavaLanguageServer completion
INFO: completion: 3.5201 document: file:///C:/Users/74993/Desktop/毕设/wll论文/java-language-server2/outputDir/LOC/b/LOC_800.java
Sep 28, 2025 4:55:52 PM org.javacs.JavaLanguageServer completion
INFO: completion: 2.994 document: file:///C:/Users/74993/Desktop/毕设/wll论文/java-language-server2/outputDir/LOC/b/LOC_800.java
Sep 28, 2025 4:55:52 PM org.javacs.JavaLanguageServer completion
INFO: completion: 2.0008 document: file:///C:/Users/74993/Desktop/毕设/wll论文/java-language-server2/outputDir/LOC/b/LOC_800.java
Sep 28, 2025 4:55:52 PM org.javacs.JavaLanguageServer completion
INFO: completion: 2.5391 document: file:///C:/Users/74993/Desktop/毕设/wll论文/java-language-server2/outputDir/LOC/b/LOC_800.java
Sep 28, 2025 4:55:52 PM org.javacs.JavaLanguageServer completion
INFO: completion: 3.0044 document: file:///C:/Users/74993/Desktop/毕设/wll论文/java-language-server2/outputDir/LOC/b/LOC_800.java
Sep 28, 2025 4:55:52 PM org.javacs.JavaLanguageServer didOpenTextDocument
INFO: #didOpenTextDocument# try call goto {"context":{"includeDeclaration":false},"textDocument":{"uri":"file:///C:/Users/74993/Desktop/%E6%AF%95%E8%AE%BE/wll%E8%AE%BA%E6%96%87/java-language-server2/outputDir/LOC/b/LOC_800.java"},"position":{"line":779,"character":28}}
Sep 28, 2025 4:55:52 PM org.javacs.JavaLanguageServer gotoDefinition
INFO: gotoDefinition: 34.2995 document: file:///C:/Users/74993/Desktop/毕设/wll论文/java-language-server2/outputDir/LOC/b/LOC_800.java
Sep 28, 2025 4:55:52 PM org.javacs.JavaCompilerService compileBatch
INFO: ...using cached compile
Sep 28, 2025 4:55:52 PM org.javacs.JavaLanguageServer gotoDefinition
INFO: gotoDefinition: 28.5722 document: file:///C:/Users/74993/Desktop/毕设/wll论文/java-language-server2/outputDir/LOC/b/LOC_800.java
Sep 28, 2025 4:55:52 PM org.javacs.JavaCompilerService compileBatch
INFO: ...using cached compile
Sep 28, 2025 4:55:52 PM org.javacs.JavaLanguageServer gotoDefinition
INFO: gotoDefinition: 28.0897 document: file:///C:/Users/74993/Desktop/毕设/wll论文/java-language-server2/outputDir/LOC/b/LOC_800.java
Sep 28, 2025 4:55:52 PM org.javacs.JavaCompilerService compileBatch
INFO: ...using cached compile
Sep 28, 2025 4:55:52 PM org.javacs.JavaLanguageServer gotoDefinition
INFO: gotoDefinition: 28.5701 document: file:///C:/Users/74993/Desktop/毕设/wll论文/java-language-server2/outputDir/LOC/b/LOC_800.java
Sep 28, 2025 4:55:52 PM org.javacs.JavaCompilerService compileBatch
INFO: ...using cached compile
Sep 28, 2025 4:55:52 PM org.javacs.JavaLanguageServer gotoDefinition
INFO: gotoDefinition: 29.2988 document: file:///C:/Users/74993/Desktop/毕设/wll论文/java-language-server2/outputDir/LOC/b/LOC_800.java
Sep 28, 2025 4:55:52 PM org.javacs.JavaLanguageServer didOpenTextDocument
INFO: #didOpenTextDocument# try call rename {"context":{"includeDeclaration":false},"textDocument":{"uri":"file:///C:/Users/74993/Desktop/%E6%AF%95%E8%AE%BE/wll%E8%AE%BA%E6%96%87/java-language-server2/outputDir/LOC/b/LOC_800.java"},"position":{"line":779,"character":28}}
Sep 28, 2025 4:55:52 PM org.javacs.JavaCompilerService compileBatch
INFO: ...using cached compile
Sep 28, 2025 4:55:52 PM org.javacs.JavaLanguageServer rename
INFO: rename: 29.9078 document: file:///C:/Users/74993/Desktop/毕设/wll论文/java-language-server2/outputDir/LOC/b/LOC_800.java
Sep 28, 2025 4:55:52 PM org.javacs.JavaCompilerService compileBatch
INFO: ...using cached compile
Sep 28, 2025 4:55:52 PM org.javacs.JavaLanguageServer rename
INFO: rename: 34.6696 document: file:///C:/Users/74993/Desktop/毕设/wll论文/java-language-server2/outputDir/LOC/b/LOC_800.java
Sep 28, 2025 4:55:52 PM org.javacs.JavaCompilerService compileBatch
INFO: ...using cached compile
Sep 28, 2025 4:55:53 PM org.javacs.JavaLanguageServer rename
INFO: rename: 29.8545 document: file:///C:/Users/74993/Desktop/毕设/wll论文/java-language-server2/outputDir/LOC/b/LOC_800.java
Sep 28, 2025 4:55:53 PM org.javacs.JavaCompilerService compileBatch
INFO: ...using cached compile
Sep 28, 2025 4:55:53 PM org.javacs.JavaLanguageServer rename
INFO: rename: 30.6107 document: file:///C:/Users/74993/Desktop/毕设/wll论文/java-language-server2/outputDir/LOC/b/LOC_800.java
Sep 28, 2025 4:55:53 PM org.javacs.JavaCompilerService compileBatch
INFO: ...using cached compile
Sep 28, 2025 4:55:53 PM org.javacs.JavaLanguageServer rename
INFO: rename: 31.0951 document: file:///C:/Users/74993/Desktop/毕设/wll论文/java-language-server2/outputDir/LOC/b/LOC_800.java
Sep 28, 2025 4:55:53 PM org.javacs.JavaLanguageServer didOpenTextDocument
INFO: #didOpenTextDocument# try completion {"context":{"includeDeclaration":false},"textDocument":{"uri":"file:///C:/Users/74993/Desktop/%E6%AF%95%E8%AE%BE/wll%E8%AE%BA%E6%96%87/java-language-server2/outputDir/LOC/b/LOC_800.java"},"position":{"line":779,"character":28}}
Sep 28, 2025 4:55:53 PM org.javacs.JavaLanguageServer completion
INFO: completion: 4.0006 document: file:///C:/Users/74993/Desktop/毕设/wll论文/java-language-server2/outputDir/LOC/b/LOC_800.java
Sep 28, 2025 4:55:53 PM org.javacs.JavaLanguageServer completion
INFO: completion: 2.5204 document: file:///C:/Users/74993/Desktop/毕设/wll论文/java-language-server2/outputDir/LOC/b/LOC_800.java
Sep 28, 2025 4:55:53 PM org.javacs.JavaLanguageServer completion
INFO: completion: 3.0799 document: file:///C:/Users/74993/Desktop/毕设/wll论文/java-language-server2/outputDir/LOC/b/LOC_800.java
Sep 28, 2025 4:55:53 PM org.javacs.JavaLanguageServer completion
INFO: completion: 2.9193 document: file:///C:/Users/74993/Desktop/毕设/wll论文/java-language-server2/outputDir/LOC/b/LOC_800.java
Sep 28, 2025 4:55:53 PM org.javacs.JavaLanguageServer completion
INFO: completion: 2.0003 document: file:///C:/Users/74993/Desktop/毕设/wll论文/java-language-server2/outputDir/LOC/b/LOC_800.java
Sep 28, 2025 4:55:53 PM org.javacs.JavaLanguageServer didOpenTextDocument
INFO: #didOpenTextDocument# try call reference {"context":{"includeDeclaration":false},"textDocument":{"uri":"file:///C:/Users/74993/Desktop/%E6%AF%95%E8%AE%BE/wll%E8%AE%BA%E6%96%87/java-language-server2/outputDir/LOC/c/LOC_1200.java"},"position":{"line":56,"character":20}}
Sep 28, 2025 4:55:53 PM org.javacs.ScanClassPath jdkTopLevelClasses
INFO: Searching for top-level classes in the JDK
Sep 28, 2025 4:55:53 PM org.javacs.ScanClassPath jdkTopLevelClasses
INFO: Found 15005 classes in the java platform
Sep 28, 2025 4:55:53 PM org.javacs.ScanClassPath classPathTopLevelClasses
INFO: Searching for top-level classes in 0 classpath locations
Sep 28, 2025 4:55:53 PM org.javacs.ScanClassPath classPathTopLevelClasses
INFO: Found 0 classes in classpath
Sep 28, 2025 4:55:53 PM org.javacs.ReusableCompiler getTask
WARNING: Options changed from [-classpath, , --add-modules, ALL-MODULE-PATH, -proc:none, -g, -Xlint:cast, -Xlint:deprecation, -Xlint:empty, -Xlint:fallthrough, -Xlint:finally, -Xlint:path, -Xlint:unchecked, -Xlint:varargs, -Xlint:static] to [-classpath, , --add-modules, ALL-MODULE-PATH, -proc:none, -g, -Xlint:cast, -Xlint:deprecation, -Xlint:empty, -Xlint:fallthrough, -Xlint:finally, -Xlint:path, -Xlint:unchecked, -Xlint:varargs, -Xlint:static], creating new compiler
Sep 28, 2025 4:55:53 PM org.javacs.JavaLanguageServer findReferences
INFO: compile component: 8.0123 document: file:///C:/Users/74993/Desktop/毕设/wll论文/java-language-server2/outputDir/LOC/c/LOC_1200.java
Sep 28, 2025 4:55:53 PM org.javacs.JavaLanguageServer findReferences
INFO: locate component: 41.2105 document: file:///C:/Users/74993/Desktop/毕设/wll论文/java-language-server2/outputDir/LOC/c/LOC_1200.java
Sep 28, 2025 4:55:53 PM org.javacs.JavaLanguageServer findReferences
INFO: traverse component: 0.0 document: file:///C:/Users/74993/Desktop/毕设/wll论文/java-language-server2/outputDir/LOC/c/LOC_1200.java
Sep 28, 2025 4:55:53 PM org.javacs.JavaLanguageServer findReferences
INFO: NOD: 2651 document: file:///C:/Users/74993/Desktop/毕设/wll论文/java-language-server2/outputDir/LOC/c/LOC_1200.java
Sep 28, 2025 4:55:53 PM org.javacs.JavaLanguageServer findReferences
INFO: DEF: 212 document: file:///C:/Users/74993/Desktop/毕设/wll论文/java-language-server2/outputDir/LOC/c/LOC_1200.java
Sep 28, 2025 4:55:53 PM org.javacs.JavaLanguageServer findReferences
INFO: OCC: 1461 document: file:///C:/Users/74993/Desktop/毕设/wll论文/java-language-server2/outputDir/LOC/c/LOC_1200.java
Sep 28, 2025 4:55:53 PM org.javacs.JavaLanguageServer findReferences
INFO: LOC: 1199 document: file:///C:/Users/74993/Desktop/毕设/wll论文/java-language-server2/outputDir/LOC/c/LOC_1200.java
Sep 28, 2025 4:55:53 PM org.javacs.ScanClassPath jdkTopLevelClasses
INFO: Searching for top-level classes in the JDK
Sep 28, 2025 4:55:53 PM org.javacs.ScanClassPath jdkTopLevelClasses
INFO: Found 15005 classes in the java platform
Sep 28, 2025 4:55:53 PM org.javacs.ScanClassPath classPathTopLevelClasses
INFO: Searching for top-level classes in 0 classpath locations
Sep 28, 2025 4:55:53 PM org.javacs.ScanClassPath classPathTopLevelClasses
INFO: Found 0 classes in classpath
Sep 28, 2025 4:55:53 PM org.javacs.ReusableCompiler getTask
WARNING: Options changed from [-classpath, , --add-modules, ALL-MODULE-PATH, -proc:none, -g, -Xlint:cast, -Xlint:deprecation, -Xlint:empty, -Xlint:fallthrough, -Xlint:finally, -Xlint:path, -Xlint:unchecked, -Xlint:varargs, -Xlint:static] to [-classpath, , --add-modules, ALL-MODULE-PATH, -proc:none, -g, -Xlint:cast, -Xlint:deprecation, -Xlint:empty, -Xlint:fallthrough, -Xlint:finally, -Xlint:path, -Xlint:unchecked, -Xlint:varargs, -Xlint:static], creating new compiler
Sep 28, 2025 4:55:53 PM org.javacs.JavaLanguageServer findReferences
INFO: compile component: 2.9997 document: file:///C:/Users/74993/Desktop/毕设/wll论文/java-language-server2/outputDir/LOC/c/LOC_1200.java
Sep 28, 2025 4:55:53 PM org.javacs.JavaLanguageServer findReferences
INFO: locate component: 37.4986 document: file:///C:/Users/74993/Desktop/毕设/wll论文/java-language-server2/outputDir/LOC/c/LOC_1200.java
Sep 28, 2025 4:55:53 PM org.javacs.JavaLanguageServer findReferences
INFO: traverse component: 0.0 document: file:///C:/Users/74993/Desktop/毕设/wll论文/java-language-server2/outputDir/LOC/c/LOC_1200.java
Sep 28, 2025 4:55:53 PM org.javacs.JavaLanguageServer findReferences
INFO: NOD: 2651 document: file:///C:/Users/74993/Desktop/毕设/wll论文/java-language-server2/outputDir/LOC/c/LOC_1200.java
Sep 28, 2025 4:55:53 PM org.javacs.JavaLanguageServer findReferences
INFO: DEF: 212 document: file:///C:/Users/74993/Desktop/毕设/wll论文/java-language-server2/outputDir/LOC/c/LOC_1200.java
Sep 28, 2025 4:55:53 PM org.javacs.JavaLanguageServer findReferences
INFO: OCC: 1461 document: file:///C:/Users/74993/Desktop/毕设/wll论文/java-language-server2/outputDir/LOC/c/LOC_1200.java
Sep 28, 2025 4:55:53 PM org.javacs.JavaLanguageServer findReferences
INFO: LOC: 1199 document: file:///C:/Users/74993/Desktop/毕设/wll论文/java-language-server2/outputDir/LOC/c/LOC_1200.java
Sep 28, 2025 4:55:53 PM org.javacs.ScanClassPath jdkTopLevelClasses
INFO: Searching for top-level classes in the JDK
Sep 28, 2025 4:55:53 PM org.javacs.ScanClassPath jdkTopLevelClasses
INFO: Found 15005 classes in the java platform
Sep 28, 2025 4:55:53 PM org.javacs.ScanClassPath classPathTopLevelClasses
INFO: Searching for top-level classes in 0 classpath locations
Sep 28, 2025 4:55:53 PM org.javacs.ScanClassPath classPathTopLevelClasses
INFO: Found 0 classes in classpath
Sep 28, 2025 4:55:53 PM org.javacs.ReusableCompiler getTask
WARNING: Options changed from [-classpath, , --add-modules, ALL-MODULE-PATH, -proc:none, -g, -Xlint:cast, -Xlint:deprecation, -Xlint:empty, -Xlint:fallthrough, -Xlint:finally, -Xlint:path, -Xlint:unchecked, -Xlint:varargs, -Xlint:static] to [-classpath, , --add-modules, ALL-MODULE-PATH, -proc:none, -g, -Xlint:cast, -Xlint:deprecation, -Xlint:empty, -Xlint:fallthrough, -Xlint:finally, -Xlint:path, -Xlint:unchecked, -Xlint:varargs, -Xlint:static], creating new compiler
Sep 28, 2025 4:55:53 PM org.javacs.JavaLanguageServer findReferences
INFO: compile component: 3.011 document: file:///C:/Users/74993/Desktop/毕设/wll论文/java-language-server2/outputDir/LOC/c/LOC_1200.java
Sep 28, 2025 4:55:53 PM org.javacs.JavaLanguageServer findReferences
INFO: locate component: 42.5483 document: file:///C:/Users/74993/Desktop/毕设/wll论文/java-language-server2/outputDir/LOC/c/LOC_1200.java
Sep 28, 2025 4:55:53 PM org.javacs.JavaLanguageServer findReferences
INFO: traverse component: 0.9988 document: file:///C:/Users/74993/Desktop/毕设/wll论文/java-language-server2/outputDir/LOC/c/LOC_1200.java
Sep 28, 2025 4:55:53 PM org.javacs.JavaLanguageServer findReferences
INFO: NOD: 2651 document: file:///C:/Users/74993/Desktop/毕设/wll论文/java-language-server2/outputDir/LOC/c/LOC_1200.java
Sep 28, 2025 4:55:53 PM org.javacs.JavaLanguageServer findReferences
INFO: DEF: 212 document: file:///C:/Users/74993/Desktop/毕设/wll论文/java-language-server2/outputDir/LOC/c/LOC_1200.java
Sep 28, 2025 4:55:53 PM org.javacs.JavaLanguageServer findReferences
INFO: OCC: 1461 document: file:///C:/Users/74993/Desktop/毕设/wll论文/java-language-server2/outputDir/LOC/c/LOC_1200.java
Sep 28, 2025 4:55:53 PM org.javacs.JavaLanguageServer findReferences
INFO: LOC: 1199 document: file:///C:/Users/74993/Desktop/毕设/wll论文/java-language-server2/outputDir/LOC/c/LOC_1200.java
Sep 28, 2025 4:55:53 PM org.javacs.ScanClassPath jdkTopLevelClasses
INFO: Searching for top-level classes in the JDK
Sep 28, 2025 4:55:53 PM org.javacs.ScanClassPath jdkTopLevelClasses
INFO: Found 15005 classes in the java platform
Sep 28, 2025 4:55:53 PM org.javacs.ScanClassPath classPathTopLevelClasses
INFO: Searching for top-level classes in 0 classpath locations
Sep 28, 2025 4:55:53 PM org.javacs.ScanClassPath classPathTopLevelClasses
INFO: Found 0 classes in classpath
Sep 28, 2025 4:55:53 PM org.javacs.ReusableCompiler getTask
WARNING: Options changed from [-classpath, , --add-modules, ALL-MODULE-PATH, -proc:none, -g, -Xlint:cast, -Xlint:deprecation, -Xlint:empty, -Xlint:fallthrough, -Xlint:finally, -Xlint:path, -Xlint:unchecked, -Xlint:varargs, -Xlint:static] to [-classpath, , --add-modules, ALL-MODULE-PATH, -proc:none, -g, -Xlint:cast, -Xlint:deprecation, -Xlint:empty, -Xlint:fallthrough, -Xlint:finally, -Xlint:path, -Xlint:unchecked, -Xlint:varargs, -Xlint:static], creating new compiler
Sep 28, 2025 4:55:53 PM org.javacs.JavaLanguageServer findReferences
INFO: compile component: 3.0341 document: file:///C:/Users/74993/Desktop/毕设/wll论文/java-language-server2/outputDir/LOC/c/LOC_1200.java
Sep 28, 2025 4:55:53 PM org.javacs.JavaLanguageServer findReferences
INFO: locate component: 35.5404 document: file:///C:/Users/74993/Desktop/毕设/wll论文/java-language-server2/outputDir/LOC/c/LOC_1200.java
Sep 28, 2025 4:55:53 PM org.javacs.JavaLanguageServer findReferences
INFO: traverse component: 0.0 document: file:///C:/Users/74993/Desktop/毕设/wll论文/java-language-server2/outputDir/LOC/c/LOC_1200.java
Sep 28, 2025 4:55:53 PM org.javacs.JavaLanguageServer findReferences
INFO: NOD: 2651 document: file:///C:/Users/74993/Desktop/毕设/wll论文/java-language-server2/outputDir/LOC/c/LOC_1200.java
Sep 28, 2025 4:55:53 PM org.javacs.JavaLanguageServer findReferences
INFO: DEF: 212 document: file:///C:/Users/74993/Desktop/毕设/wll论文/java-language-server2/outputDir/LOC/c/LOC_1200.java
Sep 28, 2025 4:55:53 PM org.javacs.JavaLanguageServer findReferences
INFO: OCC: 1461 document: file:///C:/Users/74993/Desktop/毕设/wll论文/java-language-server2/outputDir/LOC/c/LOC_1200.java
Sep 28, 2025 4:55:53 PM org.javacs.JavaLanguageServer findReferences
INFO: LOC: 1199 document: file:///C:/Users/74993/Desktop/毕设/wll论文/java-language-server2/outputDir/LOC/c/LOC_1200.java
Sep 28, 2025 4:55:53 PM org.javacs.ScanClassPath jdkTopLevelClasses
INFO: Searching for top-level classes in the JDK
Sep 28, 2025 4:55:53 PM org.javacs.ScanClassPath jdkTopLevelClasses
INFO: Found 15005 classes in the java platform
Sep 28, 2025 4:55:53 PM org.javacs.ScanClassPath classPathTopLevelClasses
INFO: Searching for top-level classes in 0 classpath locations
Sep 28, 2025 4:55:53 PM org.javacs.ScanClassPath classPathTopLevelClasses
INFO: Found 0 classes in classpath
Sep 28, 2025 4:55:53 PM org.javacs.ReusableCompiler getTask
WARNING: Options changed from [-classpath, , --add-modules, ALL-MODULE-PATH, -proc:none, -g, -Xlint:cast, -Xlint:deprecation, -Xlint:empty, -Xlint:fallthrough, -Xlint:finally, -Xlint:path, -Xlint:unchecked, -Xlint:varargs, -Xlint:static] to [-classpath, , --add-modules, ALL-MODULE-PATH, -proc:none, -g, -Xlint:cast, -Xlint:deprecation, -Xlint:empty, -Xlint:fallthrough, -Xlint:finally, -Xlint:path, -Xlint:unchecked, -Xlint:varargs, -Xlint:static], creating new compiler
Sep 28, 2025 4:55:53 PM org.javacs.JavaLanguageServer findReferences
INFO: compile component: 3.0018 document: file:///C:/Users/74993/Desktop/毕设/wll论文/java-language-server2/outputDir/LOC/c/LOC_1200.java
Sep 28, 2025 4:55:53 PM org.javacs.JavaLanguageServer findReferences
INFO: locate component: 43.6747 document: file:///C:/Users/74993/Desktop/毕设/wll论文/java-language-server2/outputDir/LOC/c/LOC_1200.java
Sep 28, 2025 4:55:53 PM org.javacs.JavaLanguageServer findReferences
INFO: traverse component: 0.0 document: file:///C:/Users/74993/Desktop/毕设/wll论文/java-language-server2/outputDir/LOC/c/LOC_1200.java
Sep 28, 2025 4:55:53 PM org.javacs.JavaLanguageServer findReferences
INFO: NOD: 2651 document: file:///C:/Users/74993/Desktop/毕设/wll论文/java-language-server2/outputDir/LOC/c/LOC_1200.java
Sep 28, 2025 4:55:53 PM org.javacs.JavaLanguageServer findReferences
INFO: DEF: 212 document: file:///C:/Users/74993/Desktop/毕设/wll论文/java-language-server2/outputDir/LOC/c/LOC_1200.java
Sep 28, 2025 4:55:53 PM org.javacs.JavaLanguageServer findReferences
INFO: OCC: 1461 document: file:///C:/Users/74993/Desktop/毕设/wll论文/java-language-server2/outputDir/LOC/c/LOC_1200.java
Sep 28, 2025 4:55:53 PM org.javacs.JavaLanguageServer findReferences
INFO: LOC: 1199 document: file:///C:/Users/74993/Desktop/毕设/wll论文/java-language-server2/outputDir/LOC/c/LOC_1200.java
Sep 28, 2025 4:55:53 PM org.javacs.JavaLanguageServer didOpenTextDocument
INFO: #didOpenTextDocument# try call goto {"context":{"includeDeclaration":false},"textDocument":{"uri":"file:///C:/Users/74993/Desktop/%E6%AF%95%E8%AE%BE/wll%E8%AE%BA%E6%96%87/java-language-server2/outputDir/LOC/c/LOC_1200.java"},"position":{"line":56,"character":20}}
Sep 28, 2025 4:55:53 PM org.javacs.JavaCompilerService compileBatch
INFO: ...using cached compile
Sep 28, 2025 4:55:53 PM org.javacs.JavaLanguageServer gotoDefinition
INFO: gotoDefinition: 39.8637 document: file:///C:/Users/74993/Desktop/毕设/wll论文/java-language-server2/outputDir/LOC/c/LOC_1200.java
Sep 28, 2025 4:55:53 PM org.javacs.JavaCompilerService compileBatch
INFO: ...using cached compile
Sep 28, 2025 4:55:53 PM org.javacs.JavaLanguageServer gotoDefinition
INFO: gotoDefinition: 39.9219 document: file:///C:/Users/74993/Desktop/毕设/wll论文/java-language-server2/outputDir/LOC/c/LOC_1200.java
Sep 28, 2025 4:55:53 PM org.javacs.JavaCompilerService compileBatch
INFO: ...using cached compile
Sep 28, 2025 4:55:53 PM org.javacs.JavaLanguageServer gotoDefinition
INFO: gotoDefinition: 39.3669 document: file:///C:/Users/74993/Desktop/毕设/wll论文/java-language-server2/outputDir/LOC/c/LOC_1200.java
Sep 28, 2025 4:55:53 PM org.javacs.JavaCompilerService compileBatch
INFO: ...using cached compile
Sep 28, 2025 4:55:53 PM org.javacs.JavaLanguageServer gotoDefinition
INFO: gotoDefinition: 38.624 document: file:///C:/Users/74993/Desktop/毕设/wll论文/java-language-server2/outputDir/LOC/c/LOC_1200.java
Sep 28, 2025 4:55:53 PM org.javacs.JavaCompilerService compileBatch
INFO: ...using cached compile
Sep 28, 2025 4:55:53 PM org.javacs.JavaLanguageServer gotoDefinition
INFO: gotoDefinition: 38.1445 document: file:///C:/Users/74993/Desktop/毕设/wll论文/java-language-server2/outputDir/LOC/c/LOC_1200.java
Sep 28, 2025 4:55:53 PM org.javacs.JavaLanguageServer didOpenTextDocument
INFO: #didOpenTextDocument# try call rename {"context":{"includeDeclaration":false},"textDocument":{"uri":"file:///C:/Users/74993/Desktop/%E6%AF%95%E8%AE%BE/wll%E8%AE%BA%E6%96%87/java-language-server2/outputDir/LOC/c/LOC_1200.java"},"position":{"line":56,"character":20}}
Sep 28, 2025 4:55:53 PM org.javacs.JavaCompilerService compileBatch
INFO: ...using cached compile
Sep 28, 2025 4:55:53 PM org.javacs.JavaLanguageServer rename
INFO: rename: 36.9968 document: file:///C:/Users/74993/Desktop/毕设/wll论文/java-language-server2/outputDir/LOC/c/LOC_1200.java
Sep 28, 2025 4:55:53 PM org.javacs.JavaCompilerService compileBatch
INFO: ...using cached compile
Sep 28, 2025 4:55:54 PM org.javacs.JavaLanguageServer rename
INFO: rename: 38.0794 document: file:///C:/Users/74993/Desktop/毕设/wll论文/java-language-server2/outputDir/LOC/c/LOC_1200.java
Sep 28, 2025 4:55:54 PM org.javacs.JavaCompilerService compileBatch
INFO: ...using cached compile
Sep 28, 2025 4:55:54 PM org.javacs.JavaLanguageServer rename
INFO: rename: 36.1834 document: file:///C:/Users/74993/Desktop/毕设/wll论文/java-language-server2/outputDir/LOC/c/LOC_1200.java
Sep 28, 2025 4:55:54 PM org.javacs.JavaCompilerService compileBatch
INFO: ...using cached compile
Sep 28, 2025 4:55:54 PM org.javacs.JavaLanguageServer rename
INFO: rename: 35.1956 document: file:///C:/Users/74993/Desktop/毕设/wll论文/java-language-server2/outputDir/LOC/c/LOC_1200.java
Sep 28, 2025 4:55:54 PM org.javacs.JavaCompilerService compileBatch
INFO: ...using cached compile
Sep 28, 2025 4:55:54 PM org.javacs.JavaLanguageServer rename
INFO: rename: 35.456 document: file:///C:/Users/74993/Desktop/毕设/wll论文/java-language-server2/outputDir/LOC/c/LOC_1200.java
Sep 28, 2025 4:55:54 PM org.javacs.JavaLanguageServer didOpenTextDocument
INFO: #didOpenTextDocument# try completion {"context":{"includeDeclaration":false},"textDocument":{"uri":"file:///C:/Users/74993/Desktop/%E6%AF%95%E8%AE%BE/wll%E8%AE%BA%E6%96%87/java-language-server2/outputDir/LOC/c/LOC_1200.java"},"position":{"line":56,"character":20}}
Sep 28, 2025 4:55:54 PM org.javacs.JavaLanguageServer completion
INFO: completion: 4.5282 document: file:///C:/Users/74993/Desktop/毕设/wll论文/java-language-server2/outputDir/LOC/c/LOC_1200.java
Sep 28, 2025 4:55:54 PM org.javacs.JavaLanguageServer completion
INFO: completion: 2.9982 document: file:///C:/Users/74993/Desktop/毕设/wll论文/java-language-server2/outputDir/LOC/c/LOC_1200.java
Sep 28, 2025 4:55:54 PM org.javacs.JavaLanguageServer completion
INFO: completion: 3.0021 document: file:///C:/Users/74993/Desktop/毕设/wll论文/java-language-server2/outputDir/LOC/c/LOC_1200.java
Sep 28, 2025 4:55:54 PM org.javacs.JavaLanguageServer completion
INFO: completion: 2.5305 document: file:///C:/Users/74993/Desktop/毕设/wll论文/java-language-server2/outputDir/LOC/c/LOC_1200.java
Sep 28, 2025 4:55:54 PM org.javacs.JavaLanguageServer completion
INFO: completion: 3.502 document: file:///C:/Users/74993/Desktop/毕设/wll论文/java-language-server2/outputDir/LOC/c/LOC_1200.java
Sep 28, 2025 4:55:54 PM org.javacs.JavaLanguageServer didOpenTextDocument
INFO: #didOpenTextDocument# try call goto {"context":{"includeDeclaration":false},"textDocument":{"uri":"file:///C:/Users/74993/Desktop/%E6%AF%95%E8%AE%BE/wll%E8%AE%BA%E6%96%87/java-language-server2/outputDir/LOC/c/LOC_1200.java"},"position":{"line":1188,"character":42}}
Sep 28, 2025 4:55:54 PM org.javacs.JavaLanguageServer gotoDefinition
INFO: gotoDefinition: 46.2286 document: file:///C:/Users/74993/Desktop/毕设/wll论文/java-language-server2/outputDir/LOC/c/LOC_1200.java
Sep 28, 2025 4:55:54 PM org.javacs.JavaCompilerService compileBatch
INFO: ...using cached compile
Sep 28, 2025 4:55:54 PM org.javacs.JavaLanguageServer gotoDefinition
INFO: gotoDefinition: 36.732 document: file:///C:/Users/74993/Desktop/毕设/wll论文/java-language-server2/outputDir/LOC/c/LOC_1200.java
Sep 28, 2025 4:55:54 PM org.javacs.JavaCompilerService compileBatch
INFO: ...using cached compile
Sep 28, 2025 4:55:54 PM org.javacs.JavaLanguageServer gotoDefinition
INFO: gotoDefinition: 41.5997 document: file:///C:/Users/74993/Desktop/毕设/wll论文/java-language-server2/outputDir/LOC/c/LOC_1200.java
Sep 28, 2025 4:55:54 PM org.javacs.JavaCompilerService compileBatch
INFO: ...using cached compile
Sep 28, 2025 4:55:54 PM org.javacs.JavaLanguageServer gotoDefinition
INFO: gotoDefinition: 39.7206 document: file:///C:/Users/74993/Desktop/毕设/wll论文/java-language-server2/outputDir/LOC/c/LOC_1200.java
Sep 28, 2025 4:55:54 PM org.javacs.JavaCompilerService compileBatch
INFO: ...using cached compile
Sep 28, 2025 4:55:54 PM org.javacs.JavaLanguageServer gotoDefinition
INFO: gotoDefinition: 42.9946 document: file:///C:/Users/74993/Desktop/毕设/wll论文/java-language-server2/outputDir/LOC/c/LOC_1200.java
Sep 28, 2025 4:55:54 PM org.javacs.JavaLanguageServer didOpenTextDocument
INFO: #didOpenTextDocument# try call rename {"context":{"includeDeclaration":false},"textDocument":{"uri":"file:///C:/Users/74993/Desktop/%E6%AF%95%E8%AE%BE/wll%E8%AE%BA%E6%96%87/java-language-server2/outputDir/LOC/c/LOC_1200.java"},"position":{"line":1188,"character":42}}
Sep 28, 2025 4:55:54 PM org.javacs.JavaCompilerService compileBatch
INFO: ...using cached compile
Sep 28, 2025 4:55:54 PM org.javacs.JavaLanguageServer rename
INFO: rename: 36.6661 document: file:///C:/Users/74993/Desktop/毕设/wll论文/java-language-server2/outputDir/LOC/c/LOC_1200.java
Sep 28, 2025 4:55:54 PM org.javacs.JavaCompilerService compileBatch
INFO: ...using cached compile
Sep 28, 2025 4:55:54 PM org.javacs.JavaLanguageServer rename
INFO: rename: 36.2077 document: file:///C:/Users/74993/Desktop/毕设/wll论文/java-language-server2/outputDir/LOC/c/LOC_1200.java
Sep 28, 2025 4:55:54 PM org.javacs.JavaCompilerService compileBatch
INFO: ...using cached compile
Sep 28, 2025 4:55:54 PM org.javacs.JavaLanguageServer rename
INFO: rename: 36.8976 document: file:///C:/Users/74993/Desktop/毕设/wll论文/java-language-server2/outputDir/LOC/c/LOC_1200.java
Sep 28, 2025 4:55:54 PM org.javacs.JavaCompilerService compileBatch
INFO: ...using cached compile
Sep 28, 2025 4:55:54 PM org.javacs.JavaLanguageServer rename
INFO: rename: 36.5007 document: file:///C:/Users/74993/Desktop/毕设/wll论文/java-language-server2/outputDir/LOC/c/LOC_1200.java
Sep 28, 2025 4:55:54 PM org.javacs.JavaCompilerService compileBatch
INFO: ...using cached compile
Sep 28, 2025 4:55:54 PM org.javacs.JavaLanguageServer rename
INFO: rename: 44.5865 document: file:///C:/Users/74993/Desktop/毕设/wll论文/java-language-server2/outputDir/LOC/c/LOC_1200.java
Sep 28, 2025 4:55:54 PM org.javacs.JavaLanguageServer didOpenTextDocument
INFO: #didOpenTextDocument# try completion {"context":{"includeDeclaration":false},"textDocument":{"uri":"file:///C:/Users/74993/Desktop/%E6%AF%95%E8%AE%BE/wll%E8%AE%BA%E6%96%87/java-language-server2/outputDir/LOC/c/LOC_1200.java"},"position":{"line":1188,"character":42}}
Sep 28, 2025 4:55:54 PM org.javacs.JavaLanguageServer completion
INFO: completion: 4.5267 document: file:///C:/Users/74993/Desktop/毕设/wll论文/java-language-server2/outputDir/LOC/c/LOC_1200.java
Sep 28, 2025 4:55:54 PM org.javacs.JavaLanguageServer completion
INFO: completion: 2.9969 document: file:///C:/Users/74993/Desktop/毕设/wll论文/java-language-server2/outputDir/LOC/c/LOC_1200.java
Sep 28, 2025 4:55:54 PM org.javacs.JavaLanguageServer completion
INFO: completion: 2.0003 document: file:///C:/Users/74993/Desktop/毕设/wll论文/java-language-server2/outputDir/LOC/c/LOC_1200.java
Sep 28, 2025 4:55:54 PM org.javacs.JavaLanguageServer completion
INFO: completion: 3.5137 document: file:///C:/Users/74993/Desktop/毕设/wll论文/java-language-server2/outputDir/LOC/c/LOC_1200.java
Sep 28, 2025 4:55:54 PM org.javacs.JavaLanguageServer completion
INFO: completion: 2.0001 document: file:///C:/Users/74993/Desktop/毕设/wll论文/java-language-server2/outputDir/LOC/c/LOC_1200.java
Sep 28, 2025 4:55:54 PM org.javacs.JavaLanguageServer didOpenTextDocument
INFO: #didOpenTextDocument# try call reference {"context":{"includeDeclaration":false},"textDocument":{"uri":"file:///C:/Users/74993/Desktop/%E6%AF%95%E8%AE%BE/wll%E8%AE%BA%E6%96%87/java-language-server2/outputDir/LOC/d/LOC_1600.java"},"position":{"line":67,"character":34}}
Sep 28, 2025 4:55:54 PM org.javacs.ScanClassPath jdkTopLevelClasses
INFO: Searching for top-level classes in the JDK
Sep 28, 2025 4:55:54 PM org.javacs.ScanClassPath jdkTopLevelClasses
INFO: Found 15005 classes in the java platform
Sep 28, 2025 4:55:54 PM org.javacs.ScanClassPath classPathTopLevelClasses
INFO: Searching for top-level classes in 0 classpath locations
Sep 28, 2025 4:55:54 PM org.javacs.ScanClassPath classPathTopLevelClasses
INFO: Found 0 classes in classpath
Sep 28, 2025 4:55:54 PM org.javacs.ReusableCompiler getTask
WARNING: Options changed from [-classpath, , --add-modules, ALL-MODULE-PATH, -proc:none, -g, -Xlint:cast, -Xlint:deprecation, -Xlint:empty, -Xlint:fallthrough, -Xlint:finally, -Xlint:path, -Xlint:unchecked, -Xlint:varargs, -Xlint:static] to [-classpath, , --add-modules, ALL-MODULE-PATH, -proc:none, -g, -Xlint:cast, -Xlint:deprecation, -Xlint:empty, -Xlint:fallthrough, -Xlint:finally, -Xlint:path, -Xlint:unchecked, -Xlint:varargs, -Xlint:static], creating new compiler
Sep 28, 2025 4:55:54 PM org.javacs.JavaLanguageServer findReferences
INFO: compile component: 14.5276 document: file:///C:/Users/74993/Desktop/毕设/wll论文/java-language-server2/outputDir/LOC/d/LOC_1600.java
Sep 28, 2025 4:55:54 PM org.javacs.JavaLanguageServer findReferences
INFO: locate component: 73.5701 document: file:///C:/Users/74993/Desktop/毕设/wll论文/java-language-server2/outputDir/LOC/d/LOC_1600.java
Sep 28, 2025 4:55:54 PM org.javacs.JavaLanguageServer findReferences
INFO: traverse component: 0.0 document: file:///C:/Users/74993/Desktop/毕设/wll论文/java-language-server2/outputDir/LOC/d/LOC_1600.java
Sep 28, 2025 4:55:54 PM org.javacs.JavaLanguageServer findReferences
INFO: NOD: 5021 document: file:///C:/Users/74993/Desktop/毕设/wll论文/java-language-server2/outputDir/LOC/d/LOC_1600.java
Sep 28, 2025 4:55:54 PM org.javacs.JavaLanguageServer findReferences
INFO: DEF: 340 document: file:///C:/Users/74993/Desktop/毕设/wll论文/java-language-server2/outputDir/LOC/d/LOC_1600.java
Sep 28, 2025 4:55:54 PM org.javacs.JavaLanguageServer findReferences
INFO: OCC: 3095 document: file:///C:/Users/74993/Desktop/毕设/wll论文/java-language-server2/outputDir/LOC/d/LOC_1600.java
Sep 28, 2025 4:55:54 PM org.javacs.JavaLanguageServer findReferences
INFO: LOC: 1575 document: file:///C:/Users/74993/Desktop/毕设/wll论文/java-language-server2/outputDir/LOC/d/LOC_1600.java
Sep 28, 2025 4:55:54 PM org.javacs.ScanClassPath jdkTopLevelClasses
INFO: Searching for top-level classes in the JDK
Sep 28, 2025 4:55:54 PM org.javacs.ScanClassPath jdkTopLevelClasses
INFO: Found 15005 classes in the java platform
Sep 28, 2025 4:55:54 PM org.javacs.ScanClassPath classPathTopLevelClasses
INFO: Searching for top-level classes in 0 classpath locations
Sep 28, 2025 4:55:54 PM org.javacs.ScanClassPath classPathTopLevelClasses
INFO: Found 0 classes in classpath
Sep 28, 2025 4:55:54 PM org.javacs.ReusableCompiler getTask
WARNING: Options changed from [-classpath, , --add-modules, ALL-MODULE-PATH, -proc:none, -g, -Xlint:cast, -Xlint:deprecation, -Xlint:empty, -Xlint:fallthrough, -Xlint:finally, -Xlint:path, -Xlint:unchecked, -Xlint:varargs, -Xlint:static] to [-classpath, , --add-modules, ALL-MODULE-PATH, -proc:none, -g, -Xlint:cast, -Xlint:deprecation, -Xlint:empty, -Xlint:fallthrough, -Xlint:finally, -Xlint:path, -Xlint:unchecked, -Xlint:varargs, -Xlint:static], creating new compiler
Sep 28, 2025 4:55:54 PM org.javacs.JavaLanguageServer findReferences
INFO: compile component: 3.5165 document: file:///C:/Users/74993/Desktop/毕设/wll论文/java-language-server2/outputDir/LOC/d/LOC_1600.java
Sep 28, 2025 4:55:54 PM org.javacs.JavaLanguageServer findReferences
INFO: locate component: 83.2138 document: file:///C:/Users/74993/Desktop/毕设/wll论文/java-language-server2/outputDir/LOC/d/LOC_1600.java
Sep 28, 2025 4:55:54 PM org.javacs.JavaLanguageServer findReferences
INFO: traverse component: 0.0 document: file:///C:/Users/74993/Desktop/毕设/wll论文/java-language-server2/outputDir/LOC/d/LOC_1600.java
Sep 28, 2025 4:55:54 PM org.javacs.JavaLanguageServer findReferences
INFO: NOD: 5021 document: file:///C:/Users/74993/Desktop/毕设/wll论文/java-language-server2/outputDir/LOC/d/LOC_1600.java
Sep 28, 2025 4:55:54 PM org.javacs.JavaLanguageServer findReferences
INFO: DEF: 340 document: file:///C:/Users/74993/Desktop/毕设/wll论文/java-language-server2/outputDir/LOC/d/LOC_1600.java
Sep 28, 2025 4:55:54 PM org.javacs.JavaLanguageServer findReferences
INFO: OCC: 3095 document: file:///C:/Users/74993/Desktop/毕设/wll论文/java-language-server2/outputDir/LOC/d/LOC_1600.java
Sep 28, 2025 4:55:54 PM org.javacs.JavaLanguageServer findReferences
INFO: LOC: 1575 document: file:///C:/Users/74993/Desktop/毕设/wll论文/java-language-server2/outputDir/LOC/d/LOC_1600.java
Sep 28, 2025 4:55:54 PM org.javacs.ScanClassPath jdkTopLevelClasses
INFO: Searching for top-level classes in the JDK
Sep 28, 2025 4:55:54 PM org.javacs.ScanClassPath jdkTopLevelClasses
INFO: Found 15005 classes in the java platform
Sep 28, 2025 4:55:54 PM org.javacs.ScanClassPath classPathTopLevelClasses
INFO: Searching for top-level classes in 0 classpath locations
Sep 28, 2025 4:55:54 PM org.javacs.ScanClassPath classPathTopLevelClasses
INFO: Found 0 classes in classpath
Sep 28, 2025 4:55:54 PM org.javacs.ReusableCompiler getTask
WARNING: Options changed from [-classpath, , --add-modules, ALL-MODULE-PATH, -proc:none, -g, -Xlint:cast, -Xlint:deprecation, -Xlint:empty, -Xlint:fallthrough, -Xlint:finally, -Xlint:path, -Xlint:unchecked, -Xlint:varargs, -Xlint:static] to [-classpath, , --add-modules, ALL-MODULE-PATH, -proc:none, -g, -Xlint:cast, -Xlint:deprecation, -Xlint:empty, -Xlint:fallthrough, -Xlint:finally, -Xlint:path, -Xlint:unchecked, -Xlint:varargs, -Xlint:static], creating new compiler
Sep 28, 2025 4:55:55 PM org.javacs.JavaLanguageServer findReferences
INFO: compile component: 4.2779 document: file:///C:/Users/74993/Desktop/毕设/wll论文/java-language-server2/outputDir/LOC/d/LOC_1600.java
Sep 28, 2025 4:55:55 PM org.javacs.JavaLanguageServer findReferences
INFO: locate component: 79.4316 document: file:///C:/Users/74993/Desktop/毕设/wll论文/java-language-server2/outputDir/LOC/d/LOC_1600.java
Sep 28, 2025 4:55:55 PM org.javacs.JavaLanguageServer findReferences
INFO: traverse component: 0.9983 document: file:///C:/Users/74993/Desktop/毕设/wll论文/java-language-server2/outputDir/LOC/d/LOC_1600.java
Sep 28, 2025 4:55:55 PM org.javacs.JavaLanguageServer findReferences
INFO: NOD: 5021 document: file:///C:/Users/74993/Desktop/毕设/wll论文/java-language-server2/outputDir/LOC/d/LOC_1600.java
Sep 28, 2025 4:55:55 PM org.javacs.JavaLanguageServer findReferences
INFO: DEF: 340 document: file:///C:/Users/74993/Desktop/毕设/wll论文/java-language-server2/outputDir/LOC/d/LOC_1600.java
Sep 28, 2025 4:55:55 PM org.javacs.JavaLanguageServer findReferences
INFO: OCC: 3095 document: file:///C:/Users/74993/Desktop/毕设/wll论文/java-language-server2/outputDir/LOC/d/LOC_1600.java
Sep 28, 2025 4:55:55 PM org.javacs.JavaLanguageServer findReferences
INFO: LOC: 1575 document: file:///C:/Users/74993/Desktop/毕设/wll论文/java-language-server2/outputDir/LOC/d/LOC_1600.java
Sep 28, 2025 4:55:55 PM org.javacs.ScanClassPath jdkTopLevelClasses
INFO: Searching for top-level classes in the JDK
Sep 28, 2025 4:55:55 PM org.javacs.ScanClassPath jdkTopLevelClasses
INFO: Found 15005 classes in the java platform
Sep 28, 2025 4:55:55 PM org.javacs.ScanClassPath classPathTopLevelClasses
INFO: Searching for top-level classes in 0 classpath locations
Sep 28, 2025 4:55:55 PM org.javacs.ScanClassPath classPathTopLevelClasses
INFO: Found 0 classes in classpath
Sep 28, 2025 4:55:55 PM org.javacs.ReusableCompiler getTask
WARNING: Options changed from [-classpath, , --add-modules, ALL-MODULE-PATH, -proc:none, -g, -Xlint:cast, -Xlint:deprecation, -Xlint:empty, -Xlint:fallthrough, -Xlint:finally, -Xlint:path, -Xlint:unchecked, -Xlint:varargs, -Xlint:static] to [-classpath, , --add-modules, ALL-MODULE-PATH, -proc:none, -g, -Xlint:cast, -Xlint:deprecation, -Xlint:empty, -Xlint:fallthrough, -Xlint:finally, -Xlint:path, -Xlint:unchecked, -Xlint:varargs, -Xlint:static], creating new compiler
Sep 28, 2025 4:55:55 PM org.javacs.JavaLanguageServer findReferences
INFO: compile component: 4.0102 document: file:///C:/Users/74993/Desktop/毕设/wll论文/java-language-server2/outputDir/LOC/d/LOC_1600.java
Sep 28, 2025 4:55:55 PM org.javacs.JavaLanguageServer findReferences
INFO: locate component: 75.0034 document: file:///C:/Users/74993/Desktop/毕设/wll论文/java-language-server2/outputDir/LOC/d/LOC_1600.java
Sep 28, 2025 4:55:55 PM org.javacs.JavaLanguageServer findReferences
INFO: traverse component: 0.0 document: file:///C:/Users/74993/Desktop/毕设/wll论文/java-language-server2/outputDir/LOC/d/LOC_1600.java
Sep 28, 2025 4:55:55 PM org.javacs.JavaLanguageServer findReferences
INFO: NOD: 5021 document: file:///C:/Users/74993/Desktop/毕设/wll论文/java-language-server2/outputDir/LOC/d/LOC_1600.java
Sep 28, 2025 4:55:55 PM org.javacs.JavaLanguageServer findReferences
INFO: DEF: 340 document: file:///C:/Users/74993/Desktop/毕设/wll论文/java-language-server2/outputDir/LOC/d/LOC_1600.java
Sep 28, 2025 4:55:55 PM org.javacs.JavaLanguageServer findReferences
INFO: OCC: 3095 document: file:///C:/Users/74993/Desktop/毕设/wll论文/java-language-server2/outputDir/LOC/d/LOC_1600.java
Sep 28, 2025 4:55:55 PM org.javacs.JavaLanguageServer findReferences
INFO: LOC: 1575 document: file:///C:/Users/74993/Desktop/毕设/wll论文/java-language-server2/outputDir/LOC/d/LOC_1600.java
Sep 28, 2025 4:55:55 PM org.javacs.ScanClassPath jdkTopLevelClasses
INFO: Searching for top-level classes in the JDK
Sep 28, 2025 4:55:55 PM org.javacs.ScanClassPath jdkTopLevelClasses
INFO: Found 15005 classes in the java platform
Sep 28, 2025 4:55:55 PM org.javacs.ScanClassPath classPathTopLevelClasses
INFO: Searching for top-level classes in 0 classpath locations
Sep 28, 2025 4:55:55 PM org.javacs.ScanClassPath classPathTopLevelClasses
INFO: Found 0 classes in classpath
Sep 28, 2025 4:55:55 PM org.javacs.ReusableCompiler getTask
WARNING: Options changed from [-classpath, , --add-modules, ALL-MODULE-PATH, -proc:none, -g, -Xlint:cast, -Xlint:deprecation, -Xlint:empty, -Xlint:fallthrough, -Xlint:finally, -Xlint:path, -Xlint:unchecked, -Xlint:varargs, -Xlint:static] to [-classpath, , --add-modules, ALL-MODULE-PATH, -proc:none, -g, -Xlint:cast, -Xlint:deprecation, -Xlint:empty, -Xlint:fallthrough, -Xlint:finally, -Xlint:path, -Xlint:unchecked, -Xlint:varargs, -Xlint:static], creating new compiler
Sep 28, 2025 4:55:55 PM org.javacs.JavaLanguageServer findReferences
INFO: compile component: 3.5089 document: file:///C:/Users/74993/Desktop/毕设/wll论文/java-language-server2/outputDir/LOC/d/LOC_1600.java
Sep 28, 2025 4:55:55 PM org.javacs.JavaLanguageServer findReferences
INFO: locate component: 81.5931 document: file:///C:/Users/74993/Desktop/毕设/wll论文/java-language-server2/outputDir/LOC/d/LOC_1600.java
Sep 28, 2025 4:55:55 PM org.javacs.JavaLanguageServer findReferences
INFO: traverse component: 0.0 document: file:///C:/Users/74993/Desktop/毕设/wll论文/java-language-server2/outputDir/LOC/d/LOC_1600.java
Sep 28, 2025 4:55:55 PM org.javacs.JavaLanguageServer findReferences
INFO: NOD: 5021 document: file:///C:/Users/74993/Desktop/毕设/wll论文/java-language-server2/outputDir/LOC/d/LOC_1600.java
Sep 28, 2025 4:55:55 PM org.javacs.JavaLanguageServer findReferences
INFO: DEF: 340 document: file:///C:/Users/74993/Desktop/毕设/wll论文/java-language-server2/outputDir/LOC/d/LOC_1600.java
Sep 28, 2025 4:55:55 PM org.javacs.JavaLanguageServer findReferences
INFO: OCC: 3095 document: file:///C:/Users/74993/Desktop/毕设/wll论文/java-language-server2/outputDir/LOC/d/LOC_1600.java
Sep 28, 2025 4:55:55 PM org.javacs.JavaLanguageServer findReferences
INFO: LOC: 1575 document: file:///C:/Users/74993/Desktop/毕设/wll论文/java-language-server2/outputDir/LOC/d/LOC_1600.java
Sep 28, 2025 4:55:55 PM org.javacs.JavaLanguageServer didOpenTextDocument
INFO: #didOpenTextDocument# try call goto {"context":{"includeDeclaration":false},"textDocument":{"uri":"file:///C:/Users/74993/Desktop/%E6%AF%95%E8%AE%BE/wll%E8%AE%BA%E6%96%87/java-language-server2/outputDir/LOC/d/LOC_1600.java"},"position":{"line":67,"character":34}}
Sep 28, 2025 4:55:55 PM org.javacs.JavaCompilerService compileBatch
INFO: ...using cached compile
Sep 28, 2025 4:55:55 PM org.javacs.JavaLanguageServer gotoDefinition
INFO: gotoDefinition: 77.1617 document: file:///C:/Users/74993/Desktop/毕设/wll论文/java-language-server2/outputDir/LOC/d/LOC_1600.java
Sep 28, 2025 4:55:55 PM org.javacs.JavaCompilerService compileBatch
INFO: ...using cached compile
Sep 28, 2025 4:55:55 PM org.javacs.JavaLanguageServer gotoDefinition
INFO: gotoDefinition: 91.475 document: file:///C:/Users/74993/Desktop/毕设/wll论文/java-language-server2/outputDir/LOC/d/LOC_1600.java
Sep 28, 2025 4:55:55 PM org.javacs.JavaCompilerService compileBatch
INFO: ...using cached compile
Sep 28, 2025 4:55:55 PM org.javacs.JavaLanguageServer gotoDefinition
INFO: gotoDefinition: 80.0867 document: file:///C:/Users/74993/Desktop/毕设/wll论文/java-language-server2/outputDir/LOC/d/LOC_1600.java
Sep 28, 2025 4:55:55 PM org.javacs.JavaCompilerService compileBatch
INFO: ...using cached compile
Sep 28, 2025 4:55:55 PM org.javacs.JavaLanguageServer gotoDefinition
INFO: gotoDefinition: 91.8269 document: file:///C:/Users/74993/Desktop/毕设/wll论文/java-language-server2/outputDir/LOC/d/LOC_1600.java
Sep 28, 2025 4:55:55 PM org.javacs.JavaCompilerService compileBatch
INFO: ...using cached compile
Sep 28, 2025 4:55:55 PM org.javacs.JavaLanguageServer gotoDefinition
INFO: gotoDefinition: 80.159 document: file:///C:/Users/74993/Desktop/毕设/wll论文/java-language-server2/outputDir/LOC/d/LOC_1600.java
Sep 28, 2025 4:55:55 PM org.javacs.JavaLanguageServer didOpenTextDocument
INFO: #didOpenTextDocument# try call rename {"context":{"includeDeclaration":false},"textDocument":{"uri":"file:///C:/Users/74993/Desktop/%E6%AF%95%E8%AE%BE/wll%E8%AE%BA%E6%96%87/java-language-server2/outputDir/LOC/d/LOC_1600.java"},"position":{"line":67,"character":34}}
Sep 28, 2025 4:55:55 PM org.javacs.JavaCompilerService compileBatch
INFO: ...using cached compile
Sep 28, 2025 4:55:55 PM org.javacs.JavaLanguageServer rename
INFO: rename: 81.2016 document: file:///C:/Users/74993/Desktop/毕设/wll论文/java-language-server2/outputDir/LOC/d/LOC_1600.java
Sep 28, 2025 4:55:55 PM org.javacs.JavaCompilerService compileBatch
INFO: ...using cached compile
Sep 28, 2025 4:55:56 PM org.javacs.JavaLanguageServer rename
INFO: rename: 91.6386 document: file:///C:/Users/74993/Desktop/毕设/wll论文/java-language-server2/outputDir/LOC/d/LOC_1600.java
Sep 28, 2025 4:55:56 PM org.javacs.JavaCompilerService compileBatch
INFO: ...using cached compile
Sep 28, 2025 4:55:56 PM org.javacs.JavaLanguageServer rename
INFO: rename: 80.2635 document: file:///C:/Users/74993/Desktop/毕设/wll论文/java-language-server2/outputDir/LOC/d/LOC_1600.java
Sep 28, 2025 4:55:56 PM org.javacs.JavaCompilerService compileBatch
INFO: ...using cached compile
Sep 28, 2025 4:55:56 PM org.javacs.JavaLanguageServer rename
INFO: rename: 86.9821 document: file:///C:/Users/74993/Desktop/毕设/wll论文/java-language-server2/outputDir/LOC/d/LOC_1600.java
Sep 28, 2025 4:55:56 PM org.javacs.JavaCompilerService compileBatch
INFO: ...using cached compile
Sep 28, 2025 4:55:56 PM org.javacs.JavaLanguageServer rename
INFO: rename: 83.7223 document: file:///C:/Users/74993/Desktop/毕设/wll论文/java-language-server2/outputDir/LOC/d/LOC_1600.java
Sep 28, 2025 4:55:56 PM org.javacs.JavaLanguageServer didOpenTextDocument
INFO: #didOpenTextDocument# try completion {"context":{"includeDeclaration":false},"textDocument":{"uri":"file:///C:/Users/74993/Desktop/%E6%AF%95%E8%AE%BE/wll%E8%AE%BA%E6%96%87/java-language-server2/outputDir/LOC/d/LOC_1600.java"},"position":{"line":67,"character":34}}
Sep 28, 2025 4:55:56 PM org.javacs.JavaLanguageServer completion
INFO: completion: 3.9995 document: file:///C:/Users/74993/Desktop/毕设/wll论文/java-language-server2/outputDir/LOC/d/LOC_1600.java
Sep 28, 2025 4:55:56 PM org.javacs.JavaLanguageServer completion
INFO: completion: 3.2719 document: file:///C:/Users/74993/Desktop/毕设/wll论文/java-language-server2/outputDir/LOC/d/LOC_1600.java
Sep 28, 2025 4:55:56 PM org.javacs.JavaLanguageServer completion
INFO: completion: 4.0027 document: file:///C:/Users/74993/Desktop/毕设/wll论文/java-language-server2/outputDir/LOC/d/LOC_1600.java
Sep 28, 2025 4:55:56 PM org.javacs.JavaLanguageServer completion
INFO: completion: 3.5076 document: file:///C:/Users/74993/Desktop/毕设/wll论文/java-language-server2/outputDir/LOC/d/LOC_1600.java
Sep 28, 2025 4:55:56 PM org.javacs.JavaLanguageServer completion
INFO: completion: 4.0021 document: file:///C:/Users/74993/Desktop/毕设/wll论文/java-language-server2/outputDir/LOC/d/LOC_1600.java
Sep 28, 2025 4:55:56 PM org.javacs.JavaLanguageServer didOpenTextDocument
INFO: #didOpenTextDocument# try call goto {"context":{"includeDeclaration":false},"textDocument":{"uri":"file:///C:/Users/74993/Desktop/%E6%AF%95%E8%AE%BE/wll%E8%AE%BA%E6%96%87/java-language-server2/outputDir/LOC/d/LOC_1600.java"},"position":{"line":1517,"character":26}}
Sep 28, 2025 4:55:56 PM org.javacs.JavaCompilerService findPublicTypeDeclarationInJdk
INFO: ...found jar:file:///C:/Program%20Files/Java/jdk-22/lib/src.zip!/java.base/java/lang/Object.java in module java.base of jdk
Sep 28, 2025 4:55:56 PM org.javacs.JavaLanguageServer gotoDefinition
INFO: gotoDefinition: 89.3868 document: file:///C:/Users/74993/Desktop/毕设/wll论文/java-language-server2/outputDir/LOC/d/LOC_1600.java
Sep 28, 2025 4:55:56 PM org.javacs.JavaCompilerService compileBatch
INFO: ...using cached compile
Sep 28, 2025 4:55:56 PM org.javacs.JavaCompilerService findPublicTypeDeclarationInJdk
INFO: ...found jar:file:///C:/Program%20Files/Java/jdk-22/lib/src.zip!/java.base/java/lang/Object.java in module java.base of jdk
Sep 28, 2025 4:55:56 PM org.javacs.JavaLanguageServer gotoDefinition
INFO: gotoDefinition: 75.8334 document: file:///C:/Users/74993/Desktop/毕设/wll论文/java-language-server2/outputDir/LOC/d/LOC_1600.java
Sep 28, 2025 4:55:56 PM org.javacs.JavaCompilerService compileBatch
INFO: ...using cached compile
Sep 28, 2025 4:55:56 PM org.javacs.JavaCompilerService findPublicTypeDeclarationInJdk
INFO: ...found jar:file:///C:/Program%20Files/Java/jdk-22/lib/src.zip!/java.base/java/lang/Object.java in module java.base of jdk
Sep 28, 2025 4:55:56 PM org.javacs.JavaLanguageServer gotoDefinition
INFO: gotoDefinition: 78.308 document: file:///C:/Users/74993/Desktop/毕设/wll论文/java-language-server2/outputDir/LOC/d/LOC_1600.java
Sep 28, 2025 4:55:56 PM org.javacs.JavaCompilerService compileBatch
INFO: ...using cached compile
Sep 28, 2025 4:55:56 PM org.javacs.JavaCompilerService findPublicTypeDeclarationInJdk
INFO: ...found jar:file:///C:/Program%20Files/Java/jdk-22/lib/src.zip!/java.base/java/lang/Object.java in module java.base of jdk
Sep 28, 2025 4:55:56 PM org.javacs.JavaLanguageServer gotoDefinition
INFO: gotoDefinition: 78.2464 document: file:///C:/Users/74993/Desktop/毕设/wll论文/java-language-server2/outputDir/LOC/d/LOC_1600.java
Sep 28, 2025 4:55:56 PM org.javacs.JavaCompilerService compileBatch
INFO: ...using cached compile
Sep 28, 2025 4:55:56 PM org.javacs.JavaCompilerService findPublicTypeDeclarationInJdk
INFO: ...found jar:file:///C:/Program%20Files/Java/jdk-22/lib/src.zip!/java.base/java/lang/Object.java in module java.base of jdk
Sep 28, 2025 4:55:56 PM org.javacs.JavaLanguageServer gotoDefinition
INFO: gotoDefinition: 80.7745 document: file:///C:/Users/74993/Desktop/毕设/wll论文/java-language-server2/outputDir/LOC/d/LOC_1600.java
Sep 28, 2025 4:55:56 PM org.javacs.JavaLanguageServer didOpenTextDocument
INFO: #didOpenTextDocument# try call rename {"context":{"includeDeclaration":false},"textDocument":{"uri":"file:///C:/Users/74993/Desktop/%E6%AF%95%E8%AE%BE/wll%E8%AE%BA%E6%96%87/java-language-server2/outputDir/LOC/d/LOC_1600.java"},"position":{"line":1517,"character":26}}
Sep 28, 2025 4:55:56 PM org.javacs.JavaCompilerService compileBatch
INFO: ...using cached compile
Sep 28, 2025 4:55:56 PM org.javacs.JavaLanguageServer rename
INFO: rename: 78.7604 document: file:///C:/Users/74993/Desktop/毕设/wll论文/java-language-server2/outputDir/LOC/d/LOC_1600.java
Sep 28, 2025 4:55:56 PM org.javacs.JavaCompilerService compileBatch
INFO: ...using cached compile
Sep 28, 2025 4:55:56 PM org.javacs.JavaLanguageServer rename
INFO: rename: 77.4611 document: file:///C:/Users/74993/Desktop/毕设/wll论文/java-language-server2/outputDir/LOC/d/LOC_1600.java
Sep 28, 2025 4:55:56 PM org.javacs.JavaCompilerService compileBatch
INFO: ...using cached compile
Sep 28, 2025 4:55:56 PM org.javacs.JavaLanguageServer rename
INFO: rename: 84.75 document: file:///C:/Users/74993/Desktop/毕设/wll论文/java-language-server2/outputDir/LOC/d/LOC_1600.java
Sep 28, 2025 4:55:56 PM org.javacs.JavaCompilerService compileBatch
INFO: ...using cached compile
Sep 28, 2025 4:55:57 PM org.javacs.JavaLanguageServer rename
INFO: rename: 80.65 document: file:///C:/Users/74993/Desktop/毕设/wll论文/java-language-server2/outputDir/LOC/d/LOC_1600.java
Sep 28, 2025 4:55:57 PM org.javacs.JavaCompilerService compileBatch
INFO: ...using cached compile
Sep 28, 2025 4:55:57 PM org.javacs.JavaLanguageServer rename
INFO: rename: 78.1692 document: file:///C:/Users/74993/Desktop/毕设/wll论文/java-language-server2/outputDir/LOC/d/LOC_1600.java
Sep 28, 2025 4:55:57 PM org.javacs.JavaLanguageServer didOpenTextDocument
INFO: #didOpenTextDocument# try completion {"context":{"includeDeclaration":false},"textDocument":{"uri":"file:///C:/Users/74993/Desktop/%E6%AF%95%E8%AE%BE/wll%E8%AE%BA%E6%96%87/java-language-server2/outputDir/LOC/d/LOC_1600.java"},"position":{"line":1517,"character":26}}
Sep 28, 2025 4:55:57 PM org.javacs.JavaLanguageServer completion
INFO: completion: 5.5121 document: file:///C:/Users/74993/Desktop/毕设/wll论文/java-language-server2/outputDir/LOC/d/LOC_1600.java
Sep 28, 2025 4:55:57 PM org.javacs.JavaLanguageServer completion
INFO: completion: 4.0058 document: file:///C:/Users/74993/Desktop/毕设/wll论文/java-language-server2/outputDir/LOC/d/LOC_1600.java
Sep 28, 2025 4:55:57 PM org.javacs.JavaLanguageServer completion
INFO: completion: 4.5156 document: file:///C:/Users/74993/Desktop/毕设/wll论文/java-language-server2/outputDir/LOC/d/LOC_1600.java
Sep 28, 2025 4:55:57 PM org.javacs.JavaLanguageServer completion
INFO: completion: 4.0033 document: file:///C:/Users/74993/Desktop/毕设/wll论文/java-language-server2/outputDir/LOC/d/LOC_1600.java
Sep 28, 2025 4:55:57 PM org.javacs.JavaLanguageServer completion
INFO: completion: 3.9671 document: file:///C:/Users/74993/Desktop/毕设/wll论文/java-language-server2/outputDir/LOC/d/LOC_1600.java
Sep 28, 2025 4:55:57 PM org.javacs.JavaLanguageServer didOpenTextDocument
INFO: #didOpenTextDocument# try call reference {"context":{"includeDeclaration":false},"textDocument":{"uri":"file:///C:/Users/74993/Desktop/%E6%AF%95%E8%AE%BE/wll%E8%AE%BA%E6%96%87/java-language-server2/outputDir/LOC/e/LOC_2000.java"},"position":{"line":61,"character":31}}
Sep 28, 2025 4:55:57 PM org.javacs.ScanClassPath jdkTopLevelClasses
INFO: Searching for top-level classes in the JDK
Sep 28, 2025 4:55:57 PM org.javacs.ScanClassPath jdkTopLevelClasses
INFO: Found 15005 classes in the java platform
Sep 28, 2025 4:55:57 PM org.javacs.ScanClassPath classPathTopLevelClasses
INFO: Searching for top-level classes in 0 classpath locations
Sep 28, 2025 4:55:57 PM org.javacs.ScanClassPath classPathTopLevelClasses
INFO: Found 0 classes in classpath
Sep 28, 2025 4:55:57 PM org.javacs.ReusableCompiler getTask
WARNING: Options changed from [-classpath, , --add-modules, ALL-MODULE-PATH, -proc:none, -g, -Xlint:cast, -Xlint:deprecation, -Xlint:empty, -Xlint:fallthrough, -Xlint:finally, -Xlint:path, -Xlint:unchecked, -Xlint:varargs, -Xlint:static] to [-classpath, , --add-modules, ALL-MODULE-PATH, -proc:none, -g, -Xlint:cast, -Xlint:deprecation, -Xlint:empty, -Xlint:fallthrough, -Xlint:finally, -Xlint:path, -Xlint:unchecked, -Xlint:varargs, -Xlint:static], creating new compiler
Sep 28, 2025 4:55:57 PM org.javacs.JavaLanguageServer findReferences
INFO: compile component: 11.041 document: file:///C:/Users/74993/Desktop/毕设/wll论文/java-language-server2/outputDir/LOC/e/LOC_2000.java
Sep 28, 2025 4:55:57 PM org.javacs.JavaLanguageServer findReferences
INFO: locate component: 78.7877 document: file:///C:/Users/74993/Desktop/毕设/wll论文/java-language-server2/outputDir/LOC/e/LOC_2000.java
Sep 28, 2025 4:55:57 PM org.javacs.JavaLanguageServer findReferences
INFO: traverse component: 0.0 document: file:///C:/Users/74993/Desktop/毕设/wll论文/java-language-server2/outputDir/LOC/e/LOC_2000.java
Sep 28, 2025 4:55:57 PM org.javacs.JavaLanguageServer findReferences
INFO: NOD: 4296 document: file:///C:/Users/74993/Desktop/毕设/wll论文/java-language-server2/outputDir/LOC/e/LOC_2000.java
Sep 28, 2025 4:55:57 PM org.javacs.JavaLanguageServer findReferences
INFO: DEF: 378 document: file:///C:/Users/74993/Desktop/毕设/wll论文/java-language-server2/outputDir/LOC/e/LOC_2000.java
Sep 28, 2025 4:55:57 PM org.javacs.JavaLanguageServer findReferences
INFO: OCC: 2480 document: file:///C:/Users/74993/Desktop/毕设/wll论文/java-language-server2/outputDir/LOC/e/LOC_2000.java
Sep 28, 2025 4:55:57 PM org.javacs.JavaLanguageServer findReferences
INFO: LOC: 1996 document: file:///C:/Users/74993/Desktop/毕设/wll论文/java-language-server2/outputDir/LOC/e/LOC_2000.java
Sep 28, 2025 4:55:57 PM org.javacs.ScanClassPath jdkTopLevelClasses
INFO: Searching for top-level classes in the JDK
Sep 28, 2025 4:55:57 PM org.javacs.ScanClassPath jdkTopLevelClasses
INFO: Found 15005 classes in the java platform
Sep 28, 2025 4:55:57 PM org.javacs.ScanClassPath classPathTopLevelClasses
INFO: Searching for top-level classes in 0 classpath locations
Sep 28, 2025 4:55:57 PM org.javacs.ScanClassPath classPathTopLevelClasses
INFO: Found 0 classes in classpath
Sep 28, 2025 4:55:57 PM org.javacs.ReusableCompiler getTask
WARNING: Options changed from [-classpath, , --add-modules, ALL-MODULE-PATH, -proc:none, -g, -Xlint:cast, -Xlint:deprecation, -Xlint:empty, -Xlint:fallthrough, -Xlint:finally, -Xlint:path, -Xlint:unchecked, -Xlint:varargs, -Xlint:static] to [-classpath, , --add-modules, ALL-MODULE-PATH, -proc:none, -g, -Xlint:cast, -Xlint:deprecation, -Xlint:empty, -Xlint:fallthrough, -Xlint:finally, -Xlint:path, -Xlint:unchecked, -Xlint:varargs, -Xlint:static], creating new compiler
Sep 28, 2025 4:55:57 PM org.javacs.JavaLanguageServer findReferences
INFO: compile component: 4.0033 document: file:///C:/Users/74993/Desktop/毕设/wll论文/java-language-server2/outputDir/LOC/e/LOC_2000.java
Sep 28, 2025 4:55:57 PM org.javacs.JavaLanguageServer findReferences
INFO: locate component: 68.2508 document: file:///C:/Users/74993/Desktop/毕设/wll论文/java-language-server2/outputDir/LOC/e/LOC_2000.java
Sep 28, 2025 4:55:57 PM org.javacs.JavaLanguageServer findReferences
INFO: traverse component: 0.0 document: file:///C:/Users/74993/Desktop/毕设/wll论文/java-language-server2/outputDir/LOC/e/LOC_2000.java
Sep 28, 2025 4:55:57 PM org.javacs.JavaLanguageServer findReferences
INFO: NOD: 4296 document: file:///C:/Users/74993/Desktop/毕设/wll论文/java-language-server2/outputDir/LOC/e/LOC_2000.java
Sep 28, 2025 4:55:57 PM org.javacs.JavaLanguageServer findReferences
INFO: DEF: 378 document: file:///C:/Users/74993/Desktop/毕设/wll论文/java-language-server2/outputDir/LOC/e/LOC_2000.java
Sep 28, 2025 4:55:57 PM org.javacs.JavaLanguageServer findReferences
INFO: OCC: 2480 document: file:///C:/Users/74993/Desktop/毕设/wll论文/java-language-server2/outputDir/LOC/e/LOC_2000.java
Sep 28, 2025 4:55:57 PM org.javacs.JavaLanguageServer findReferences
INFO: LOC: 1996 document: file:///C:/Users/74993/Desktop/毕设/wll论文/java-language-server2/outputDir/LOC/e/LOC_2000.java
Sep 28, 2025 4:55:57 PM org.javacs.ScanClassPath jdkTopLevelClasses
INFO: Searching for top-level classes in the JDK
Sep 28, 2025 4:55:57 PM org.javacs.ScanClassPath jdkTopLevelClasses
INFO: Found 15005 classes in the java platform
Sep 28, 2025 4:55:57 PM org.javacs.ScanClassPath classPathTopLevelClasses
INFO: Searching for top-level classes in 0 classpath locations
Sep 28, 2025 4:55:57 PM org.javacs.ScanClassPath classPathTopLevelClasses
INFO: Found 0 classes in classpath
Sep 28, 2025 4:55:57 PM org.javacs.ReusableCompiler getTask
WARNING: Options changed from [-classpath, , --add-modules, ALL-MODULE-PATH, -proc:none, -g, -Xlint:cast, -Xlint:deprecation, -Xlint:empty, -Xlint:fallthrough, -Xlint:finally, -Xlint:path, -Xlint:unchecked, -Xlint:varargs, -Xlint:static] to [-classpath, , --add-modules, ALL-MODULE-PATH, -proc:none, -g, -Xlint:cast, -Xlint:deprecation, -Xlint:empty, -Xlint:fallthrough, -Xlint:finally, -Xlint:path, -Xlint:unchecked, -Xlint:varargs, -Xlint:static], creating new compiler
Sep 28, 2025 4:55:57 PM org.javacs.JavaLanguageServer findReferences
INFO: compile component: 5.0033 document: file:///C:/Users/74993/Desktop/毕设/wll论文/java-language-server2/outputDir/LOC/e/LOC_2000.java
Sep 28, 2025 4:55:57 PM org.javacs.JavaLanguageServer findReferences
INFO: locate component: 77.5847 document: file:///C:/Users/74993/Desktop/毕设/wll论文/java-language-server2/outputDir/LOC/e/LOC_2000.java
Sep 28, 2025 4:55:57 PM org.javacs.JavaLanguageServer findReferences
INFO: traverse component: 0.0 document: file:///C:/Users/74993/Desktop/毕设/wll论文/java-language-server2/outputDir/LOC/e/LOC_2000.java
Sep 28, 2025 4:55:57 PM org.javacs.JavaLanguageServer findReferences
INFO: NOD: 4296 document: file:///C:/Users/74993/Desktop/毕设/wll论文/java-language-server2/outputDir/LOC/e/LOC_2000.java
Sep 28, 2025 4:55:57 PM org.javacs.JavaLanguageServer findReferences
INFO: DEF: 378 document: file:///C:/Users/74993/Desktop/毕设/wll论文/java-language-server2/outputDir/LOC/e/LOC_2000.java
Sep 28, 2025 4:55:57 PM org.javacs.JavaLanguageServer findReferences
INFO: OCC: 2480 document: file:///C:/Users/74993/Desktop/毕设/wll论文/java-language-server2/outputDir/LOC/e/LOC_2000.java
Sep 28, 2025 4:55:57 PM org.javacs.JavaLanguageServer findReferences
INFO: LOC: 1996 document: file:///C:/Users/74993/Desktop/毕设/wll论文/java-language-server2/outputDir/LOC/e/LOC_2000.java
Sep 28, 2025 4:55:57 PM org.javacs.ScanClassPath jdkTopLevelClasses
INFO: Searching for top-level classes in the JDK
Sep 28, 2025 4:55:57 PM org.javacs.ScanClassPath jdkTopLevelClasses
INFO: Found 15005 classes in the java platform
Sep 28, 2025 4:55:57 PM org.javacs.ScanClassPath classPathTopLevelClasses
INFO: Searching for top-level classes in 0 classpath locations
Sep 28, 2025 4:55:57 PM org.javacs.ScanClassPath classPathTopLevelClasses
INFO: Found 0 classes in classpath
Sep 28, 2025 4:55:57 PM org.javacs.ReusableCompiler getTask
WARNING: Options changed from [-classpath, , --add-modules, ALL-MODULE-PATH, -proc:none, -g, -Xlint:cast, -Xlint:deprecation, -Xlint:empty, -Xlint:fallthrough, -Xlint:finally, -Xlint:path, -Xlint:unchecked, -Xlint:varargs, -Xlint:static] to [-classpath, , --add-modules, ALL-MODULE-PATH, -proc:none, -g, -Xlint:cast, -Xlint:deprecation, -Xlint:empty, -Xlint:fallthrough, -Xlint:finally, -Xlint:path, -Xlint:unchecked, -Xlint:varargs, -Xlint:static], creating new compiler
Sep 28, 2025 4:55:57 PM org.javacs.JavaLanguageServer findReferences
INFO: compile component: 5.0009 document: file:///C:/Users/74993/Desktop/毕设/wll论文/java-language-server2/outputDir/LOC/e/LOC_2000.java
Sep 28, 2025 4:55:57 PM org.javacs.JavaLanguageServer findReferences
INFO: locate component: 71.2448 document: file:///C:/Users/74993/Desktop/毕设/wll论文/java-language-server2/outputDir/LOC/e/LOC_2000.java
Sep 28, 2025 4:55:57 PM org.javacs.JavaLanguageServer findReferences
INFO: traverse component: 0.0 document: file:///C:/Users/74993/Desktop/毕设/wll论文/java-language-server2/outputDir/LOC/e/LOC_2000.java
Sep 28, 2025 4:55:57 PM org.javacs.JavaLanguageServer findReferences
INFO: NOD: 4296 document: file:///C:/Users/74993/Desktop/毕设/wll论文/java-language-server2/outputDir/LOC/e/LOC_2000.java
Sep 28, 2025 4:55:57 PM org.javacs.JavaLanguageServer findReferences
INFO: DEF: 378 document: file:///C:/Users/74993/Desktop/毕设/wll论文/java-language-server2/outputDir/LOC/e/LOC_2000.java
Sep 28, 2025 4:55:57 PM org.javacs.JavaLanguageServer findReferences
INFO: OCC: 2480 document: file:///C:/Users/74993/Desktop/毕设/wll论文/java-language-server2/outputDir/LOC/e/LOC_2000.java
Sep 28, 2025 4:55:57 PM org.javacs.JavaLanguageServer findReferences
INFO: LOC: 1996 document: file:///C:/Users/74993/Desktop/毕设/wll论文/java-language-server2/outputDir/LOC/e/LOC_2000.java
Sep 28, 2025 4:55:57 PM org.javacs.ScanClassPath jdkTopLevelClasses
INFO: Searching for top-level classes in the JDK
Sep 28, 2025 4:55:57 PM org.javacs.ScanClassPath jdkTopLevelClasses
INFO: Found 15005 classes in the java platform
Sep 28, 2025 4:55:57 PM org.javacs.ScanClassPath classPathTopLevelClasses
INFO: Searching for top-level classes in 0 classpath locations
Sep 28, 2025 4:55:57 PM org.javacs.ScanClassPath classPathTopLevelClasses
INFO: Found 0 classes in classpath
Sep 28, 2025 4:55:57 PM org.javacs.ReusableCompiler getTask
WARNING: Options changed from [-classpath, , --add-modules, ALL-MODULE-PATH, -proc:none, -g, -Xlint:cast, -Xlint:deprecation, -Xlint:empty, -Xlint:fallthrough, -Xlint:finally, -Xlint:path, -Xlint:unchecked, -Xlint:varargs, -Xlint:static] to [-classpath, , --add-modules, ALL-MODULE-PATH, -proc:none, -g, -Xlint:cast, -Xlint:deprecation, -Xlint:empty, -Xlint:fallthrough, -Xlint:finally, -Xlint:path, -Xlint:unchecked, -Xlint:varargs, -Xlint:static], creating new compiler
Sep 28, 2025 4:55:57 PM org.javacs.JavaLanguageServer findReferences
INFO: compile component: 4.5297 document: file:///C:/Users/74993/Desktop/毕设/wll论文/java-language-server2/outputDir/LOC/e/LOC_2000.java
Sep 28, 2025 4:55:58 PM org.javacs.JavaLanguageServer findReferences
INFO: locate component: 62.6662 document: file:///C:/Users/74993/Desktop/毕设/wll论文/java-language-server2/outputDir/LOC/e/LOC_2000.java
Sep 28, 2025 4:55:58 PM org.javacs.JavaLanguageServer findReferences
INFO: traverse component: 0.0 document: file:///C:/Users/74993/Desktop/毕设/wll论文/java-language-server2/outputDir/LOC/e/LOC_2000.java
Sep 28, 2025 4:55:58 PM org.javacs.JavaLanguageServer findReferences
INFO: NOD: 4296 document: file:///C:/Users/74993/Desktop/毕设/wll论文/java-language-server2/outputDir/LOC/e/LOC_2000.java
Sep 28, 2025 4:55:58 PM org.javacs.JavaLanguageServer findReferences
INFO: DEF: 378 document: file:///C:/Users/74993/Desktop/毕设/wll论文/java-language-server2/outputDir/LOC/e/LOC_2000.java
Sep 28, 2025 4:55:58 PM org.javacs.JavaLanguageServer findReferences
INFO: OCC: 2480 document: file:///C:/Users/74993/Desktop/毕设/wll论文/java-language-server2/outputDir/LOC/e/LOC_2000.java
Sep 28, 2025 4:55:58 PM org.javacs.JavaLanguageServer findReferences
INFO: LOC: 1996 document: file:///C:/Users/74993/Desktop/毕设/wll论文/java-language-server2/outputDir/LOC/e/LOC_2000.java
Sep 28, 2025 4:55:58 PM org.javacs.JavaLanguageServer didOpenTextDocument
INFO: #didOpenTextDocument# try call goto {"context":{"includeDeclaration":false},"textDocument":{"uri":"file:///C:/Users/74993/Desktop/%E6%AF%95%E8%AE%BE/wll%E8%AE%BA%E6%96%87/java-language-server2/outputDir/LOC/e/LOC_2000.java"},"position":{"line":61,"character":31}}
Sep 28, 2025 4:55:58 PM org.javacs.JavaCompilerService compileBatch
INFO: ...using cached compile
Sep 28, 2025 4:55:58 PM org.javacs.JavaLanguageServer gotoDefinition
INFO: gotoDefinition: 62.964 document: file:///C:/Users/74993/Desktop/毕设/wll论文/java-language-server2/outputDir/LOC/e/LOC_2000.java
Sep 28, 2025 4:55:58 PM org.javacs.JavaCompilerService compileBatch
INFO: ...using cached compile
Sep 28, 2025 4:55:58 PM org.javacs.JavaLanguageServer gotoDefinition
INFO: gotoDefinition: 61.414 document: file:///C:/Users/74993/Desktop/毕设/wll论文/java-language-server2/outputDir/LOC/e/LOC_2000.java
Sep 28, 2025 4:55:58 PM org.javacs.JavaCompilerService compileBatch
INFO: ...using cached compile
Sep 28, 2025 4:55:58 PM org.javacs.JavaLanguageServer gotoDefinition
INFO: gotoDefinition: 61.2204 document: file:///C:/Users/74993/Desktop/毕设/wll论文/java-language-server2/outputDir/LOC/e/LOC_2000.java
Sep 28, 2025 4:55:58 PM org.javacs.JavaCompilerService compileBatch
INFO: ...using cached compile
Sep 28, 2025 4:55:58 PM org.javacs.JavaLanguageServer gotoDefinition
INFO: gotoDefinition: 62.5618 document: file:///C:/Users/74993/Desktop/毕设/wll论文/java-language-server2/outputDir/LOC/e/LOC_2000.java
Sep 28, 2025 4:55:58 PM org.javacs.JavaCompilerService compileBatch
INFO: ...using cached compile
Sep 28, 2025 4:55:58 PM org.javacs.JavaLanguageServer gotoDefinition
INFO: gotoDefinition: 62.4884 document: file:///C:/Users/74993/Desktop/毕设/wll论文/java-language-server2/outputDir/LOC/e/LOC_2000.java
Sep 28, 2025 4:55:58 PM org.javacs.JavaLanguageServer didOpenTextDocument
INFO: #didOpenTextDocument# try call rename {"context":{"includeDeclaration":false},"textDocument":{"uri":"file:///C:/Users/74993/Desktop/%E6%AF%95%E8%AE%BE/wll%E8%AE%BA%E6%96%87/java-language-server2/outputDir/LOC/e/LOC_2000.java"},"position":{"line":61,"character":31}}
Sep 28, 2025 4:55:58 PM org.javacs.JavaCompilerService compileBatch
INFO: ...using cached compile
Sep 28, 2025 4:55:58 PM org.javacs.JavaLanguageServer rename
INFO: rename: 62.6397 document: file:///C:/Users/74993/Desktop/毕设/wll论文/java-language-server2/outputDir/LOC/e/LOC_2000.java
Sep 28, 2025 4:55:58 PM org.javacs.JavaCompilerService compileBatch
INFO: ...using cached compile
Sep 28, 2025 4:55:58 PM org.javacs.JavaLanguageServer rename
INFO: rename: 64.8689 document: file:///C:/Users/74993/Desktop/毕设/wll论文/java-language-server2/outputDir/LOC/e/LOC_2000.java
Sep 28, 2025 4:55:58 PM org.javacs.JavaCompilerService compileBatch
INFO: ...using cached compile
Sep 28, 2025 4:55:58 PM org.javacs.JavaLanguageServer rename
INFO: rename: 63.4714 document: file:///C:/Users/74993/Desktop/毕设/wll论文/java-language-server2/outputDir/LOC/e/LOC_2000.java
Sep 28, 2025 4:55:58 PM org.javacs.JavaCompilerService compileBatch
INFO: ...using cached compile
Sep 28, 2025 4:55:58 PM org.javacs.JavaLanguageServer rename
INFO: rename: 62.8676 document: file:///C:/Users/74993/Desktop/毕设/wll论文/java-language-server2/outputDir/LOC/e/LOC_2000.java
Sep 28, 2025 4:55:58 PM org.javacs.JavaCompilerService compileBatch
INFO: ...using cached compile
Sep 28, 2025 4:55:58 PM org.javacs.JavaLanguageServer rename
INFO: rename: 68.6208 document: file:///C:/Users/74993/Desktop/毕设/wll论文/java-language-server2/outputDir/LOC/e/LOC_2000.java
Sep 28, 2025 4:55:58 PM org.javacs.JavaLanguageServer didOpenTextDocument
INFO: #didOpenTextDocument# try completion {"context":{"includeDeclaration":false},"textDocument":{"uri":"file:///C:/Users/74993/Desktop/%E6%AF%95%E8%AE%BE/wll%E8%AE%BA%E6%96%87/java-language-server2/outputDir/LOC/e/LOC_2000.java"},"position":{"line":61,"character":31}}
Sep 28, 2025 4:55:58 PM org.javacs.JavaLanguageServer completion
INFO: completion: 4.9968 document: file:///C:/Users/74993/Desktop/毕设/wll论文/java-language-server2/outputDir/LOC/e/LOC_2000.java
Sep 28, 2025 4:55:58 PM org.javacs.JavaLanguageServer completion
INFO: completion: 4.5781 document: file:///C:/Users/74993/Desktop/毕设/wll论文/java-language-server2/outputDir/LOC/e/LOC_2000.java
Sep 28, 2025 4:55:58 PM org.javacs.JavaLanguageServer completion
INFO: completion: 3.9999 document: file:///C:/Users/74993/Desktop/毕设/wll论文/java-language-server2/outputDir/LOC/e/LOC_2000.java
Sep 28, 2025 4:55:58 PM org.javacs.JavaLanguageServer completion
INFO: completion: 4.0849 document: file:///C:/Users/74993/Desktop/毕设/wll论文/java-language-server2/outputDir/LOC/e/LOC_2000.java
Sep 28, 2025 4:55:58 PM org.javacs.JavaLanguageServer completion
INFO: completion: 4.0014 document: file:///C:/Users/74993/Desktop/毕设/wll论文/java-language-server2/outputDir/LOC/e/LOC_2000.java
Sep 28, 2025 4:55:58 PM org.javacs.JavaLanguageServer didOpenTextDocument
INFO: #didOpenTextDocument# try call goto {"context":{"includeDeclaration":false},"textDocument":{"uri":"file:///C:/Users/74993/Desktop/%E6%AF%95%E8%AE%BE/wll%E8%AE%BA%E6%96%87/java-language-server2/outputDir/LOC/e/LOC_2000.java"},"position":{"line":1971,"character":48}}
Sep 28, 2025 4:55:58 PM org.javacs.JavaLanguageServer gotoDefinition
INFO: gotoDefinition: 79.3625 document: file:///C:/Users/74993/Desktop/毕设/wll论文/java-language-server2/outputDir/LOC/e/LOC_2000.java
Sep 28, 2025 4:55:58 PM org.javacs.JavaCompilerService compileBatch
INFO: ...using cached compile
Sep 28, 2025 4:55:58 PM org.javacs.JavaLanguageServer gotoDefinition
INFO: gotoDefinition: 78.3295 document: file:///C:/Users/74993/Desktop/毕设/wll论文/java-language-server2/outputDir/LOC/e/LOC_2000.java
Sep 28, 2025 4:55:58 PM org.javacs.JavaCompilerService compileBatch
INFO: ...using cached compile
Sep 28, 2025 4:55:58 PM org.javacs.JavaLanguageServer gotoDefinition
INFO: gotoDefinition: 68.8736 document: file:///C:/Users/74993/Desktop/毕设/wll论文/java-language-server2/outputDir/LOC/e/LOC_2000.java
Sep 28, 2025 4:55:58 PM org.javacs.JavaCompilerService compileBatch
INFO: ...using cached compile
Sep 28, 2025 4:55:58 PM org.javacs.JavaLanguageServer gotoDefinition
INFO: gotoDefinition: 69.4989 document: file:///C:/Users/74993/Desktop/毕设/wll论文/java-language-server2/outputDir/LOC/e/LOC_2000.java
Sep 28, 2025 4:55:58 PM org.javacs.JavaCompilerService compileBatch
INFO: ...using cached compile
Sep 28, 2025 4:55:59 PM org.javacs.JavaLanguageServer gotoDefinition
INFO: gotoDefinition: 61.9315 document: file:///C:/Users/74993/Desktop/毕设/wll论文/java-language-server2/outputDir/LOC/e/LOC_2000.java
Sep 28, 2025 4:55:59 PM org.javacs.JavaLanguageServer didOpenTextDocument
INFO: #didOpenTextDocument# try call rename {"context":{"includeDeclaration":false},"textDocument":{"uri":"file:///C:/Users/74993/Desktop/%E6%AF%95%E8%AE%BE/wll%E8%AE%BA%E6%96%87/java-language-server2/outputDir/LOC/e/LOC_2000.java"},"position":{"line":1971,"character":48}}
Sep 28, 2025 4:55:59 PM org.javacs.JavaCompilerService compileBatch
INFO: ...using cached compile
Sep 28, 2025 4:55:59 PM org.javacs.JavaLanguageServer rename
INFO: rename: 60.8451 document: file:///C:/Users/74993/Desktop/毕设/wll论文/java-language-server2/outputDir/LOC/e/LOC_2000.java
Sep 28, 2025 4:55:59 PM org.javacs.JavaCompilerService compileBatch
INFO: ...using cached compile
Sep 28, 2025 4:55:59 PM org.javacs.JavaLanguageServer rename
INFO: rename: 64.5041 document: file:///C:/Users/74993/Desktop/毕设/wll论文/java-language-server2/outputDir/LOC/e/LOC_2000.java
Sep 28, 2025 4:55:59 PM org.javacs.JavaCompilerService compileBatch
INFO: ...using cached compile
Sep 28, 2025 4:55:59 PM org.javacs.JavaLanguageServer rename
INFO: rename: 65.236 document: file:///C:/Users/74993/Desktop/毕设/wll论文/java-language-server2/outputDir/LOC/e/LOC_2000.java
Sep 28, 2025 4:55:59 PM org.javacs.JavaCompilerService compileBatch
INFO: ...using cached compile
Sep 28, 2025 4:55:59 PM org.javacs.JavaLanguageServer rename
INFO: rename: 69.0193 document: file:///C:/Users/74993/Desktop/毕设/wll论文/java-language-server2/outputDir/LOC/e/LOC_2000.java
Sep 28, 2025 4:55:59 PM org.javacs.JavaCompilerService compileBatch
INFO: ...using cached compile
Sep 28, 2025 4:55:59 PM org.javacs.JavaLanguageServer rename
INFO: rename: 75.9604 document: file:///C:/Users/74993/Desktop/毕设/wll论文/java-language-server2/outputDir/LOC/e/LOC_2000.java
Sep 28, 2025 4:55:59 PM org.javacs.JavaLanguageServer didOpenTextDocument
INFO: #didOpenTextDocument# try completion {"context":{"includeDeclaration":false},"textDocument":{"uri":"file:///C:/Users/74993/Desktop/%E6%AF%95%E8%AE%BE/wll%E8%AE%BA%E6%96%87/java-language-server2/outputDir/LOC/e/LOC_2000.java"},"position":{"line":1971,"character":48}}
Sep 28, 2025 4:55:59 PM org.javacs.JavaLanguageServer completion
INFO: completion: 3.8424 document: file:///C:/Users/74993/Desktop/毕设/wll论文/java-language-server2/outputDir/LOC/e/LOC_2000.java
Sep 28, 2025 4:55:59 PM org.javacs.JavaLanguageServer completion
INFO: completion: 5.5188 document: file:///C:/Users/74993/Desktop/毕设/wll论文/java-language-server2/outputDir/LOC/e/LOC_2000.java
Sep 28, 2025 4:55:59 PM org.javacs.JavaLanguageServer completion
INFO: completion: 4.0015 document: file:///C:/Users/74993/Desktop/毕设/wll论文/java-language-server2/outputDir/LOC/e/LOC_2000.java
Sep 28, 2025 4:55:59 PM org.javacs.JavaLanguageServer completion
INFO: completion: 4.0693 document: file:///C:/Users/74993/Desktop/毕设/wll论文/java-language-server2/outputDir/LOC/e/LOC_2000.java
Sep 28, 2025 4:55:59 PM org.javacs.JavaLanguageServer completion
INFO: completion: 5.0003 document: file:///C:/Users/74993/Desktop/毕设/wll论文/java-language-server2/outputDir/LOC/e/LOC_2000.java
Sep 28, 2025 4:55:59 PM org.javacs.JavaLanguageServer didOpenTextDocument
INFO: #didOpenTextDocument# try call reference {"context":{"includeDeclaration":false},"textDocument":{"uri":"file:///C:/Users/74993/Desktop/%E6%AF%95%E8%AE%BE/wll%E8%AE%BA%E6%96%87/java-language-server2/outputDir/LOC/f/LOC_2400.java"},"position":{"line":66,"character":76}}
Sep 28, 2025 4:55:59 PM org.javacs.ScanClassPath jdkTopLevelClasses
INFO: Searching for top-level classes in the JDK
Sep 28, 2025 4:55:59 PM org.javacs.ScanClassPath jdkTopLevelClasses
INFO: Found 15005 classes in the java platform
Sep 28, 2025 4:55:59 PM org.javacs.ScanClassPath classPathTopLevelClasses
INFO: Searching for top-level classes in 0 classpath locations
Sep 28, 2025 4:55:59 PM org.javacs.ScanClassPath classPathTopLevelClasses
INFO: Found 0 classes in classpath
Sep 28, 2025 4:55:59 PM org.javacs.ReusableCompiler getTask
WARNING: Options changed from [-classpath, , --add-modules, ALL-MODULE-PATH, -proc:none, -g, -Xlint:cast, -Xlint:deprecation, -Xlint:empty, -Xlint:fallthrough, -Xlint:finally, -Xlint:path, -Xlint:unchecked, -Xlint:varargs, -Xlint:static] to [-classpath, , --add-modules, ALL-MODULE-PATH, -proc:none, -g, -Xlint:cast, -Xlint:deprecation, -Xlint:empty, -Xlint:fallthrough, -Xlint:finally, -Xlint:path, -Xlint:unchecked, -Xlint:varargs, -Xlint:static], creating new compiler
Sep 28, 2025 4:55:59 PM org.javacs.JavaLanguageServer findReferences
INFO: compile component: 12.5195 document: file:///C:/Users/74993/Desktop/毕设/wll论文/java-language-server2/outputDir/LOC/f/LOC_2400.java
Sep 28, 2025 4:55:59 PM org.javacs.JavaLanguageServer findReferences
INFO: locate component: 108.6839 document: file:///C:/Users/74993/Desktop/毕设/wll论文/java-language-server2/outputDir/LOC/f/LOC_2400.java
Sep 28, 2025 4:55:59 PM org.javacs.JavaLanguageServer findReferences
INFO: traverse component: 0.0 document: file:///C:/Users/74993/Desktop/毕设/wll论文/java-language-server2/outputDir/LOC/f/LOC_2400.java
Sep 28, 2025 4:55:59 PM org.javacs.JavaLanguageServer findReferences
INFO: NOD: 7610 document: file:///C:/Users/74993/Desktop/毕设/wll论文/java-language-server2/outputDir/LOC/f/LOC_2400.java
Sep 28, 2025 4:55:59 PM org.javacs.JavaLanguageServer findReferences
INFO: DEF: 572 document: file:///C:/Users/74993/Desktop/毕设/wll论文/java-language-server2/outputDir/LOC/f/LOC_2400.java
Sep 28, 2025 4:55:59 PM org.javacs.JavaLanguageServer findReferences
INFO: OCC: 4141 document: file:///C:/Users/74993/Desktop/毕设/wll论文/java-language-server2/outputDir/LOC/f/LOC_2400.java
Sep 28, 2025 4:55:59 PM org.javacs.JavaLanguageServer findReferences
INFO: LOC: 2397 document: file:///C:/Users/74993/Desktop/毕设/wll论文/java-language-server2/outputDir/LOC/f/LOC_2400.java
Sep 28, 2025 4:55:59 PM org.javacs.ScanClassPath jdkTopLevelClasses
INFO: Searching for top-level classes in the JDK
Sep 28, 2025 4:55:59 PM org.javacs.ScanClassPath jdkTopLevelClasses
INFO: Found 15005 classes in the java platform
Sep 28, 2025 4:55:59 PM org.javacs.ScanClassPath classPathTopLevelClasses
INFO: Searching for top-level classes in 0 classpath locations
Sep 28, 2025 4:55:59 PM org.javacs.ScanClassPath classPathTopLevelClasses
INFO: Found 0 classes in classpath
Sep 28, 2025 4:55:59 PM org.javacs.ReusableCompiler getTask
WARNING: Options changed from [-classpath, , --add-modules, ALL-MODULE-PATH, -proc:none, -g, -Xlint:cast, -Xlint:deprecation, -Xlint:empty, -Xlint:fallthrough, -Xlint:finally, -Xlint:path, -Xlint:unchecked, -Xlint:varargs, -Xlint:static] to [-classpath, , --add-modules, ALL-MODULE-PATH, -proc:none, -g, -Xlint:cast, -Xlint:deprecation, -Xlint:empty, -Xlint:fallthrough, -Xlint:finally, -Xlint:path, -Xlint:unchecked, -Xlint:varargs, -Xlint:static], creating new compiler
Sep 28, 2025 4:55:59 PM org.javacs.JavaLanguageServer findReferences
INFO: compile component: 5.0002 document: file:///C:/Users/74993/Desktop/毕设/wll论文/java-language-server2/outputDir/LOC/f/LOC_2400.java
Sep 28, 2025 4:55:59 PM org.javacs.JavaLanguageServer findReferences
INFO: locate component: 109.8863 document: file:///C:/Users/74993/Desktop/毕设/wll论文/java-language-server2/outputDir/LOC/f/LOC_2400.java
Sep 28, 2025 4:55:59 PM org.javacs.JavaLanguageServer findReferences
INFO: traverse component: 0.0 document: file:///C:/Users/74993/Desktop/毕设/wll论文/java-language-server2/outputDir/LOC/f/LOC_2400.java
Sep 28, 2025 4:55:59 PM org.javacs.JavaLanguageServer findReferences
INFO: NOD: 7610 document: file:///C:/Users/74993/Desktop/毕设/wll论文/java-language-server2/outputDir/LOC/f/LOC_2400.java
Sep 28, 2025 4:55:59 PM org.javacs.JavaLanguageServer findReferences
INFO: DEF: 572 document: file:///C:/Users/74993/Desktop/毕设/wll论文/java-language-server2/outputDir/LOC/f/LOC_2400.java
Sep 28, 2025 4:55:59 PM org.javacs.JavaLanguageServer findReferences
INFO: OCC: 4141 document: file:///C:/Users/74993/Desktop/毕设/wll论文/java-language-server2/outputDir/LOC/f/LOC_2400.java
Sep 28, 2025 4:55:59 PM org.javacs.JavaLanguageServer findReferences
INFO: LOC: 2397 document: file:///C:/Users/74993/Desktop/毕设/wll论文/java-language-server2/outputDir/LOC/f/LOC_2400.java
Sep 28, 2025 4:55:59 PM org.javacs.ScanClassPath jdkTopLevelClasses
INFO: Searching for top-level classes in the JDK
Sep 28, 2025 4:55:59 PM org.javacs.ScanClassPath jdkTopLevelClasses
INFO: Found 15005 classes in the java platform
Sep 28, 2025 4:55:59 PM org.javacs.ScanClassPath classPathTopLevelClasses
INFO: Searching for top-level classes in 0 classpath locations
Sep 28, 2025 4:55:59 PM org.javacs.ScanClassPath classPathTopLevelClasses
INFO: Found 0 classes in classpath
Sep 28, 2025 4:55:59 PM org.javacs.ReusableCompiler getTask
WARNING: Options changed from [-classpath, , --add-modules, ALL-MODULE-PATH, -proc:none, -g, -Xlint:cast, -Xlint:deprecation, -Xlint:empty, -Xlint:fallthrough, -Xlint:finally, -Xlint:path, -Xlint:unchecked, -Xlint:varargs, -Xlint:static] to [-classpath, , --add-modules, ALL-MODULE-PATH, -proc:none, -g, -Xlint:cast, -Xlint:deprecation, -Xlint:empty, -Xlint:fallthrough, -Xlint:finally, -Xlint:path, -Xlint:unchecked, -Xlint:varargs, -Xlint:static], creating new compiler
Sep 28, 2025 4:55:59 PM org.javacs.JavaLanguageServer findReferences
INFO: compile component: 4.6793 document: file:///C:/Users/74993/Desktop/毕设/wll论文/java-language-server2/outputDir/LOC/f/LOC_2400.java
Sep 28, 2025 4:56:00 PM org.javacs.JavaLanguageServer findReferences
INFO: locate component: 110.3688 document: file:///C:/Users/74993/Desktop/毕设/wll论文/java-language-server2/outputDir/LOC/f/LOC_2400.java
Sep 28, 2025 4:56:00 PM org.javacs.JavaLanguageServer findReferences
INFO: traverse component: 0.0 document: file:///C:/Users/74993/Desktop/毕设/wll论文/java-language-server2/outputDir/LOC/f/LOC_2400.java
Sep 28, 2025 4:56:00 PM org.javacs.JavaLanguageServer findReferences
INFO: NOD: 7610 document: file:///C:/Users/74993/Desktop/毕设/wll论文/java-language-server2/outputDir/LOC/f/LOC_2400.java
Sep 28, 2025 4:56:00 PM org.javacs.JavaLanguageServer findReferences
INFO: DEF: 572 document: file:///C:/Users/74993/Desktop/毕设/wll论文/java-language-server2/outputDir/LOC/f/LOC_2400.java
Sep 28, 2025 4:56:00 PM org.javacs.JavaLanguageServer findReferences
INFO: OCC: 4141 document: file:///C:/Users/74993/Desktop/毕设/wll论文/java-language-server2/outputDir/LOC/f/LOC_2400.java
Sep 28, 2025 4:56:00 PM org.javacs.JavaLanguageServer findReferences
INFO: LOC: 2397 document: file:///C:/Users/74993/Desktop/毕设/wll论文/java-language-server2/outputDir/LOC/f/LOC_2400.java
Sep 28, 2025 4:56:00 PM org.javacs.ScanClassPath jdkTopLevelClasses
INFO: Searching for top-level classes in the JDK
Sep 28, 2025 4:56:00 PM org.javacs.ScanClassPath jdkTopLevelClasses
INFO: Found 15005 classes in the java platform
Sep 28, 2025 4:56:00 PM org.javacs.ScanClassPath classPathTopLevelClasses
INFO: Searching for top-level classes in 0 classpath locations
Sep 28, 2025 4:56:00 PM org.javacs.ScanClassPath classPathTopLevelClasses
INFO: Found 0 classes in classpath
Sep 28, 2025 4:56:00 PM org.javacs.ReusableCompiler getTask
WARNING: Options changed from [-classpath, , --add-modules, ALL-MODULE-PATH, -proc:none, -g, -Xlint:cast, -Xlint:deprecation, -Xlint:empty, -Xlint:fallthrough, -Xlint:finally, -Xlint:path, -Xlint:unchecked, -Xlint:varargs, -Xlint:static] to [-classpath, , --add-modules, ALL-MODULE-PATH, -proc:none, -g, -Xlint:cast, -Xlint:deprecation, -Xlint:empty, -Xlint:fallthrough, -Xlint:finally, -Xlint:path, -Xlint:unchecked, -Xlint:varargs, -Xlint:static], creating new compiler
Sep 28, 2025 4:56:00 PM org.javacs.JavaLanguageServer findReferences
INFO: compile component: 5.5208 document: file:///C:/Users/74993/Desktop/毕设/wll论文/java-language-server2/outputDir/LOC/f/LOC_2400.java
Sep 28, 2025 4:56:00 PM org.javacs.JavaLanguageServer findReferences
INFO: locate component: 131.3643 document: file:///C:/Users/74993/Desktop/毕设/wll论文/java-language-server2/outputDir/LOC/f/LOC_2400.java
Sep 28, 2025 4:56:00 PM org.javacs.JavaLanguageServer findReferences
INFO: traverse component: 1.0048 document: file:///C:/Users/74993/Desktop/毕设/wll论文/java-language-server2/outputDir/LOC/f/LOC_2400.java
Sep 28, 2025 4:56:00 PM org.javacs.JavaLanguageServer findReferences
INFO: NOD: 7610 document: file:///C:/Users/74993/Desktop/毕设/wll论文/java-language-server2/outputDir/LOC/f/LOC_2400.java
Sep 28, 2025 4:56:00 PM org.javacs.JavaLanguageServer findReferences
INFO: DEF: 572 document: file:///C:/Users/74993/Desktop/毕设/wll论文/java-language-server2/outputDir/LOC/f/LOC_2400.java
Sep 28, 2025 4:56:00 PM org.javacs.JavaLanguageServer findReferences
INFO: OCC: 4141 document: file:///C:/Users/74993/Desktop/毕设/wll论文/java-language-server2/outputDir/LOC/f/LOC_2400.java
Sep 28, 2025 4:56:00 PM org.javacs.JavaLanguageServer findReferences
INFO: LOC: 2397 document: file:///C:/Users/74993/Desktop/毕设/wll论文/java-language-server2/outputDir/LOC/f/LOC_2400.java
Sep 28, 2025 4:56:00 PM org.javacs.ScanClassPath jdkTopLevelClasses
INFO: Searching for top-level classes in the JDK
Sep 28, 2025 4:56:00 PM org.javacs.ScanClassPath jdkTopLevelClasses
INFO: Found 15005 classes in the java platform
Sep 28, 2025 4:56:00 PM org.javacs.ScanClassPath classPathTopLevelClasses
INFO: Searching for top-level classes in 0 classpath locations
Sep 28, 2025 4:56:00 PM org.javacs.ScanClassPath classPathTopLevelClasses
INFO: Found 0 classes in classpath
Sep 28, 2025 4:56:00 PM org.javacs.ReusableCompiler getTask
WARNING: Options changed from [-classpath, , --add-modules, ALL-MODULE-PATH, -proc:none, -g, -Xlint:cast, -Xlint:deprecation, -Xlint:empty, -Xlint:fallthrough, -Xlint:finally, -Xlint:path, -Xlint:unchecked, -Xlint:varargs, -Xlint:static] to [-classpath, , --add-modules, ALL-MODULE-PATH, -proc:none, -g, -Xlint:cast, -Xlint:deprecation, -Xlint:empty, -Xlint:fallthrough, -Xlint:finally, -Xlint:path, -Xlint:unchecked, -Xlint:varargs, -Xlint:static], creating new compiler
Sep 28, 2025 4:56:00 PM org.javacs.JavaLanguageServer findReferences
INFO: compile component: 6.102 document: file:///C:/Users/74993/Desktop/毕设/wll论文/java-language-server2/outputDir/LOC/f/LOC_2400.java
Sep 28, 2025 4:56:00 PM org.javacs.JavaLanguageServer findReferences
INFO: locate component: 112.6497 document: file:///C:/Users/74993/Desktop/毕设/wll论文/java-language-server2/outputDir/LOC/f/LOC_2400.java
Sep 28, 2025 4:56:00 PM org.javacs.JavaLanguageServer findReferences
INFO: traverse component: 0.0 document: file:///C:/Users/74993/Desktop/毕设/wll论文/java-language-server2/outputDir/LOC/f/LOC_2400.java
Sep 28, 2025 4:56:00 PM org.javacs.JavaLanguageServer findReferences
INFO: NOD: 7610 document: file:///C:/Users/74993/Desktop/毕设/wll论文/java-language-server2/outputDir/LOC/f/LOC_2400.java
Sep 28, 2025 4:56:00 PM org.javacs.JavaLanguageServer findReferences
INFO: DEF: 572 document: file:///C:/Users/74993/Desktop/毕设/wll论文/java-language-server2/outputDir/LOC/f/LOC_2400.java
Sep 28, 2025 4:56:00 PM org.javacs.JavaLanguageServer findReferences
INFO: OCC: 4141 document: file:///C:/Users/74993/Desktop/毕设/wll论文/java-language-server2/outputDir/LOC/f/LOC_2400.java
Sep 28, 2025 4:56:00 PM org.javacs.JavaLanguageServer findReferences
INFO: LOC: 2397 document: file:///C:/Users/74993/Desktop/毕设/wll论文/java-language-server2/outputDir/LOC/f/LOC_2400.java
Sep 28, 2025 4:56:00 PM org.javacs.JavaLanguageServer didOpenTextDocument
INFO: #didOpenTextDocument# try call goto {"context":{"includeDeclaration":false},"textDocument":{"uri":"file:///C:/Users/74993/Desktop/%E6%AF%95%E8%AE%BE/wll%E8%AE%BA%E6%96%87/java-language-server2/outputDir/LOC/f/LOC_2400.java"},"position":{"line":66,"character":76}}
Sep 28, 2025 4:56:00 PM org.javacs.JavaCompilerService compileBatch
INFO: ...using cached compile
Sep 28, 2025 4:56:00 PM org.javacs.JavaLanguageServer gotoDefinition
INFO: gotoDefinition: 112.8989 document: file:///C:/Users/74993/Desktop/毕设/wll论文/java-language-server2/outputDir/LOC/f/LOC_2400.java
Sep 28, 2025 4:56:00 PM org.javacs.JavaCompilerService compileBatch
INFO: ...using cached compile
Sep 28, 2025 4:56:00 PM org.javacs.JavaLanguageServer gotoDefinition
INFO: gotoDefinition: 118.1085 document: file:///C:/Users/74993/Desktop/毕设/wll论文/java-language-server2/outputDir/LOC/f/LOC_2400.java
Sep 28, 2025 4:56:00 PM org.javacs.JavaCompilerService compileBatch
INFO: ...using cached compile
Sep 28, 2025 4:56:00 PM org.javacs.JavaLanguageServer gotoDefinition
INFO: gotoDefinition: 121.7274 document: file:///C:/Users/74993/Desktop/毕设/wll论文/java-language-server2/outputDir/LOC/f/LOC_2400.java
Sep 28, 2025 4:56:00 PM org.javacs.JavaCompilerService compileBatch
INFO: ...using cached compile
Sep 28, 2025 4:56:01 PM org.javacs.JavaLanguageServer gotoDefinition
INFO: gotoDefinition: 123.8077 document: file:///C:/Users/74993/Desktop/毕设/wll论文/java-language-server2/outputDir/LOC/f/LOC_2400.java
Sep 28, 2025 4:56:01 PM org.javacs.JavaCompilerService compileBatch
INFO: ...using cached compile
Sep 28, 2025 4:56:01 PM org.javacs.JavaLanguageServer gotoDefinition
INFO: gotoDefinition: 116.1904 document: file:///C:/Users/74993/Desktop/毕设/wll论文/java-language-server2/outputDir/LOC/f/LOC_2400.java
Sep 28, 2025 4:56:01 PM org.javacs.JavaLanguageServer didOpenTextDocument
INFO: #didOpenTextDocument# try call rename {"context":{"includeDeclaration":false},"textDocument":{"uri":"file:///C:/Users/74993/Desktop/%E6%AF%95%E8%AE%BE/wll%E8%AE%BA%E6%96%87/java-language-server2/outputDir/LOC/f/LOC_2400.java"},"position":{"line":66,"character":76}}
Sep 28, 2025 4:56:01 PM org.javacs.JavaCompilerService compileBatch
INFO: ...using cached compile
Sep 28, 2025 4:56:01 PM org.javacs.JavaLanguageServer rename
INFO: rename: 110.2829 document: file:///C:/Users/74993/Desktop/毕设/wll论文/java-language-server2/outputDir/LOC/f/LOC_2400.java
Sep 28, 2025 4:56:01 PM org.javacs.JavaCompilerService compileBatch
INFO: ...using cached compile
Sep 28, 2025 4:56:01 PM org.javacs.JavaLanguageServer rename
INFO: rename: 119.349 document: file:///C:/Users/74993/Desktop/毕设/wll论文/java-language-server2/outputDir/LOC/f/LOC_2400.java
Sep 28, 2025 4:56:01 PM org.javacs.JavaCompilerService compileBatch
INFO: ...using cached compile
Sep 28, 2025 4:56:01 PM org.javacs.JavaLanguageServer rename
INFO: rename: 109.0883 document: file:///C:/Users/74993/Desktop/毕设/wll论文/java-language-server2/outputDir/LOC/f/LOC_2400.java
Sep 28, 2025 4:56:01 PM org.javacs.JavaCompilerService compileBatch
INFO: ...using cached compile
Sep 28, 2025 4:56:01 PM org.javacs.JavaLanguageServer rename
INFO: rename: 116.7316 document: file:///C:/Users/74993/Desktop/毕设/wll论文/java-language-server2/outputDir/LOC/f/LOC_2400.java
Sep 28, 2025 4:56:01 PM org.javacs.JavaCompilerService compileBatch
INFO: ...using cached compile
Sep 28, 2025 4:56:01 PM org.javacs.JavaLanguageServer rename
INFO: rename: 111.7383 document: file:///C:/Users/74993/Desktop/毕设/wll论文/java-language-server2/outputDir/LOC/f/LOC_2400.java
Sep 28, 2025 4:56:01 PM org.javacs.JavaLanguageServer didOpenTextDocument
INFO: #didOpenTextDocument# try completion {"context":{"includeDeclaration":false},"textDocument":{"uri":"file:///C:/Users/74993/Desktop/%E6%AF%95%E8%AE%BE/wll%E8%AE%BA%E6%96%87/java-language-server2/outputDir/LOC/f/LOC_2400.java"},"position":{"line":66,"character":76}}
Sep 28, 2025 4:56:01 PM org.javacs.JavaLanguageServer completion
INFO: completion: 8.5919 document: file:///C:/Users/74993/Desktop/毕设/wll论文/java-language-server2/outputDir/LOC/f/LOC_2400.java
Sep 28, 2025 4:56:01 PM org.javacs.JavaLanguageServer completion
INFO: completion: 6.5137 document: file:///C:/Users/74993/Desktop/毕设/wll论文/java-language-server2/outputDir/LOC/f/LOC_2400.java
Sep 28, 2025 4:56:01 PM org.javacs.JavaLanguageServer completion
INFO: completion: 6.9993 document: file:///C:/Users/74993/Desktop/毕设/wll论文/java-language-server2/outputDir/LOC/f/LOC_2400.java
Sep 28, 2025 4:56:01 PM org.javacs.JavaLanguageServer completion
INFO: completion: 5.3148 document: file:///C:/Users/74993/Desktop/毕设/wll论文/java-language-server2/outputDir/LOC/f/LOC_2400.java
Sep 28, 2025 4:56:01 PM org.javacs.JavaLanguageServer completion
INFO: completion: 6.5133 document: file:///C:/Users/74993/Desktop/毕设/wll论文/java-language-server2/outputDir/LOC/f/LOC_2400.java
Sep 28, 2025 4:56:01 PM org.javacs.JavaLanguageServer didOpenTextDocument
INFO: #didOpenTextDocument# try call goto {"context":{"includeDeclaration":false},"textDocument":{"uri":"file:///C:/Users/74993/Desktop/%E6%AF%95%E8%AE%BE/wll%E8%AE%BA%E6%96%87/java-language-server2/outputDir/LOC/f/LOC_2400.java"},"position":{"line":2390,"character":37}}
Sep 28, 2025 4:56:01 PM org.javacs.JavaLanguageServer gotoDefinition
INFO: gotoDefinition: 129.4311 document: file:///C:/Users/74993/Desktop/毕设/wll论文/java-language-server2/outputDir/LOC/f/LOC_2400.java
Sep 28, 2025 4:56:01 PM org.javacs.JavaCompilerService compileBatch
INFO: ...using cached compile
Sep 28, 2025 4:56:01 PM org.javacs.JavaLanguageServer gotoDefinition
INFO: gotoDefinition: 107.3242 document: file:///C:/Users/74993/Desktop/毕设/wll论文/java-language-server2/outputDir/LOC/f/LOC_2400.java
Sep 28, 2025 4:56:01 PM org.javacs.JavaCompilerService compileBatch
INFO: ...using cached compile
Sep 28, 2025 4:56:02 PM org.javacs.JavaLanguageServer gotoDefinition
INFO: gotoDefinition: 112.7963 document: file:///C:/Users/74993/Desktop/毕设/wll论文/java-language-server2/outputDir/LOC/f/LOC_2400.java
Sep 28, 2025 4:56:02 PM org.javacs.JavaCompilerService compileBatch
INFO: ...using cached compile
Sep 28, 2025 4:56:02 PM org.javacs.JavaLanguageServer gotoDefinition
INFO: gotoDefinition: 117.1444 document: file:///C:/Users/74993/Desktop/毕设/wll论文/java-language-server2/outputDir/LOC/f/LOC_2400.java
Sep 28, 2025 4:56:02 PM org.javacs.JavaCompilerService compileBatch
INFO: ...using cached compile
Sep 28, 2025 4:56:02 PM org.javacs.JavaLanguageServer gotoDefinition
INFO: gotoDefinition: 112.4313 document: file:///C:/Users/74993/Desktop/毕设/wll论文/java-language-server2/outputDir/LOC/f/LOC_2400.java
Sep 28, 2025 4:56:02 PM org.javacs.JavaLanguageServer didOpenTextDocument
INFO: #didOpenTextDocument# try call rename {"context":{"includeDeclaration":false},"textDocument":{"uri":"file:///C:/Users/74993/Desktop/%E6%AF%95%E8%AE%BE/wll%E8%AE%BA%E6%96%87/java-language-server2/outputDir/LOC/f/LOC_2400.java"},"position":{"line":2390,"character":37}}
Sep 28, 2025 4:56:02 PM org.javacs.JavaCompilerService compileBatch
INFO: ...using cached compile
Sep 28, 2025 4:56:02 PM org.javacs.JavaLanguageServer rename
INFO: rename: 107.9086 document: file:///C:/Users/74993/Desktop/毕设/wll论文/java-language-server2/outputDir/LOC/f/LOC_2400.java
Sep 28, 2025 4:56:02 PM org.javacs.JavaCompilerService compileBatch
INFO: ...using cached compile
Sep 28, 2025 4:56:02 PM org.javacs.JavaLanguageServer rename
INFO: rename: 101.0752 document: file:///C:/Users/74993/Desktop/毕设/wll论文/java-language-server2/outputDir/LOC/f/LOC_2400.java
Sep 28, 2025 4:56:02 PM org.javacs.JavaCompilerService compileBatch
INFO: ...using cached compile
Sep 28, 2025 4:56:02 PM org.javacs.JavaLanguageServer rename
INFO: rename: 110.0511 document: file:///C:/Users/74993/Desktop/毕设/wll论文/java-language-server2/outputDir/LOC/f/LOC_2400.java
Sep 28, 2025 4:56:02 PM org.javacs.JavaCompilerService compileBatch
INFO: ...using cached compile
Sep 28, 2025 4:56:02 PM org.javacs.JavaLanguageServer rename
INFO: rename: 105.2125 document: file:///C:/Users/74993/Desktop/毕设/wll论文/java-language-server2/outputDir/LOC/f/LOC_2400.java
Sep 28, 2025 4:56:02 PM org.javacs.JavaCompilerService compileBatch
INFO: ...using cached compile
Sep 28, 2025 4:56:02 PM org.javacs.JavaLanguageServer rename
INFO: rename: 110.3336 document: file:///C:/Users/74993/Desktop/毕设/wll论文/java-language-server2/outputDir/LOC/f/LOC_2400.java
Sep 28, 2025 4:56:02 PM org.javacs.JavaLanguageServer didOpenTextDocument
INFO: #didOpenTextDocument# try completion {"context":{"includeDeclaration":false},"textDocument":{"uri":"file:///C:/Users/74993/Desktop/%E6%AF%95%E8%AE%BE/wll%E8%AE%BA%E6%96%87/java-language-server2/outputDir/LOC/f/LOC_2400.java"},"position":{"line":2390,"character":37}}
Sep 28, 2025 4:56:02 PM org.javacs.JavaLanguageServer completion
INFO: completion: 6.5161 document: file:///C:/Users/74993/Desktop/毕设/wll论文/java-language-server2/outputDir/LOC/f/LOC_2400.java
Sep 28, 2025 4:56:02 PM org.javacs.JavaLanguageServer completion
INFO: completion: 4.9974 document: file:///C:/Users/74993/Desktop/毕设/wll论文/java-language-server2/outputDir/LOC/f/LOC_2400.java
Sep 28, 2025 4:56:02 PM org.javacs.JavaLanguageServer completion
INFO: completion: 5.4397 document: file:///C:/Users/74993/Desktop/毕设/wll论文/java-language-server2/outputDir/LOC/f/LOC_2400.java
Sep 28, 2025 4:56:02 PM org.javacs.JavaLanguageServer completion
INFO: completion: 5.455 document: file:///C:/Users/74993/Desktop/毕设/wll论文/java-language-server2/outputDir/LOC/f/LOC_2400.java
Sep 28, 2025 4:56:02 PM org.javacs.JavaLanguageServer completion
INFO: completion: 4.9993 document: file:///C:/Users/74993/Desktop/毕设/wll论文/java-language-server2/outputDir/LOC/f/LOC_2400.java
Sep 28, 2025 4:56:02 PM org.javacs.JavaLanguageServer didOpenTextDocument
INFO: #didOpenTextDocument# try call reference {"context":{"includeDeclaration":false},"textDocument":{"uri":"file:///C:/Users/74993/Desktop/%E6%AF%95%E8%AE%BE/wll%E8%AE%BA%E6%96%87/java-language-server2/outputDir/LOC/g/LOC_2800.java"},"position":{"line":66,"character":76}}
Sep 28, 2025 4:56:02 PM org.javacs.ScanClassPath jdkTopLevelClasses
INFO: Searching for top-level classes in the JDK
Sep 28, 2025 4:56:02 PM org.javacs.ScanClassPath jdkTopLevelClasses
INFO: Found 15005 classes in the java platform
Sep 28, 2025 4:56:02 PM org.javacs.ScanClassPath classPathTopLevelClasses
INFO: Searching for top-level classes in 0 classpath locations
Sep 28, 2025 4:56:02 PM org.javacs.ScanClassPath classPathTopLevelClasses
INFO: Found 0 classes in classpath
Sep 28, 2025 4:56:02 PM org.javacs.ReusableCompiler getTask
WARNING: Options changed from [-classpath, , --add-modules, ALL-MODULE-PATH, -proc:none, -g, -Xlint:cast, -Xlint:deprecation, -Xlint:empty, -Xlint:fallthrough, -Xlint:finally, -Xlint:path, -Xlint:unchecked, -Xlint:varargs, -Xlint:static] to [-classpath, , --add-modules, ALL-MODULE-PATH, -proc:none, -g, -Xlint:cast, -Xlint:deprecation, -Xlint:empty, -Xlint:fallthrough, -Xlint:finally, -Xlint:path, -Xlint:unchecked, -Xlint:varargs, -Xlint:static], creating new compiler
Sep 28, 2025 4:56:03 PM org.javacs.JavaLanguageServer findReferences
INFO: compile component: 13.8024 document: file:///C:/Users/74993/Desktop/毕设/wll论文/java-language-server2/outputDir/LOC/g/LOC_2800.java
Sep 28, 2025 4:56:03 PM org.javacs.JavaLanguageServer findReferences
INFO: locate component: 118.9553 document: file:///C:/Users/74993/Desktop/毕设/wll论文/java-language-server2/outputDir/LOC/g/LOC_2800.java
Sep 28, 2025 4:56:03 PM org.javacs.JavaLanguageServer findReferences
INFO: traverse component: 0.0 document: file:///C:/Users/74993/Desktop/毕设/wll论文/java-language-server2/outputDir/LOC/g/LOC_2800.java
Sep 28, 2025 4:56:03 PM org.javacs.JavaLanguageServer findReferences
INFO: NOD: 8277 document: file:///C:/Users/74993/Desktop/毕设/wll论文/java-language-server2/outputDir/LOC/g/LOC_2800.java
Sep 28, 2025 4:56:03 PM org.javacs.JavaLanguageServer findReferences
INFO: DEF: 713 document: file:///C:/Users/74993/Desktop/毕设/wll论文/java-language-server2/outputDir/LOC/g/LOC_2800.java
Sep 28, 2025 4:56:03 PM org.javacs.JavaLanguageServer findReferences
INFO: OCC: 4503 document: file:///C:/Users/74993/Desktop/毕设/wll论文/java-language-server2/outputDir/LOC/g/LOC_2800.java
Sep 28, 2025 4:56:03 PM org.javacs.JavaLanguageServer findReferences
INFO: LOC: 2793 document: file:///C:/Users/74993/Desktop/毕设/wll论文/java-language-server2/outputDir/LOC/g/LOC_2800.java
Sep 28, 2025 4:56:03 PM org.javacs.ScanClassPath jdkTopLevelClasses
INFO: Searching for top-level classes in the JDK
Sep 28, 2025 4:56:03 PM org.javacs.ScanClassPath jdkTopLevelClasses
INFO: Found 15005 classes in the java platform
Sep 28, 2025 4:56:03 PM org.javacs.ScanClassPath classPathTopLevelClasses
INFO: Searching for top-level classes in 0 classpath locations
Sep 28, 2025 4:56:03 PM org.javacs.ScanClassPath classPathTopLevelClasses
INFO: Found 0 classes in classpath
Sep 28, 2025 4:56:03 PM org.javacs.ReusableCompiler getTask
WARNING: Options changed from [-classpath, , --add-modules, ALL-MODULE-PATH, -proc:none, -g, -Xlint:cast, -Xlint:deprecation, -Xlint:empty, -Xlint:fallthrough, -Xlint:finally, -Xlint:path, -Xlint:unchecked, -Xlint:varargs, -Xlint:static] to [-classpath, , --add-modules, ALL-MODULE-PATH, -proc:none, -g, -Xlint:cast, -Xlint:deprecation, -Xlint:empty, -Xlint:fallthrough, -Xlint:finally, -Xlint:path, -Xlint:unchecked, -Xlint:varargs, -Xlint:static], creating new compiler
Sep 28, 2025 4:56:03 PM org.javacs.JavaLanguageServer findReferences
INFO: compile component: 6.0009 document: file:///C:/Users/74993/Desktop/毕设/wll论文/java-language-server2/outputDir/LOC/g/LOC_2800.java
Sep 28, 2025 4:56:03 PM org.javacs.JavaLanguageServer findReferences
INFO: locate component: 128.1942 document: file:///C:/Users/74993/Desktop/毕设/wll论文/java-language-server2/outputDir/LOC/g/LOC_2800.java
Sep 28, 2025 4:56:03 PM org.javacs.JavaLanguageServer findReferences
INFO: traverse component: 0.0 document: file:///C:/Users/74993/Desktop/毕设/wll论文/java-language-server2/outputDir/LOC/g/LOC_2800.java
Sep 28, 2025 4:56:03 PM org.javacs.JavaLanguageServer findReferences
INFO: NOD: 8277 document: file:///C:/Users/74993/Desktop/毕设/wll论文/java-language-server2/outputDir/LOC/g/LOC_2800.java
Sep 28, 2025 4:56:03 PM org.javacs.JavaLanguageServer findReferences
INFO: DEF: 713 document: file:///C:/Users/74993/Desktop/毕设/wll论文/java-language-server2/outputDir/LOC/g/LOC_2800.java
Sep 28, 2025 4:56:03 PM org.javacs.JavaLanguageServer findReferences
INFO: OCC: 4503 document: file:///C:/Users/74993/Desktop/毕设/wll论文/java-language-server2/outputDir/LOC/g/LOC_2800.java
Sep 28, 2025 4:56:03 PM org.javacs.JavaLanguageServer findReferences
INFO: LOC: 2793 document: file:///C:/Users/74993/Desktop/毕设/wll论文/java-language-server2/outputDir/LOC/g/LOC_2800.java
Sep 28, 2025 4:56:03 PM org.javacs.ScanClassPath jdkTopLevelClasses
INFO: Searching for top-level classes in the JDK
Sep 28, 2025 4:56:03 PM org.javacs.ScanClassPath jdkTopLevelClasses
INFO: Found 15005 classes in the java platform
Sep 28, 2025 4:56:03 PM org.javacs.ScanClassPath classPathTopLevelClasses
INFO: Searching for top-level classes in 0 classpath locations
Sep 28, 2025 4:56:03 PM org.javacs.ScanClassPath classPathTopLevelClasses
INFO: Found 0 classes in classpath
Sep 28, 2025 4:56:03 PM org.javacs.ReusableCompiler getTask
WARNING: Options changed from [-classpath, , --add-modules, ALL-MODULE-PATH, -proc:none, -g, -Xlint:cast, -Xlint:deprecation, -Xlint:empty, -Xlint:fallthrough, -Xlint:finally, -Xlint:path, -Xlint:unchecked, -Xlint:varargs, -Xlint:static] to [-classpath, , --add-modules, ALL-MODULE-PATH, -proc:none, -g, -Xlint:cast, -Xlint:deprecation, -Xlint:empty, -Xlint:fallthrough, -Xlint:finally, -Xlint:path, -Xlint:unchecked, -Xlint:varargs, -Xlint:static], creating new compiler
Sep 28, 2025 4:56:03 PM org.javacs.JavaLanguageServer findReferences
INFO: compile component: 5.5123 document: file:///C:/Users/74993/Desktop/毕设/wll论文/java-language-server2/outputDir/LOC/g/LOC_2800.java
Sep 28, 2025 4:56:03 PM org.javacs.JavaLanguageServer findReferences
INFO: locate component: 119.026 document: file:///C:/Users/74993/Desktop/毕设/wll论文/java-language-server2/outputDir/LOC/g/LOC_2800.java
Sep 28, 2025 4:56:03 PM org.javacs.JavaLanguageServer findReferences
INFO: traverse component: 0.0 document: file:///C:/Users/74993/Desktop/毕设/wll论文/java-language-server2/outputDir/LOC/g/LOC_2800.java
Sep 28, 2025 4:56:03 PM org.javacs.JavaLanguageServer findReferences
INFO: NOD: 8277 document: file:///C:/Users/74993/Desktop/毕设/wll论文/java-language-server2/outputDir/LOC/g/LOC_2800.java
Sep 28, 2025 4:56:03 PM org.javacs.JavaLanguageServer findReferences
INFO: DEF: 713 document: file:///C:/Users/74993/Desktop/毕设/wll论文/java-language-server2/outputDir/LOC/g/LOC_2800.java
Sep 28, 2025 4:56:03 PM org.javacs.JavaLanguageServer findReferences
INFO: OCC: 4503 document: file:///C:/Users/74993/Desktop/毕设/wll论文/java-language-server2/outputDir/LOC/g/LOC_2800.java
Sep 28, 2025 4:56:03 PM org.javacs.JavaLanguageServer findReferences
INFO: LOC: 2793 document: file:///C:/Users/74993/Desktop/毕设/wll论文/java-language-server2/outputDir/LOC/g/LOC_2800.java
Sep 28, 2025 4:56:03 PM org.javacs.ScanClassPath jdkTopLevelClasses
INFO: Searching for top-level classes in the JDK
Sep 28, 2025 4:56:03 PM org.javacs.ScanClassPath jdkTopLevelClasses
INFO: Found 15005 classes in the java platform
Sep 28, 2025 4:56:03 PM org.javacs.ScanClassPath classPathTopLevelClasses
INFO: Searching for top-level classes in 0 classpath locations
Sep 28, 2025 4:56:03 PM org.javacs.ScanClassPath classPathTopLevelClasses
INFO: Found 0 classes in classpath
Sep 28, 2025 4:56:03 PM org.javacs.ReusableCompiler getTask
WARNING: Options changed from [-classpath, , --add-modules, ALL-MODULE-PATH, -proc:none, -g, -Xlint:cast, -Xlint:deprecation, -Xlint:empty, -Xlint:fallthrough, -Xlint:finally, -Xlint:path, -Xlint:unchecked, -Xlint:varargs, -Xlint:static] to [-classpath, , --add-modules, ALL-MODULE-PATH, -proc:none, -g, -Xlint:cast, -Xlint:deprecation, -Xlint:empty, -Xlint:fallthrough, -Xlint:finally, -Xlint:path, -Xlint:unchecked, -Xlint:varargs, -Xlint:static], creating new compiler
Sep 28, 2025 4:56:03 PM org.javacs.JavaLanguageServer findReferences
INFO: compile component: 6.5153 document: file:///C:/Users/74993/Desktop/毕设/wll论文/java-language-server2/outputDir/LOC/g/LOC_2800.java
Sep 28, 2025 4:56:03 PM org.javacs.JavaLanguageServer findReferences
INFO: locate component: 112.2687 document: file:///C:/Users/74993/Desktop/毕设/wll论文/java-language-server2/outputDir/LOC/g/LOC_2800.java
Sep 28, 2025 4:56:03 PM org.javacs.JavaLanguageServer findReferences
INFO: traverse component: 0.0 document: file:///C:/Users/74993/Desktop/毕设/wll论文/java-language-server2/outputDir/LOC/g/LOC_2800.java
Sep 28, 2025 4:56:03 PM org.javacs.JavaLanguageServer findReferences
INFO: NOD: 8277 document: file:///C:/Users/74993/Desktop/毕设/wll论文/java-language-server2/outputDir/LOC/g/LOC_2800.java
Sep 28, 2025 4:56:03 PM org.javacs.JavaLanguageServer findReferences
INFO: DEF: 713 document: file:///C:/Users/74993/Desktop/毕设/wll论文/java-language-server2/outputDir/LOC/g/LOC_2800.java
Sep 28, 2025 4:56:03 PM org.javacs.JavaLanguageServer findReferences
INFO: OCC: 4503 document: file:///C:/Users/74993/Desktop/毕设/wll论文/java-language-server2/outputDir/LOC/g/LOC_2800.java
Sep 28, 2025 4:56:03 PM org.javacs.JavaLanguageServer findReferences
INFO: LOC: 2793 document: file:///C:/Users/74993/Desktop/毕设/wll论文/java-language-server2/outputDir/LOC/g/LOC_2800.java
Sep 28, 2025 4:56:03 PM org.javacs.ScanClassPath jdkTopLevelClasses
INFO: Searching for top-level classes in the JDK
Sep 28, 2025 4:56:03 PM org.javacs.ScanClassPath jdkTopLevelClasses
INFO: Found 15005 classes in the java platform
Sep 28, 2025 4:56:03 PM org.javacs.ScanClassPath classPathTopLevelClasses
INFO: Searching for top-level classes in 0 classpath locations
Sep 28, 2025 4:56:03 PM org.javacs.ScanClassPath classPathTopLevelClasses
INFO: Found 0 classes in classpath
Sep 28, 2025 4:56:03 PM org.javacs.ReusableCompiler getTask
WARNING: Options changed from [-classpath, , --add-modules, ALL-MODULE-PATH, -proc:none, -g, -Xlint:cast, -Xlint:deprecation, -Xlint:empty, -Xlint:fallthrough, -Xlint:finally, -Xlint:path, -Xlint:unchecked, -Xlint:varargs, -Xlint:static] to [-classpath, , --add-modules, ALL-MODULE-PATH, -proc:none, -g, -Xlint:cast, -Xlint:deprecation, -Xlint:empty, -Xlint:fallthrough, -Xlint:finally, -Xlint:path, -Xlint:unchecked, -Xlint:varargs, -Xlint:static], creating new compiler
Sep 28, 2025 4:56:03 PM org.javacs.JavaLanguageServer findReferences
INFO: compile component: 5.9997 document: file:///C:/Users/74993/Desktop/毕设/wll论文/java-language-server2/outputDir/LOC/g/LOC_2800.java
Sep 28, 2025 4:56:04 PM org.javacs.JavaLanguageServer findReferences
INFO: locate component: 115.8761 document: file:///C:/Users/74993/Desktop/毕设/wll论文/java-language-server2/outputDir/LOC/g/LOC_2800.java
Sep 28, 2025 4:56:04 PM org.javacs.JavaLanguageServer findReferences
INFO: traverse component: 0.0 document: file:///C:/Users/74993/Desktop/毕设/wll论文/java-language-server2/outputDir/LOC/g/LOC_2800.java
Sep 28, 2025 4:56:04 PM org.javacs.JavaLanguageServer findReferences
INFO: NOD: 8277 document: file:///C:/Users/74993/Desktop/毕设/wll论文/java-language-server2/outputDir/LOC/g/LOC_2800.java
Sep 28, 2025 4:56:04 PM org.javacs.JavaLanguageServer findReferences
INFO: DEF: 713 document: file:///C:/Users/74993/Desktop/毕设/wll论文/java-language-server2/outputDir/LOC/g/LOC_2800.java
Sep 28, 2025 4:56:04 PM org.javacs.JavaLanguageServer findReferences
INFO: OCC: 4503 document: file:///C:/Users/74993/Desktop/毕设/wll论文/java-language-server2/outputDir/LOC/g/LOC_2800.java
Sep 28, 2025 4:56:04 PM org.javacs.JavaLanguageServer findReferences
INFO: LOC: 2793 document: file:///C:/Users/74993/Desktop/毕设/wll论文/java-language-server2/outputDir/LOC/g/LOC_2800.java
Sep 28, 2025 4:56:04 PM org.javacs.JavaLanguageServer didOpenTextDocument
INFO: #didOpenTextDocument# try call goto {"context":{"includeDeclaration":false},"textDocument":{"uri":"file:///C:/Users/74993/Desktop/%E6%AF%95%E8%AE%BE/wll%E8%AE%BA%E6%96%87/java-language-server2/outputDir/LOC/g/LOC_2800.java"},"position":{"line":66,"character":76}}
Sep 28, 2025 4:56:04 PM org.javacs.JavaCompilerService compileBatch
INFO: ...using cached compile
Sep 28, 2025 4:56:04 PM org.javacs.JavaLanguageServer gotoDefinition
INFO: gotoDefinition: 125.4212 document: file:///C:/Users/74993/Desktop/毕设/wll论文/java-language-server2/outputDir/LOC/g/LOC_2800.java
Sep 28, 2025 4:56:04 PM org.javacs.JavaCompilerService compileBatch
INFO: ...using cached compile
Sep 28, 2025 4:56:04 PM org.javacs.JavaLanguageServer gotoDefinition
INFO: gotoDefinition: 114.7727 document: file:///C:/Users/74993/Desktop/毕设/wll论文/java-language-server2/outputDir/LOC/g/LOC_2800.java
Sep 28, 2025 4:56:04 PM org.javacs.JavaCompilerService compileBatch
INFO: ...using cached compile
Sep 28, 2025 4:56:04 PM org.javacs.JavaLanguageServer gotoDefinition
INFO: gotoDefinition: 116.4549 document: file:///C:/Users/74993/Desktop/毕设/wll论文/java-language-server2/outputDir/LOC/g/LOC_2800.java
Sep 28, 2025 4:56:04 PM org.javacs.JavaCompilerService compileBatch
INFO: ...using cached compile
Sep 28, 2025 4:56:04 PM org.javacs.JavaLanguageServer gotoDefinition
INFO: gotoDefinition: 120.6344 document: file:///C:/Users/74993/Desktop/毕设/wll论文/java-language-server2/outputDir/LOC/g/LOC_2800.java
Sep 28, 2025 4:56:04 PM org.javacs.JavaCompilerService compileBatch
INFO: ...using cached compile
Sep 28, 2025 4:56:04 PM org.javacs.JavaLanguageServer gotoDefinition
INFO: gotoDefinition: 127.6496 document: file:///C:/Users/74993/Desktop/毕设/wll论文/java-language-server2/outputDir/LOC/g/LOC_2800.java
Sep 28, 2025 4:56:04 PM org.javacs.JavaLanguageServer didOpenTextDocument
INFO: #didOpenTextDocument# try call rename {"context":{"includeDeclaration":false},"textDocument":{"uri":"file:///C:/Users/74993/Desktop/%E6%AF%95%E8%AE%BE/wll%E8%AE%BA%E6%96%87/java-language-server2/outputDir/LOC/g/LOC_2800.java"},"position":{"line":66,"character":76}}
Sep 28, 2025 4:56:04 PM org.javacs.JavaCompilerService compileBatch
INFO: ...using cached compile
Sep 28, 2025 4:56:04 PM org.javacs.JavaLanguageServer rename
INFO: rename: 118.2478 document: file:///C:/Users/74993/Desktop/毕设/wll论文/java-language-server2/outputDir/LOC/g/LOC_2800.java
Sep 28, 2025 4:56:04 PM org.javacs.JavaCompilerService compileBatch
INFO: ...using cached compile
Sep 28, 2025 4:56:04 PM org.javacs.JavaLanguageServer rename
INFO: rename: 112.8981 document: file:///C:/Users/74993/Desktop/毕设/wll论文/java-language-server2/outputDir/LOC/g/LOC_2800.java
Sep 28, 2025 4:56:04 PM org.javacs.JavaCompilerService compileBatch
INFO: ...using cached compile
Sep 28, 2025 4:56:05 PM org.javacs.JavaLanguageServer rename
INFO: rename: 112.87 document: file:///C:/Users/74993/Desktop/毕设/wll论文/java-language-server2/outputDir/LOC/g/LOC_2800.java
Sep 28, 2025 4:56:05 PM org.javacs.JavaCompilerService compileBatch
INFO: ...using cached compile
Sep 28, 2025 4:56:05 PM org.javacs.JavaLanguageServer rename
INFO: rename: 114.9511 document: file:///C:/Users/74993/Desktop/毕设/wll论文/java-language-server2/outputDir/LOC/g/LOC_2800.java
Sep 28, 2025 4:56:05 PM org.javacs.JavaCompilerService compileBatch
INFO: ...using cached compile
Sep 28, 2025 4:56:05 PM org.javacs.JavaLanguageServer rename
INFO: rename: 122.7364 document: file:///C:/Users/74993/Desktop/毕设/wll论文/java-language-server2/outputDir/LOC/g/LOC_2800.java
Sep 28, 2025 4:56:05 PM org.javacs.JavaLanguageServer didOpenTextDocument
INFO: #didOpenTextDocument# try completion {"context":{"includeDeclaration":false},"textDocument":{"uri":"file:///C:/Users/74993/Desktop/%E6%AF%95%E8%AE%BE/wll%E8%AE%BA%E6%96%87/java-language-server2/outputDir/LOC/g/LOC_2800.java"},"position":{"line":66,"character":76}}
Sep 28, 2025 4:56:05 PM org.javacs.JavaLanguageServer completion
INFO: completion: 7.0119 document: file:///C:/Users/74993/Desktop/毕设/wll论文/java-language-server2/outputDir/LOC/g/LOC_2800.java
Sep 28, 2025 4:56:05 PM org.javacs.JavaLanguageServer completion
INFO: completion: 6.5314 document: file:///C:/Users/74993/Desktop/毕设/wll论文/java-language-server2/outputDir/LOC/g/LOC_2800.java
Sep 28, 2025 4:56:05 PM org.javacs.JavaLanguageServer completion
INFO: completion: 6.5152 document: file:///C:/Users/74993/Desktop/毕设/wll论文/java-language-server2/outputDir/LOC/g/LOC_2800.java
Sep 28, 2025 4:56:05 PM org.javacs.JavaLanguageServer completion
INFO: completion: 6.5241 document: file:///C:/Users/74993/Desktop/毕设/wll论文/java-language-server2/outputDir/LOC/g/LOC_2800.java
Sep 28, 2025 4:56:05 PM org.javacs.JavaLanguageServer completion
INFO: completion: 7.0106 document: file:///C:/Users/74993/Desktop/毕设/wll论文/java-language-server2/outputDir/LOC/g/LOC_2800.java
Sep 28, 2025 4:56:05 PM org.javacs.JavaLanguageServer didOpenTextDocument
INFO: #didOpenTextDocument# try call goto {"context":{"includeDeclaration":false},"textDocument":{"uri":"file:///C:/Users/74993/Desktop/%E6%AF%95%E8%AE%BE/wll%E8%AE%BA%E6%96%87/java-language-server2/outputDir/LOC/g/LOC_2800.java"},"position":{"line":2789,"character":132}}
Sep 28, 2025 4:56:05 PM org.javacs.JavaLanguageServer gotoDefinition
INFO: gotoDefinition: 139.9493 document: file:///C:/Users/74993/Desktop/毕设/wll论文/java-language-server2/outputDir/LOC/g/LOC_2800.java
Sep 28, 2025 4:56:05 PM org.javacs.JavaCompilerService compileBatch
INFO: ...using cached compile
Sep 28, 2025 4:56:05 PM org.javacs.JavaLanguageServer gotoDefinition
INFO: gotoDefinition: 117.5231 document: file:///C:/Users/74993/Desktop/毕设/wll论文/java-language-server2/outputDir/LOC/g/LOC_2800.java
Sep 28, 2025 4:56:05 PM org.javacs.JavaCompilerService compileBatch
INFO: ...using cached compile
Sep 28, 2025 4:56:05 PM org.javacs.JavaLanguageServer gotoDefinition
INFO: gotoDefinition: 122.0817 document: file:///C:/Users/74993/Desktop/毕设/wll论文/java-language-server2/outputDir/LOC/g/LOC_2800.java
Sep 28, 2025 4:56:05 PM org.javacs.JavaCompilerService compileBatch
INFO: ...using cached compile
Sep 28, 2025 4:56:05 PM org.javacs.JavaLanguageServer gotoDefinition
INFO: gotoDefinition: 124.77 document: file:///C:/Users/74993/Desktop/毕设/wll论文/java-language-server2/outputDir/LOC/g/LOC_2800.java
Sep 28, 2025 4:56:05 PM org.javacs.JavaCompilerService compileBatch
INFO: ...using cached compile
Sep 28, 2025 4:56:05 PM org.javacs.JavaLanguageServer gotoDefinition
INFO: gotoDefinition: 118.3374 document: file:///C:/Users/74993/Desktop/毕设/wll论文/java-language-server2/outputDir/LOC/g/LOC_2800.java
Sep 28, 2025 4:56:05 PM org.javacs.JavaLanguageServer didOpenTextDocument
INFO: #didOpenTextDocument# try call rename {"context":{"includeDeclaration":false},"textDocument":{"uri":"file:///C:/Users/74993/Desktop/%E6%AF%95%E8%AE%BE/wll%E8%AE%BA%E6%96%87/java-language-server2/outputDir/LOC/g/LOC_2800.java"},"position":{"line":2789,"character":132}}
Sep 28, 2025 4:56:05 PM org.javacs.JavaCompilerService compileBatch
INFO: ...using cached compile
Sep 28, 2025 4:56:06 PM org.javacs.JavaLanguageServer rename
INFO: rename: 116.4362 document: file:///C:/Users/74993/Desktop/毕设/wll论文/java-language-server2/outputDir/LOC/g/LOC_2800.java
Sep 28, 2025 4:56:06 PM org.javacs.JavaCompilerService compileBatch
INFO: ...using cached compile
Sep 28, 2025 4:56:06 PM org.javacs.JavaLanguageServer rename
INFO: rename: 115.3707 document: file:///C:/Users/74993/Desktop/毕设/wll论文/java-language-server2/outputDir/LOC/g/LOC_2800.java
Sep 28, 2025 4:56:06 PM org.javacs.JavaCompilerService compileBatch
INFO: ...using cached compile
Sep 28, 2025 4:56:06 PM org.javacs.JavaLanguageServer rename
INFO: rename: 116.5147 document: file:///C:/Users/74993/Desktop/毕设/wll论文/java-language-server2/outputDir/LOC/g/LOC_2800.java
Sep 28, 2025 4:56:06 PM org.javacs.JavaCompilerService compileBatch
INFO: ...using cached compile
Sep 28, 2025 4:56:06 PM org.javacs.JavaLanguageServer rename
INFO: rename: 116.9971 document: file:///C:/Users/74993/Desktop/毕设/wll论文/java-language-server2/outputDir/LOC/g/LOC_2800.java
Sep 28, 2025 4:56:06 PM org.javacs.JavaCompilerService compileBatch
INFO: ...using cached compile
Sep 28, 2025 4:56:06 PM org.javacs.JavaLanguageServer rename
INFO: rename: 117.5327 document: file:///C:/Users/74993/Desktop/毕设/wll论文/java-language-server2/outputDir/LOC/g/LOC_2800.java
Sep 28, 2025 4:56:06 PM org.javacs.JavaLanguageServer didOpenTextDocument
INFO: #didOpenTextDocument# try completion {"context":{"includeDeclaration":false},"textDocument":{"uri":"file:///C:/Users/74993/Desktop/%E6%AF%95%E8%AE%BE/wll%E8%AE%BA%E6%96%87/java-language-server2/outputDir/LOC/g/LOC_2800.java"},"position":{"line":2789,"character":132}}
Sep 28, 2025 4:56:06 PM org.javacs.JavaLanguageServer completion
INFO: completion: 7.5175 document: file:///C:/Users/74993/Desktop/毕设/wll论文/java-language-server2/outputDir/LOC/g/LOC_2800.java
Sep 28, 2025 4:56:06 PM org.javacs.JavaLanguageServer completion
INFO: completion: 7.04 document: file:///C:/Users/74993/Desktop/毕设/wll论文/java-language-server2/outputDir/LOC/g/LOC_2800.java
Sep 28, 2025 4:56:06 PM org.javacs.JavaLanguageServer completion
INFO: completion: 6.001 document: file:///C:/Users/74993/Desktop/毕设/wll论文/java-language-server2/outputDir/LOC/g/LOC_2800.java
Sep 28, 2025 4:56:06 PM org.javacs.JavaLanguageServer completion
INFO: completion: 6.5156 document: file:///C:/Users/74993/Desktop/毕设/wll论文/java-language-server2/outputDir/LOC/g/LOC_2800.java
Sep 28, 2025 4:56:06 PM org.javacs.JavaLanguageServer completion
INFO: completion: 6.5098 document: file:///C:/Users/74993/Desktop/毕设/wll论文/java-language-server2/outputDir/LOC/g/LOC_2800.java
Sep 28, 2025 4:56:06 PM org.javacs.JavaLanguageServer didOpenTextDocument
INFO: #didOpenTextDocument# try call reference {"context":{"includeDeclaration":false},"textDocument":{"uri":"file:///C:/Users/74993/Desktop/%E6%AF%95%E8%AE%BE/wll%E8%AE%BA%E6%96%87/java-language-server2/outputDir/LOC/h/LOC_3200.java"},"position":{"line":61,"character":31}}
Sep 28, 2025 4:56:06 PM org.javacs.ScanClassPath jdkTopLevelClasses
INFO: Searching for top-level classes in the JDK
Sep 28, 2025 4:56:06 PM org.javacs.ScanClassPath jdkTopLevelClasses
INFO: Found 15005 classes in the java platform
Sep 28, 2025 4:56:06 PM org.javacs.ScanClassPath classPathTopLevelClasses
INFO: Searching for top-level classes in 0 classpath locations
Sep 28, 2025 4:56:06 PM org.javacs.ScanClassPath classPathTopLevelClasses
INFO: Found 0 classes in classpath
Sep 28, 2025 4:56:06 PM org.javacs.ReusableCompiler getTask
WARNING: Options changed from [-classpath, , --add-modules, ALL-MODULE-PATH, -proc:none, -g, -Xlint:cast, -Xlint:deprecation, -Xlint:empty, -Xlint:fallthrough, -Xlint:finally, -Xlint:path, -Xlint:unchecked, -Xlint:varargs, -Xlint:static] to [-classpath, , --add-modules, ALL-MODULE-PATH, -proc:none, -g, -Xlint:cast, -Xlint:deprecation, -Xlint:empty, -Xlint:fallthrough, -Xlint:finally, -Xlint:path, -Xlint:unchecked, -Xlint:varargs, -Xlint:static], creating new compiler
Sep 28, 2025 4:56:06 PM org.javacs.JavaLanguageServer findReferences
INFO: compile component: 15.1652 document: file:///C:/Users/74993/Desktop/毕设/wll论文/java-language-server2/outputDir/LOC/h/LOC_3200.java
Sep 28, 2025 4:56:06 PM org.javacs.JavaLanguageServer findReferences
INFO: locate component: 87.5324 document: file:///C:/Users/74993/Desktop/毕设/wll论文/java-language-server2/outputDir/LOC/h/LOC_3200.java
Sep 28, 2025 4:56:06 PM org.javacs.JavaLanguageServer findReferences
INFO: traverse component: 0.0 document: file:///C:/Users/74993/Desktop/毕设/wll论文/java-language-server2/outputDir/LOC/h/LOC_3200.java
Sep 28, 2025 4:56:06 PM org.javacs.JavaLanguageServer findReferences
INFO: NOD: 5703 document: file:///C:/Users/74993/Desktop/毕设/wll论文/java-language-server2/outputDir/LOC/h/LOC_3200.java
Sep 28, 2025 4:56:06 PM org.javacs.JavaLanguageServer findReferences
INFO: DEF: 488 document: file:///C:/Users/74993/Desktop/毕设/wll论文/java-language-server2/outputDir/LOC/h/LOC_3200.java
Sep 28, 2025 4:56:06 PM org.javacs.JavaLanguageServer findReferences
INFO: OCC: 3325 document: file:///C:/Users/74993/Desktop/毕设/wll论文/java-language-server2/outputDir/LOC/h/LOC_3200.java
Sep 28, 2025 4:56:06 PM org.javacs.JavaLanguageServer findReferences
INFO: LOC: 3197 document: file:///C:/Users/74993/Desktop/毕设/wll论文/java-language-server2/outputDir/LOC/h/LOC_3200.java
Sep 28, 2025 4:56:06 PM org.javacs.ScanClassPath jdkTopLevelClasses
INFO: Searching for top-level classes in the JDK
Sep 28, 2025 4:56:06 PM org.javacs.ScanClassPath jdkTopLevelClasses
INFO: Found 15005 classes in the java platform
Sep 28, 2025 4:56:06 PM org.javacs.ScanClassPath classPathTopLevelClasses
INFO: Searching for top-level classes in 0 classpath locations
Sep 28, 2025 4:56:06 PM org.javacs.ScanClassPath classPathTopLevelClasses
INFO: Found 0 classes in classpath
Sep 28, 2025 4:56:06 PM org.javacs.ReusableCompiler getTask
WARNING: Options changed from [-classpath, , --add-modules, ALL-MODULE-PATH, -proc:none, -g, -Xlint:cast, -Xlint:deprecation, -Xlint:empty, -Xlint:fallthrough, -Xlint:finally, -Xlint:path, -Xlint:unchecked, -Xlint:varargs, -Xlint:static] to [-classpath, , --add-modules, ALL-MODULE-PATH, -proc:none, -g, -Xlint:cast, -Xlint:deprecation, -Xlint:empty, -Xlint:fallthrough, -Xlint:finally, -Xlint:path, -Xlint:unchecked, -Xlint:varargs, -Xlint:static], creating new compiler
Sep 28, 2025 4:56:06 PM org.javacs.JavaLanguageServer findReferences
INFO: compile component: 5.9985 document: file:///C:/Users/74993/Desktop/毕设/wll论文/java-language-server2/outputDir/LOC/h/LOC_3200.java
Sep 28, 2025 4:56:06 PM org.javacs.JavaLanguageServer findReferences
INFO: locate component: 89.1065 document: file:///C:/Users/74993/Desktop/毕设/wll论文/java-language-server2/outputDir/LOC/h/LOC_3200.java
Sep 28, 2025 4:56:06 PM org.javacs.JavaLanguageServer findReferences
INFO: traverse component: 0.0 document: file:///C:/Users/74993/Desktop/毕设/wll论文/java-language-server2/outputDir/LOC/h/LOC_3200.java
Sep 28, 2025 4:56:06 PM org.javacs.JavaLanguageServer findReferences
INFO: NOD: 5703 document: file:///C:/Users/74993/Desktop/毕设/wll论文/java-language-server2/outputDir/LOC/h/LOC_3200.java
Sep 28, 2025 4:56:06 PM org.javacs.JavaLanguageServer findReferences
INFO: DEF: 488 document: file:///C:/Users/74993/Desktop/毕设/wll论文/java-language-server2/outputDir/LOC/h/LOC_3200.java
Sep 28, 2025 4:56:06 PM org.javacs.JavaLanguageServer findReferences
INFO: OCC: 3325 document: file:///C:/Users/74993/Desktop/毕设/wll论文/java-language-server2/outputDir/LOC/h/LOC_3200.java
Sep 28, 2025 4:56:06 PM org.javacs.JavaLanguageServer findReferences
INFO: LOC: 3197 document: file:///C:/Users/74993/Desktop/毕设/wll论文/java-language-server2/outputDir/LOC/h/LOC_3200.java
Sep 28, 2025 4:56:06 PM org.javacs.ScanClassPath jdkTopLevelClasses
INFO: Searching for top-level classes in the JDK
Sep 28, 2025 4:56:07 PM org.javacs.ScanClassPath jdkTopLevelClasses
INFO: Found 15005 classes in the java platform
Sep 28, 2025 4:56:07 PM org.javacs.ScanClassPath classPathTopLevelClasses
INFO: Searching for top-level classes in 0 classpath locations
Sep 28, 2025 4:56:07 PM org.javacs.ScanClassPath classPathTopLevelClasses
INFO: Found 0 classes in classpath
Sep 28, 2025 4:56:07 PM org.javacs.ReusableCompiler getTask
WARNING: Options changed from [-classpath, , --add-modules, ALL-MODULE-PATH, -proc:none, -g, -Xlint:cast, -Xlint:deprecation, -Xlint:empty, -Xlint:fallthrough, -Xlint:finally, -Xlint:path, -Xlint:unchecked, -Xlint:varargs, -Xlint:static] to [-classpath, , --add-modules, ALL-MODULE-PATH, -proc:none, -g, -Xlint:cast, -Xlint:deprecation, -Xlint:empty, -Xlint:fallthrough, -Xlint:finally, -Xlint:path, -Xlint:unchecked, -Xlint:varargs, -Xlint:static], creating new compiler
Sep 28, 2025 4:56:07 PM org.javacs.JavaLanguageServer findReferences
INFO: compile component: 6.4268 document: file:///C:/Users/74993/Desktop/毕设/wll论文/java-language-server2/outputDir/LOC/h/LOC_3200.java
Sep 28, 2025 4:56:07 PM org.javacs.JavaLanguageServer findReferences
INFO: locate component: 87.3148 document: file:///C:/Users/74993/Desktop/毕设/wll论文/java-language-server2/outputDir/LOC/h/LOC_3200.java
Sep 28, 2025 4:56:07 PM org.javacs.JavaLanguageServer findReferences
INFO: traverse component: 0.0 document: file:///C:/Users/74993/Desktop/毕设/wll论文/java-language-server2/outputDir/LOC/h/LOC_3200.java
Sep 28, 2025 4:56:07 PM org.javacs.JavaLanguageServer findReferences
INFO: NOD: 5703 document: file:///C:/Users/74993/Desktop/毕设/wll论文/java-language-server2/outputDir/LOC/h/LOC_3200.java
Sep 28, 2025 4:56:07 PM org.javacs.JavaLanguageServer findReferences
INFO: DEF: 488 document: file:///C:/Users/74993/Desktop/毕设/wll论文/java-language-server2/outputDir/LOC/h/LOC_3200.java
Sep 28, 2025 4:56:07 PM org.javacs.JavaLanguageServer findReferences
INFO: OCC: 3325 document: file:///C:/Users/74993/Desktop/毕设/wll论文/java-language-server2/outputDir/LOC/h/LOC_3200.java
Sep 28, 2025 4:56:07 PM org.javacs.JavaLanguageServer findReferences
INFO: LOC: 3197 document: file:///C:/Users/74993/Desktop/毕设/wll论文/java-language-server2/outputDir/LOC/h/LOC_3200.java
Sep 28, 2025 4:56:07 PM org.javacs.ScanClassPath jdkTopLevelClasses
INFO: Searching for top-level classes in the JDK
Sep 28, 2025 4:56:07 PM org.javacs.ScanClassPath jdkTopLevelClasses
INFO: Found 15005 classes in the java platform
Sep 28, 2025 4:56:07 PM org.javacs.ScanClassPath classPathTopLevelClasses
INFO: Searching for top-level classes in 0 classpath locations
Sep 28, 2025 4:56:07 PM org.javacs.ScanClassPath classPathTopLevelClasses
INFO: Found 0 classes in classpath
Sep 28, 2025 4:56:07 PM org.javacs.ReusableCompiler getTask
WARNING: Options changed from [-classpath, , --add-modules, ALL-MODULE-PATH, -proc:none, -g, -Xlint:cast, -Xlint:deprecation, -Xlint:empty, -Xlint:fallthrough, -Xlint:finally, -Xlint:path, -Xlint:unchecked, -Xlint:varargs, -Xlint:static] to [-classpath, , --add-modules, ALL-MODULE-PATH, -proc:none, -g, -Xlint:cast, -Xlint:deprecation, -Xlint:empty, -Xlint:fallthrough, -Xlint:finally, -Xlint:path, -Xlint:unchecked, -Xlint:varargs, -Xlint:static], creating new compiler
Sep 28, 2025 4:56:07 PM org.javacs.JavaLanguageServer findReferences
INFO: compile component: 7.5028 document: file:///C:/Users/74993/Desktop/毕设/wll论文/java-language-server2/outputDir/LOC/h/LOC_3200.java
Sep 28, 2025 4:56:07 PM org.javacs.JavaLanguageServer findReferences
INFO: locate component: 93.789 document: file:///C:/Users/74993/Desktop/毕设/wll论文/java-language-server2/outputDir/LOC/h/LOC_3200.java
Sep 28, 2025 4:56:07 PM org.javacs.JavaLanguageServer findReferences
INFO: traverse component: 0.0 document: file:///C:/Users/74993/Desktop/毕设/wll论文/java-language-server2/outputDir/LOC/h/LOC_3200.java
Sep 28, 2025 4:56:07 PM org.javacs.JavaLanguageServer findReferences
INFO: NOD: 5703 document: file:///C:/Users/74993/Desktop/毕设/wll论文/java-language-server2/outputDir/LOC/h/LOC_3200.java
Sep 28, 2025 4:56:07 PM org.javacs.JavaLanguageServer findReferences
INFO: DEF: 488 document: file:///C:/Users/74993/Desktop/毕设/wll论文/java-language-server2/outputDir/LOC/h/LOC_3200.java
Sep 28, 2025 4:56:07 PM org.javacs.JavaLanguageServer findReferences
INFO: OCC: 3325 document: file:///C:/Users/74993/Desktop/毕设/wll论文/java-language-server2/outputDir/LOC/h/LOC_3200.java
Sep 28, 2025 4:56:07 PM org.javacs.JavaLanguageServer findReferences
INFO: LOC: 3197 document: file:///C:/Users/74993/Desktop/毕设/wll论文/java-language-server2/outputDir/LOC/h/LOC_3200.java
Sep 28, 2025 4:56:07 PM org.javacs.ScanClassPath jdkTopLevelClasses
INFO: Searching for top-level classes in the JDK
Sep 28, 2025 4:56:07 PM org.javacs.ScanClassPath jdkTopLevelClasses
INFO: Found 15005 classes in the java platform
Sep 28, 2025 4:56:07 PM org.javacs.ScanClassPath classPathTopLevelClasses
INFO: Searching for top-level classes in 0 classpath locations
Sep 28, 2025 4:56:07 PM org.javacs.ScanClassPath classPathTopLevelClasses
INFO: Found 0 classes in classpath
Sep 28, 2025 4:56:07 PM org.javacs.ReusableCompiler getTask
WARNING: Options changed from [-classpath, , --add-modules, ALL-MODULE-PATH, -proc:none, -g, -Xlint:cast, -Xlint:deprecation, -Xlint:empty, -Xlint:fallthrough, -Xlint:finally, -Xlint:path, -Xlint:unchecked, -Xlint:varargs, -Xlint:static] to [-classpath, , --add-modules, ALL-MODULE-PATH, -proc:none, -g, -Xlint:cast, -Xlint:deprecation, -Xlint:empty, -Xlint:fallthrough, -Xlint:finally, -Xlint:path, -Xlint:unchecked, -Xlint:varargs, -Xlint:static], creating new compiler
Sep 28, 2025 4:56:07 PM org.javacs.JavaLanguageServer findReferences
INFO: compile component: 6.4966 document: file:///C:/Users/74993/Desktop/毕设/wll论文/java-language-server2/outputDir/LOC/h/LOC_3200.java
Sep 28, 2025 4:56:07 PM org.javacs.JavaLanguageServer findReferences
INFO: locate component: 85.5635 document: file:///C:/Users/74993/Desktop/毕设/wll论文/java-language-server2/outputDir/LOC/h/LOC_3200.java
Sep 28, 2025 4:56:07 PM org.javacs.JavaLanguageServer findReferences
INFO: traverse component: 0.0 document: file:///C:/Users/74993/Desktop/毕设/wll论文/java-language-server2/outputDir/LOC/h/LOC_3200.java
Sep 28, 2025 4:56:07 PM org.javacs.JavaLanguageServer findReferences
INFO: NOD: 5703 document: file:///C:/Users/74993/Desktop/毕设/wll论文/java-language-server2/outputDir/LOC/h/LOC_3200.java
Sep 28, 2025 4:56:07 PM org.javacs.JavaLanguageServer findReferences
INFO: DEF: 488 document: file:///C:/Users/74993/Desktop/毕设/wll论文/java-language-server2/outputDir/LOC/h/LOC_3200.java
Sep 28, 2025 4:56:07 PM org.javacs.JavaLanguageServer findReferences
INFO: OCC: 3325 document: file:///C:/Users/74993/Desktop/毕设/wll论文/java-language-server2/outputDir/LOC/h/LOC_3200.java
Sep 28, 2025 4:56:07 PM org.javacs.JavaLanguageServer findReferences
INFO: LOC: 3197 document: file:///C:/Users/74993/Desktop/毕设/wll论文/java-language-server2/outputDir/LOC/h/LOC_3200.java
Sep 28, 2025 4:56:07 PM org.javacs.JavaLanguageServer didOpenTextDocument
INFO: #didOpenTextDocument# try call goto {"context":{"includeDeclaration":false},"textDocument":{"uri":"file:///C:/Users/74993/Desktop/%E6%AF%95%E8%AE%BE/wll%E8%AE%BA%E6%96%87/java-language-server2/outputDir/LOC/h/LOC_3200.java"},"position":{"line":61,"character":31}}
Sep 28, 2025 4:56:07 PM org.javacs.JavaCompilerService compileBatch
INFO: ...using cached compile
Sep 28, 2025 4:56:07 PM org.javacs.JavaLanguageServer gotoDefinition
INFO: gotoDefinition: 90.0201 document: file:///C:/Users/74993/Desktop/毕设/wll论文/java-language-server2/outputDir/LOC/h/LOC_3200.java
Sep 28, 2025 4:56:07 PM org.javacs.JavaCompilerService compileBatch
INFO: ...using cached compile
Sep 28, 2025 4:56:07 PM org.javacs.JavaLanguageServer gotoDefinition
INFO: gotoDefinition: 94.5373 document: file:///C:/Users/74993/Desktop/毕设/wll论文/java-language-server2/outputDir/LOC/h/LOC_3200.java
Sep 28, 2025 4:56:07 PM org.javacs.JavaCompilerService compileBatch
INFO: ...using cached compile
Sep 28, 2025 4:56:07 PM org.javacs.JavaLanguageServer gotoDefinition
INFO: gotoDefinition: 93.2099 document: file:///C:/Users/74993/Desktop/毕设/wll论文/java-language-server2/outputDir/LOC/h/LOC_3200.java
Sep 28, 2025 4:56:07 PM org.javacs.JavaCompilerService compileBatch
INFO: ...using cached compile
Sep 28, 2025 4:56:07 PM org.javacs.JavaLanguageServer gotoDefinition
INFO: gotoDefinition: 93.1267 document: file:///C:/Users/74993/Desktop/毕设/wll论文/java-language-server2/outputDir/LOC/h/LOC_3200.java
Sep 28, 2025 4:56:07 PM org.javacs.JavaCompilerService compileBatch
INFO: ...using cached compile
Sep 28, 2025 4:56:08 PM org.javacs.JavaLanguageServer gotoDefinition
INFO: gotoDefinition: 89.225 document: file:///C:/Users/74993/Desktop/毕设/wll论文/java-language-server2/outputDir/LOC/h/LOC_3200.java
Sep 28, 2025 4:56:08 PM org.javacs.JavaLanguageServer didOpenTextDocument
INFO: #didOpenTextDocument# try call rename {"context":{"includeDeclaration":false},"textDocument":{"uri":"file:///C:/Users/74993/Desktop/%E6%AF%95%E8%AE%BE/wll%E8%AE%BA%E6%96%87/java-language-server2/outputDir/LOC/h/LOC_3200.java"},"position":{"line":61,"character":31}}
Sep 28, 2025 4:56:08 PM org.javacs.JavaCompilerService compileBatch
INFO: ...using cached compile
Sep 28, 2025 4:56:08 PM org.javacs.JavaLanguageServer rename
INFO: rename: 85.2035 document: file:///C:/Users/74993/Desktop/毕设/wll论文/java-language-server2/outputDir/LOC/h/LOC_3200.java
Sep 28, 2025 4:56:08 PM org.javacs.JavaCompilerService compileBatch
INFO: ...using cached compile
Sep 28, 2025 4:56:08 PM org.javacs.JavaLanguageServer rename
INFO: rename: 84.9685 document: file:///C:/Users/74993/Desktop/毕设/wll论文/java-language-server2/outputDir/LOC/h/LOC_3200.java
Sep 28, 2025 4:56:08 PM org.javacs.JavaCompilerService compileBatch
INFO: ...using cached compile
Sep 28, 2025 4:56:08 PM org.javacs.JavaLanguageServer rename
INFO: rename: 80.7022 document: file:///C:/Users/74993/Desktop/毕设/wll论文/java-language-server2/outputDir/LOC/h/LOC_3200.java
Sep 28, 2025 4:56:08 PM org.javacs.JavaCompilerService compileBatch
INFO: ...using cached compile
Sep 28, 2025 4:56:08 PM org.javacs.JavaLanguageServer rename
INFO: rename: 80.8844 document: file:///C:/Users/74993/Desktop/毕设/wll论文/java-language-server2/outputDir/LOC/h/LOC_3200.java
Sep 28, 2025 4:56:08 PM org.javacs.JavaCompilerService compileBatch
INFO: ...using cached compile
Sep 28, 2025 4:56:08 PM org.javacs.JavaLanguageServer rename
INFO: rename: 80.9075 document: file:///C:/Users/74993/Desktop/毕设/wll论文/java-language-server2/outputDir/LOC/h/LOC_3200.java
Sep 28, 2025 4:56:08 PM org.javacs.JavaLanguageServer didOpenTextDocument
INFO: #didOpenTextDocument# try completion {"context":{"includeDeclaration":false},"textDocument":{"uri":"file:///C:/Users/74993/Desktop/%E6%AF%95%E8%AE%BE/wll%E8%AE%BA%E6%96%87/java-language-server2/outputDir/LOC/h/LOC_3200.java"},"position":{"line":61,"character":31}}
Sep 28, 2025 4:56:08 PM org.javacs.JavaLanguageServer completion
INFO: completion: 7.5582 document: file:///C:/Users/74993/Desktop/毕设/wll论文/java-language-server2/outputDir/LOC/h/LOC_3200.java
Sep 28, 2025 4:56:08 PM org.javacs.JavaLanguageServer completion
INFO: completion: 6.9997 document: file:///C:/Users/74993/Desktop/毕设/wll论文/java-language-server2/outputDir/LOC/h/LOC_3200.java
Sep 28, 2025 4:56:08 PM org.javacs.JavaLanguageServer completion
INFO: completion: 5.5152 document: file:///C:/Users/74993/Desktop/毕设/wll论文/java-language-server2/outputDir/LOC/h/LOC_3200.java
Sep 28, 2025 4:56:08 PM org.javacs.JavaLanguageServer completion
INFO: completion: 5.6583 document: file:///C:/Users/74993/Desktop/毕设/wll论文/java-language-server2/outputDir/LOC/h/LOC_3200.java
Sep 28, 2025 4:56:08 PM org.javacs.JavaLanguageServer completion
INFO: completion: 5.8539 document: file:///C:/Users/74993/Desktop/毕设/wll论文/java-language-server2/outputDir/LOC/h/LOC_3200.java
Sep 28, 2025 4:56:08 PM org.javacs.JavaLanguageServer didOpenTextDocument
INFO: #didOpenTextDocument# try call goto {"context":{"includeDeclaration":false},"textDocument":{"uri":"file:///C:/Users/74993/Desktop/%E6%AF%95%E8%AE%BE/wll%E8%AE%BA%E6%96%87/java-language-server2/outputDir/LOC/h/LOC_3200.java"},"position":{"line":3189,"character":32}}
Sep 28, 2025 4:56:08 PM org.javacs.JavaLanguageServer gotoDefinition
INFO: gotoDefinition: 105.1218 document: file:///C:/Users/74993/Desktop/毕设/wll论文/java-language-server2/outputDir/LOC/h/LOC_3200.java
Sep 28, 2025 4:56:08 PM org.javacs.JavaCompilerService compileBatch
INFO: ...using cached compile
Sep 28, 2025 4:56:08 PM org.javacs.JavaLanguageServer gotoDefinition
INFO: gotoDefinition: 85.6179 document: file:///C:/Users/74993/Desktop/毕设/wll论文/java-language-server2/outputDir/LOC/h/LOC_3200.java
Sep 28, 2025 4:56:08 PM org.javacs.JavaCompilerService compileBatch
INFO: ...using cached compile
Sep 28, 2025 4:56:08 PM org.javacs.JavaLanguageServer gotoDefinition
INFO: gotoDefinition: 83.1008 document: file:///C:/Users/74993/Desktop/毕设/wll论文/java-language-server2/outputDir/LOC/h/LOC_3200.java
Sep 28, 2025 4:56:08 PM org.javacs.JavaCompilerService compileBatch
INFO: ...using cached compile
Sep 28, 2025 4:56:08 PM org.javacs.JavaLanguageServer gotoDefinition
INFO: gotoDefinition: 84.6565 document: file:///C:/Users/74993/Desktop/毕设/wll论文/java-language-server2/outputDir/LOC/h/LOC_3200.java
Sep 28, 2025 4:56:08 PM org.javacs.JavaCompilerService compileBatch
INFO: ...using cached compile
Sep 28, 2025 4:56:08 PM org.javacs.JavaLanguageServer gotoDefinition
INFO: gotoDefinition: 79.6391 document: file:///C:/Users/74993/Desktop/毕设/wll论文/java-language-server2/outputDir/LOC/h/LOC_3200.java
Sep 28, 2025 4:56:08 PM org.javacs.JavaLanguageServer didOpenTextDocument
INFO: #didOpenTextDocument# try call rename {"context":{"includeDeclaration":false},"textDocument":{"uri":"file:///C:/Users/74993/Desktop/%E6%AF%95%E8%AE%BE/wll%E8%AE%BA%E6%96%87/java-language-server2/outputDir/LOC/h/LOC_3200.java"},"position":{"line":3189,"character":32}}
Sep 28, 2025 4:56:08 PM org.javacs.JavaCompilerService compileBatch
INFO: ...using cached compile
Sep 28, 2025 4:56:09 PM org.javacs.JavaLanguageServer rename
INFO: rename: 82.3037 document: file:///C:/Users/74993/Desktop/毕设/wll论文/java-language-server2/outputDir/LOC/h/LOC_3200.java
Sep 28, 2025 4:56:09 PM org.javacs.JavaCompilerService compileBatch
INFO: ...using cached compile
Sep 28, 2025 4:56:09 PM org.javacs.JavaLanguageServer rename
INFO: rename: 79.304 document: file:///C:/Users/74993/Desktop/毕设/wll论文/java-language-server2/outputDir/LOC/h/LOC_3200.java
Sep 28, 2025 4:56:09 PM org.javacs.JavaCompilerService compileBatch
INFO: ...using cached compile
Sep 28, 2025 4:56:09 PM org.javacs.JavaLanguageServer rename
INFO: rename: 80.301 document: file:///C:/Users/74993/Desktop/毕设/wll论文/java-language-server2/outputDir/LOC/h/LOC_3200.java
Sep 28, 2025 4:56:09 PM org.javacs.JavaCompilerService compileBatch
INFO: ...using cached compile
Sep 28, 2025 4:56:09 PM org.javacs.JavaLanguageServer rename
INFO: rename: 83.0158 document: file:///C:/Users/74993/Desktop/毕设/wll论文/java-language-server2/outputDir/LOC/h/LOC_3200.java
Sep 28, 2025 4:56:09 PM org.javacs.JavaCompilerService compileBatch
INFO: ...using cached compile
Sep 28, 2025 4:56:09 PM org.javacs.JavaLanguageServer rename
INFO: rename: 80.9353 document: file:///C:/Users/74993/Desktop/毕设/wll论文/java-language-server2/outputDir/LOC/h/LOC_3200.java
Sep 28, 2025 4:56:09 PM org.javacs.JavaLanguageServer didOpenTextDocument
INFO: #didOpenTextDocument# try completion {"context":{"includeDeclaration":false},"textDocument":{"uri":"file:///C:/Users/74993/Desktop/%E6%AF%95%E8%AE%BE/wll%E8%AE%BA%E6%96%87/java-language-server2/outputDir/LOC/h/LOC_3200.java"},"position":{"line":3189,"character":32}}
Sep 28, 2025 4:56:09 PM org.javacs.JavaLanguageServer completion
INFO: completion: 7.5126 document: file:///C:/Users/74993/Desktop/毕设/wll论文/java-language-server2/outputDir/LOC/h/LOC_3200.java
Sep 28, 2025 4:56:09 PM org.javacs.JavaLanguageServer completion
INFO: completion: 6.512 document: file:///C:/Users/74993/Desktop/毕设/wll论文/java-language-server2/outputDir/LOC/h/LOC_3200.java
Sep 28, 2025 4:56:09 PM org.javacs.JavaLanguageServer completion
INFO: completion: 7.009 document: file:///C:/Users/74993/Desktop/毕设/wll论文/java-language-server2/outputDir/LOC/h/LOC_3200.java
Sep 28, 2025 4:56:09 PM org.javacs.JavaLanguageServer completion
INFO: completion: 6.5096 document: file:///C:/Users/74993/Desktop/毕设/wll论文/java-language-server2/outputDir/LOC/h/LOC_3200.java
Sep 28, 2025 4:56:09 PM org.javacs.JavaLanguageServer completion
INFO: completion: 12.6802 document: file:///C:/Users/74993/Desktop/毕设/wll论文/java-language-server2/outputDir/LOC/h/LOC_3200.java
Sep 28, 2025 4:56:09 PM org.javacs.JavaLanguageServer didOpenTextDocument
INFO: #didOpenTextDocument# try call reference {"context":{"includeDeclaration":false},"textDocument":{"uri":"file:///C:/Users/74993/Desktop/%E6%AF%95%E8%AE%BE/wll%E8%AE%BA%E6%96%87/java-language-server2/outputDir/LOC/i/LOC_3600.java"},"position":{"line":61,"character":31}}
Sep 28, 2025 4:56:09 PM org.javacs.ScanClassPath jdkTopLevelClasses
INFO: Searching for top-level classes in the JDK
Sep 28, 2025 4:56:09 PM org.javacs.ScanClassPath jdkTopLevelClasses
INFO: Found 15005 classes in the java platform
Sep 28, 2025 4:56:09 PM org.javacs.ScanClassPath classPathTopLevelClasses
INFO: Searching for top-level classes in 0 classpath locations
Sep 28, 2025 4:56:09 PM org.javacs.ScanClassPath classPathTopLevelClasses
INFO: Found 0 classes in classpath
Sep 28, 2025 4:56:09 PM org.javacs.ReusableCompiler getTask
WARNING: Options changed from [-classpath, , --add-modules, ALL-MODULE-PATH, -proc:none, -g, -Xlint:cast, -Xlint:deprecation, -Xlint:empty, -Xlint:fallthrough, -Xlint:finally, -Xlint:path, -Xlint:unchecked, -Xlint:varargs, -Xlint:static] to [-classpath, , --add-modules, ALL-MODULE-PATH, -proc:none, -g, -Xlint:cast, -Xlint:deprecation, -Xlint:empty, -Xlint:fallthrough, -Xlint:finally, -Xlint:path, -Xlint:unchecked, -Xlint:varargs, -Xlint:static], creating new compiler
Sep 28, 2025 4:56:09 PM org.javacs.JavaLanguageServer findReferences
INFO: compile component: 14.798 document: file:///C:/Users/74993/Desktop/毕设/wll论文/java-language-server2/outputDir/LOC/i/LOC_3600.java
Sep 28, 2025 4:56:09 PM org.javacs.JavaLanguageServer findReferences
INFO: locate component: 95.971 document: file:///C:/Users/74993/Desktop/毕设/wll论文/java-language-server2/outputDir/LOC/i/LOC_3600.java
Sep 28, 2025 4:56:09 PM org.javacs.JavaLanguageServer findReferences
INFO: traverse component: 0.0 document: file:///C:/Users/74993/Desktop/毕设/wll论文/java-language-server2/outputDir/LOC/i/LOC_3600.java
Sep 28, 2025 4:56:09 PM org.javacs.JavaLanguageServer findReferences
INFO: NOD: 6910 document: file:///C:/Users/74993/Desktop/毕设/wll论文/java-language-server2/outputDir/LOC/i/LOC_3600.java
Sep 28, 2025 4:56:09 PM org.javacs.JavaLanguageServer findReferences
INFO: DEF: 572 document: file:///C:/Users/74993/Desktop/毕设/wll论文/java-language-server2/outputDir/LOC/i/LOC_3600.java
Sep 28, 2025 4:56:09 PM org.javacs.JavaLanguageServer findReferences
INFO: OCC: 4017 document: file:///C:/Users/74993/Desktop/毕设/wll论文/java-language-server2/outputDir/LOC/i/LOC_3600.java
Sep 28, 2025 4:56:09 PM org.javacs.JavaLanguageServer findReferences
INFO: LOC: 3597 document: file:///C:/Users/74993/Desktop/毕设/wll论文/java-language-server2/outputDir/LOC/i/LOC_3600.java
Sep 28, 2025 4:56:09 PM org.javacs.ScanClassPath jdkTopLevelClasses
INFO: Searching for top-level classes in the JDK
Sep 28, 2025 4:56:09 PM org.javacs.ScanClassPath jdkTopLevelClasses
INFO: Found 15005 classes in the java platform
Sep 28, 2025 4:56:09 PM org.javacs.ScanClassPath classPathTopLevelClasses
INFO: Searching for top-level classes in 0 classpath locations
Sep 28, 2025 4:56:09 PM org.javacs.ScanClassPath classPathTopLevelClasses
INFO: Found 0 classes in classpath
Sep 28, 2025 4:56:09 PM org.javacs.ReusableCompiler getTask
WARNING: Options changed from [-classpath, , --add-modules, ALL-MODULE-PATH, -proc:none, -g, -Xlint:cast, -Xlint:deprecation, -Xlint:empty, -Xlint:fallthrough, -Xlint:finally, -Xlint:path, -Xlint:unchecked, -Xlint:varargs, -Xlint:static] to [-classpath, , --add-modules, ALL-MODULE-PATH, -proc:none, -g, -Xlint:cast, -Xlint:deprecation, -Xlint:empty, -Xlint:fallthrough, -Xlint:finally, -Xlint:path, -Xlint:unchecked, -Xlint:varargs, -Xlint:static], creating new compiler
Sep 28, 2025 4:56:09 PM org.javacs.JavaLanguageServer findReferences
INFO: compile component: 6.9999 document: file:///C:/Users/74993/Desktop/毕设/wll论文/java-language-server2/outputDir/LOC/i/LOC_3600.java
Sep 28, 2025 4:56:09 PM org.javacs.JavaLanguageServer findReferences
INFO: locate component: 99.3863 document: file:///C:/Users/74993/Desktop/毕设/wll论文/java-language-server2/outputDir/LOC/i/LOC_3600.java
Sep 28, 2025 4:56:09 PM org.javacs.JavaLanguageServer findReferences
INFO: traverse component: 0.0 document: file:///C:/Users/74993/Desktop/毕设/wll论文/java-language-server2/outputDir/LOC/i/LOC_3600.java
Sep 28, 2025 4:56:09 PM org.javacs.JavaLanguageServer findReferences
INFO: NOD: 6910 document: file:///C:/Users/74993/Desktop/毕设/wll论文/java-language-server2/outputDir/LOC/i/LOC_3600.java
Sep 28, 2025 4:56:09 PM org.javacs.JavaLanguageServer findReferences
INFO: DEF: 572 document: file:///C:/Users/74993/Desktop/毕设/wll论文/java-language-server2/outputDir/LOC/i/LOC_3600.java
Sep 28, 2025 4:56:09 PM org.javacs.JavaLanguageServer findReferences
INFO: OCC: 4017 document: file:///C:/Users/74993/Desktop/毕设/wll论文/java-language-server2/outputDir/LOC/i/LOC_3600.java
Sep 28, 2025 4:56:09 PM org.javacs.JavaLanguageServer findReferences
INFO: LOC: 3597 document: file:///C:/Users/74993/Desktop/毕设/wll论文/java-language-server2/outputDir/LOC/i/LOC_3600.java
Sep 28, 2025 4:56:09 PM org.javacs.ScanClassPath jdkTopLevelClasses
INFO: Searching for top-level classes in the JDK
Sep 28, 2025 4:56:09 PM org.javacs.ScanClassPath jdkTopLevelClasses
INFO: Found 15005 classes in the java platform
Sep 28, 2025 4:56:09 PM org.javacs.ScanClassPath classPathTopLevelClasses
INFO: Searching for top-level classes in 0 classpath locations
Sep 28, 2025 4:56:09 PM org.javacs.ScanClassPath classPathTopLevelClasses
INFO: Found 0 classes in classpath
Sep 28, 2025 4:56:09 PM org.javacs.ReusableCompiler getTask
WARNING: Options changed from [-classpath, , --add-modules, ALL-MODULE-PATH, -proc:none, -g, -Xlint:cast, -Xlint:deprecation, -Xlint:empty, -Xlint:fallthrough, -Xlint:finally, -Xlint:path, -Xlint:unchecked, -Xlint:varargs, -Xlint:static] to [-classpath, , --add-modules, ALL-MODULE-PATH, -proc:none, -g, -Xlint:cast, -Xlint:deprecation, -Xlint:empty, -Xlint:fallthrough, -Xlint:finally, -Xlint:path, -Xlint:unchecked, -Xlint:varargs, -Xlint:static], creating new compiler
Sep 28, 2025 4:56:09 PM org.javacs.JavaLanguageServer findReferences
INFO: compile component: 7.1097 document: file:///C:/Users/74993/Desktop/毕设/wll论文/java-language-server2/outputDir/LOC/i/LOC_3600.java
Sep 28, 2025 4:56:10 PM org.javacs.JavaLanguageServer findReferences
INFO: locate component: 98.2111 document: file:///C:/Users/74993/Desktop/毕设/wll论文/java-language-server2/outputDir/LOC/i/LOC_3600.java
Sep 28, 2025 4:56:10 PM org.javacs.JavaLanguageServer findReferences
INFO: traverse component: 0.0 document: file:///C:/Users/74993/Desktop/毕设/wll论文/java-language-server2/outputDir/LOC/i/LOC_3600.java
Sep 28, 2025 4:56:10 PM org.javacs.JavaLanguageServer findReferences
INFO: NOD: 6910 document: file:///C:/Users/74993/Desktop/毕设/wll论文/java-language-server2/outputDir/LOC/i/LOC_3600.java
Sep 28, 2025 4:56:10 PM org.javacs.JavaLanguageServer findReferences
INFO: DEF: 572 document: file:///C:/Users/74993/Desktop/毕设/wll论文/java-language-server2/outputDir/LOC/i/LOC_3600.java
Sep 28, 2025 4:56:10 PM org.javacs.JavaLanguageServer findReferences
INFO: OCC: 4017 document: file:///C:/Users/74993/Desktop/毕设/wll论文/java-language-server2/outputDir/LOC/i/LOC_3600.java
Sep 28, 2025 4:56:10 PM org.javacs.JavaLanguageServer findReferences
INFO: LOC: 3597 document: file:///C:/Users/74993/Desktop/毕设/wll论文/java-language-server2/outputDir/LOC/i/LOC_3600.java
Sep 28, 2025 4:56:10 PM org.javacs.ScanClassPath jdkTopLevelClasses
INFO: Searching for top-level classes in the JDK
Sep 28, 2025 4:56:10 PM org.javacs.ScanClassPath jdkTopLevelClasses
INFO: Found 15005 classes in the java platform
Sep 28, 2025 4:56:10 PM org.javacs.ScanClassPath classPathTopLevelClasses
INFO: Searching for top-level classes in 0 classpath locations
Sep 28, 2025 4:56:10 PM org.javacs.ScanClassPath classPathTopLevelClasses
INFO: Found 0 classes in classpath
Sep 28, 2025 4:56:10 PM org.javacs.ReusableCompiler getTask
WARNING: Options changed from [-classpath, , --add-modules, ALL-MODULE-PATH, -proc:none, -g, -Xlint:cast, -Xlint:deprecation, -Xlint:empty, -Xlint:fallthrough, -Xlint:finally, -Xlint:path, -Xlint:unchecked, -Xlint:varargs, -Xlint:static] to [-classpath, , --add-modules, ALL-MODULE-PATH, -proc:none, -g, -Xlint:cast, -Xlint:deprecation, -Xlint:empty, -Xlint:fallthrough, -Xlint:finally, -Xlint:path, -Xlint:unchecked, -Xlint:varargs, -Xlint:static], creating new compiler
Sep 28, 2025 4:56:10 PM org.javacs.JavaLanguageServer findReferences
INFO: compile component: 7.5093 document: file:///C:/Users/74993/Desktop/毕设/wll论文/java-language-server2/outputDir/LOC/i/LOC_3600.java
Sep 28, 2025 4:56:10 PM org.javacs.JavaLanguageServer findReferences
INFO: locate component: 109.3959 document: file:///C:/Users/74993/Desktop/毕设/wll论文/java-language-server2/outputDir/LOC/i/LOC_3600.java
Sep 28, 2025 4:56:10 PM org.javacs.JavaLanguageServer findReferences
INFO: traverse component: 1.0007 document: file:///C:/Users/74993/Desktop/毕设/wll论文/java-language-server2/outputDir/LOC/i/LOC_3600.java
Sep 28, 2025 4:56:10 PM org.javacs.JavaLanguageServer findReferences
INFO: NOD: 6910 document: file:///C:/Users/74993/Desktop/毕设/wll论文/java-language-server2/outputDir/LOC/i/LOC_3600.java
Sep 28, 2025 4:56:10 PM org.javacs.JavaLanguageServer findReferences
INFO: DEF: 572 document: file:///C:/Users/74993/Desktop/毕设/wll论文/java-language-server2/outputDir/LOC/i/LOC_3600.java
Sep 28, 2025 4:56:10 PM org.javacs.JavaLanguageServer findReferences
INFO: OCC: 4017 document: file:///C:/Users/74993/Desktop/毕设/wll论文/java-language-server2/outputDir/LOC/i/LOC_3600.java
Sep 28, 2025 4:56:10 PM org.javacs.JavaLanguageServer findReferences
INFO: LOC: 3597 document: file:///C:/Users/74993/Desktop/毕设/wll论文/java-language-server2/outputDir/LOC/i/LOC_3600.java
Sep 28, 2025 4:56:10 PM org.javacs.ScanClassPath jdkTopLevelClasses
INFO: Searching for top-level classes in the JDK
Sep 28, 2025 4:56:10 PM org.javacs.ScanClassPath jdkTopLevelClasses
INFO: Found 15005 classes in the java platform
Sep 28, 2025 4:56:10 PM org.javacs.ScanClassPath classPathTopLevelClasses
INFO: Searching for top-level classes in 0 classpath locations
Sep 28, 2025 4:56:10 PM org.javacs.ScanClassPath classPathTopLevelClasses
INFO: Found 0 classes in classpath
Sep 28, 2025 4:56:10 PM org.javacs.ReusableCompiler getTask
WARNING: Options changed from [-classpath, , --add-modules, ALL-MODULE-PATH, -proc:none, -g, -Xlint:cast, -Xlint:deprecation, -Xlint:empty, -Xlint:fallthrough, -Xlint:finally, -Xlint:path, -Xlint:unchecked, -Xlint:varargs, -Xlint:static] to [-classpath, , --add-modules, ALL-MODULE-PATH, -proc:none, -g, -Xlint:cast, -Xlint:deprecation, -Xlint:empty, -Xlint:fallthrough, -Xlint:finally, -Xlint:path, -Xlint:unchecked, -Xlint:varargs, -Xlint:static], creating new compiler
Sep 28, 2025 4:56:10 PM org.javacs.JavaLanguageServer findReferences
INFO: compile component: 7.5137 document: file:///C:/Users/74993/Desktop/毕设/wll论文/java-language-server2/outputDir/LOC/i/LOC_3600.java
Sep 28, 2025 4:56:10 PM org.javacs.JavaLanguageServer findReferences
INFO: locate component: 101.0605 document: file:///C:/Users/74993/Desktop/毕设/wll论文/java-language-server2/outputDir/LOC/i/LOC_3600.java
Sep 28, 2025 4:56:10 PM org.javacs.JavaLanguageServer findReferences
INFO: traverse component: 0.0 document: file:///C:/Users/74993/Desktop/毕设/wll论文/java-language-server2/outputDir/LOC/i/LOC_3600.java
Sep 28, 2025 4:56:10 PM org.javacs.JavaLanguageServer findReferences
INFO: NOD: 6910 document: file:///C:/Users/74993/Desktop/毕设/wll论文/java-language-server2/outputDir/LOC/i/LOC_3600.java
Sep 28, 2025 4:56:10 PM org.javacs.JavaLanguageServer findReferences
INFO: DEF: 572 document: file:///C:/Users/74993/Desktop/毕设/wll论文/java-language-server2/outputDir/LOC/i/LOC_3600.java
Sep 28, 2025 4:56:10 PM org.javacs.JavaLanguageServer findReferences
INFO: OCC: 4017 document: file:///C:/Users/74993/Desktop/毕设/wll论文/java-language-server2/outputDir/LOC/i/LOC_3600.java
Sep 28, 2025 4:56:10 PM org.javacs.JavaLanguageServer findReferences
INFO: LOC: 3597 document: file:///C:/Users/74993/Desktop/毕设/wll论文/java-language-server2/outputDir/LOC/i/LOC_3600.java
Sep 28, 2025 4:56:10 PM org.javacs.JavaLanguageServer didOpenTextDocument
INFO: #didOpenTextDocument# try call goto {"context":{"includeDeclaration":false},"textDocument":{"uri":"file:///C:/Users/74993/Desktop/%E6%AF%95%E8%AE%BE/wll%E8%AE%BA%E6%96%87/java-language-server2/outputDir/LOC/i/LOC_3600.java"},"position":{"line":61,"character":31}}
Sep 28, 2025 4:56:10 PM org.javacs.JavaCompilerService compileBatch
INFO: ...using cached compile
Sep 28, 2025 4:56:10 PM org.javacs.JavaLanguageServer gotoDefinition
INFO: gotoDefinition: 105.7072 document: file:///C:/Users/74993/Desktop/毕设/wll论文/java-language-server2/outputDir/LOC/i/LOC_3600.java
Sep 28, 2025 4:56:10 PM org.javacs.JavaCompilerService compileBatch
INFO: ...using cached compile
Sep 28, 2025 4:56:10 PM org.javacs.JavaLanguageServer gotoDefinition
INFO: gotoDefinition: 106.7666 document: file:///C:/Users/74993/Desktop/毕设/wll论文/java-language-server2/outputDir/LOC/i/LOC_3600.java
Sep 28, 2025 4:56:10 PM org.javacs.JavaCompilerService compileBatch
INFO: ...using cached compile
Sep 28, 2025 4:56:10 PM org.javacs.JavaLanguageServer gotoDefinition
INFO: gotoDefinition: 102.6831 document: file:///C:/Users/74993/Desktop/毕设/wll论文/java-language-server2/outputDir/LOC/i/LOC_3600.java
Sep 28, 2025 4:56:10 PM org.javacs.JavaCompilerService compileBatch
INFO: ...using cached compile
Sep 28, 2025 4:56:10 PM org.javacs.JavaLanguageServer gotoDefinition
INFO: gotoDefinition: 102.9467 document: file:///C:/Users/74993/Desktop/毕设/wll论文/java-language-server2/outputDir/LOC/i/LOC_3600.java
Sep 28, 2025 4:56:10 PM org.javacs.JavaCompilerService compileBatch
INFO: ...using cached compile
Sep 28, 2025 4:56:11 PM org.javacs.JavaLanguageServer gotoDefinition
INFO: gotoDefinition: 109.4026 document: file:///C:/Users/74993/Desktop/毕设/wll论文/java-language-server2/outputDir/LOC/i/LOC_3600.java
Sep 28, 2025 4:56:11 PM org.javacs.JavaLanguageServer didOpenTextDocument
INFO: #didOpenTextDocument# try call rename {"context":{"includeDeclaration":false},"textDocument":{"uri":"file:///C:/Users/74993/Desktop/%E6%AF%95%E8%AE%BE/wll%E8%AE%BA%E6%96%87/java-language-server2/outputDir/LOC/i/LOC_3600.java"},"position":{"line":61,"character":31}}
Sep 28, 2025 4:56:11 PM org.javacs.JavaCompilerService compileBatch
INFO: ...using cached compile
Sep 28, 2025 4:56:11 PM org.javacs.JavaLanguageServer rename
INFO: rename: 96.756 document: file:///C:/Users/74993/Desktop/毕设/wll论文/java-language-server2/outputDir/LOC/i/LOC_3600.java
Sep 28, 2025 4:56:11 PM org.javacs.JavaCompilerService compileBatch
INFO: ...using cached compile
Sep 28, 2025 4:56:11 PM org.javacs.JavaLanguageServer rename
INFO: rename: 97.6608 document: file:///C:/Users/74993/Desktop/毕设/wll论文/java-language-server2/outputDir/LOC/i/LOC_3600.java
Sep 28, 2025 4:56:11 PM org.javacs.JavaCompilerService compileBatch
INFO: ...using cached compile
Sep 28, 2025 4:56:11 PM org.javacs.JavaLanguageServer rename
INFO: rename: 97.3739 document: file:///C:/Users/74993/Desktop/毕设/wll论文/java-language-server2/outputDir/LOC/i/LOC_3600.java
Sep 28, 2025 4:56:11 PM org.javacs.JavaCompilerService compileBatch
INFO: ...using cached compile
Sep 28, 2025 4:56:11 PM org.javacs.JavaLanguageServer rename
INFO: rename: 98.5202 document: file:///C:/Users/74993/Desktop/毕设/wll论文/java-language-server2/outputDir/LOC/i/LOC_3600.java
Sep 28, 2025 4:56:11 PM org.javacs.JavaCompilerService compileBatch
INFO: ...using cached compile
Sep 28, 2025 4:56:11 PM org.javacs.JavaLanguageServer rename
INFO: rename: 102.5512 document: file:///C:/Users/74993/Desktop/毕设/wll论文/java-language-server2/outputDir/LOC/i/LOC_3600.java
Sep 28, 2025 4:56:11 PM org.javacs.JavaLanguageServer didOpenTextDocument
INFO: #didOpenTextDocument# try completion {"context":{"includeDeclaration":false},"textDocument":{"uri":"file:///C:/Users/74993/Desktop/%E6%AF%95%E8%AE%BE/wll%E8%AE%BA%E6%96%87/java-language-server2/outputDir/LOC/i/LOC_3600.java"},"position":{"line":61,"character":31}}
Sep 28, 2025 4:56:11 PM org.javacs.JavaLanguageServer completion
INFO: completion: 8.5048 document: file:///C:/Users/74993/Desktop/毕设/wll论文/java-language-server2/outputDir/LOC/i/LOC_3600.java
Sep 28, 2025 4:56:11 PM org.javacs.JavaLanguageServer completion
INFO: completion: 7.21 document: file:///C:/Users/74993/Desktop/毕设/wll论文/java-language-server2/outputDir/LOC/i/LOC_3600.java
Sep 28, 2025 4:56:11 PM org.javacs.JavaLanguageServer completion
INFO: completion: 7.662 document: file:///C:/Users/74993/Desktop/毕设/wll论文/java-language-server2/outputDir/LOC/i/LOC_3600.java
Sep 28, 2025 4:56:11 PM org.javacs.JavaLanguageServer completion
INFO: completion: 6.5131 document: file:///C:/Users/74993/Desktop/毕设/wll论文/java-language-server2/outputDir/LOC/i/LOC_3600.java
Sep 28, 2025 4:56:11 PM org.javacs.JavaLanguageServer completion
INFO: completion: 6.0027 document: file:///C:/Users/74993/Desktop/毕设/wll论文/java-language-server2/outputDir/LOC/i/LOC_3600.java
Sep 28, 2025 4:56:11 PM org.javacs.JavaLanguageServer didOpenTextDocument
INFO: #didOpenTextDocument# try call goto {"context":{"includeDeclaration":false},"textDocument":{"uri":"file:///C:/Users/74993/Desktop/%E6%AF%95%E8%AE%BE/wll%E8%AE%BA%E6%96%87/java-language-server2/outputDir/LOC/i/LOC_3600.java"},"position":{"line":3579,"character":64}}
Sep 28, 2025 4:56:11 PM org.javacs.JavaLanguageServer gotoDefinition
INFO: gotoDefinition: 128.0423 document: file:///C:/Users/74993/Desktop/毕设/wll论文/java-language-server2/outputDir/LOC/i/LOC_3600.java
Sep 28, 2025 4:56:11 PM org.javacs.JavaCompilerService compileBatch
INFO: ...using cached compile
Sep 28, 2025 4:56:11 PM org.javacs.JavaLanguageServer gotoDefinition
INFO: gotoDefinition: 100.6475 document: file:///C:/Users/74993/Desktop/毕设/wll论文/java-language-server2/outputDir/LOC/i/LOC_3600.java
Sep 28, 2025 4:56:11 PM org.javacs.JavaCompilerService compileBatch
INFO: ...using cached compile
Sep 28, 2025 4:56:11 PM org.javacs.JavaLanguageServer gotoDefinition
INFO: gotoDefinition: 99.4765 document: file:///C:/Users/74993/Desktop/毕设/wll论文/java-language-server2/outputDir/LOC/i/LOC_3600.java
Sep 28, 2025 4:56:11 PM org.javacs.JavaCompilerService compileBatch
INFO: ...using cached compile
Sep 28, 2025 4:56:11 PM org.javacs.JavaLanguageServer gotoDefinition
INFO: gotoDefinition: 99.731 document: file:///C:/Users/74993/Desktop/毕设/wll论文/java-language-server2/outputDir/LOC/i/LOC_3600.java
Sep 28, 2025 4:56:11 PM org.javacs.JavaCompilerService compileBatch
INFO: ...using cached compile
Sep 28, 2025 4:56:12 PM org.javacs.JavaLanguageServer gotoDefinition
INFO: gotoDefinition: 98.3271 document: file:///C:/Users/74993/Desktop/毕设/wll论文/java-language-server2/outputDir/LOC/i/LOC_3600.java
Sep 28, 2025 4:56:12 PM org.javacs.JavaLanguageServer didOpenTextDocument
INFO: #didOpenTextDocument# try call rename {"context":{"includeDeclaration":false},"textDocument":{"uri":"file:///C:/Users/74993/Desktop/%E6%AF%95%E8%AE%BE/wll%E8%AE%BA%E6%96%87/java-language-server2/outputDir/LOC/i/LOC_3600.java"},"position":{"line":3579,"character":64}}
Sep 28, 2025 4:56:12 PM org.javacs.JavaCompilerService compileBatch
INFO: ...using cached compile
Sep 28, 2025 4:56:12 PM org.javacs.JavaLanguageServer rename
INFO: rename: 98.9372 document: file:///C:/Users/74993/Desktop/毕设/wll论文/java-language-server2/outputDir/LOC/i/LOC_3600.java
Sep 28, 2025 4:56:12 PM org.javacs.JavaCompilerService compileBatch
INFO: ...using cached compile
Sep 28, 2025 4:56:12 PM org.javacs.JavaLanguageServer rename
INFO: rename: 96.8829 document: file:///C:/Users/74993/Desktop/毕设/wll论文/java-language-server2/outputDir/LOC/i/LOC_3600.java
Sep 28, 2025 4:56:12 PM org.javacs.JavaCompilerService compileBatch
INFO: ...using cached compile
Sep 28, 2025 4:56:12 PM org.javacs.JavaLanguageServer rename
INFO: rename: 103.0203 document: file:///C:/Users/74993/Desktop/毕设/wll论文/java-language-server2/outputDir/LOC/i/LOC_3600.java
Sep 28, 2025 4:56:12 PM org.javacs.JavaCompilerService compileBatch
INFO: ...using cached compile
Sep 28, 2025 4:56:12 PM org.javacs.JavaLanguageServer rename
INFO: rename: 96.9028 document: file:///C:/Users/74993/Desktop/毕设/wll论文/java-language-server2/outputDir/LOC/i/LOC_3600.java
Sep 28, 2025 4:56:12 PM org.javacs.JavaCompilerService compileBatch
INFO: ...using cached compile
Sep 28, 2025 4:56:12 PM org.javacs.JavaLanguageServer rename
INFO: rename: 99.2377 document: file:///C:/Users/74993/Desktop/毕设/wll论文/java-language-server2/outputDir/LOC/i/LOC_3600.java
Sep 28, 2025 4:56:12 PM org.javacs.JavaLanguageServer didOpenTextDocument
INFO: #didOpenTextDocument# try completion {"context":{"includeDeclaration":false},"textDocument":{"uri":"file:///C:/Users/74993/Desktop/%E6%AF%95%E8%AE%BE/wll%E8%AE%BA%E6%96%87/java-language-server2/outputDir/LOC/i/LOC_3600.java"},"position":{"line":3579,"character":64}}
Sep 28, 2025 4:56:12 PM org.javacs.JavaLanguageServer completion
INFO: completion: 9.5141 document: file:///C:/Users/74993/Desktop/毕设/wll论文/java-language-server2/outputDir/LOC/i/LOC_3600.java
Sep 28, 2025 4:56:12 PM org.javacs.JavaLanguageServer completion
INFO: completion: 7.9998 document: file:///C:/Users/74993/Desktop/毕设/wll论文/java-language-server2/outputDir/LOC/i/LOC_3600.java
Sep 28, 2025 4:56:12 PM org.javacs.JavaLanguageServer completion
INFO: completion: 8.1437 document: file:///C:/Users/74993/Desktop/毕设/wll论文/java-language-server2/outputDir/LOC/i/LOC_3600.java
Sep 28, 2025 4:56:12 PM org.javacs.JavaLanguageServer completion
INFO: completion: 8.5148 document: file:///C:/Users/74993/Desktop/毕设/wll论文/java-language-server2/outputDir/LOC/i/LOC_3600.java
Sep 28, 2025 4:56:12 PM org.javacs.JavaLanguageServer completion
INFO: completion: 7.076 document: file:///C:/Users/74993/Desktop/毕设/wll论文/java-language-server2/outputDir/LOC/i/LOC_3600.java
Sep 28, 2025 4:56:12 PM org.javacs.JavaLanguageServer didOpenTextDocument
INFO: #didOpenTextDocument# try call reference {"context":{"includeDeclaration":false},"textDocument":{"uri":"file:///C:/Users/74993/Desktop/%E6%AF%95%E8%AE%BE/wll%E8%AE%BA%E6%96%87/java-language-server2/outputDir/LOC/j/LOC_4000.java"},"position":{"line":61,"character":31}}
Sep 28, 2025 4:56:12 PM org.javacs.ScanClassPath jdkTopLevelClasses
INFO: Searching for top-level classes in the JDK
Sep 28, 2025 4:56:12 PM org.javacs.ScanClassPath jdkTopLevelClasses
INFO: Found 15005 classes in the java platform
Sep 28, 2025 4:56:12 PM org.javacs.ScanClassPath classPathTopLevelClasses
INFO: Searching for top-level classes in 0 classpath locations
Sep 28, 2025 4:56:12 PM org.javacs.ScanClassPath classPathTopLevelClasses
INFO: Found 0 classes in classpath
Sep 28, 2025 4:56:12 PM org.javacs.ReusableCompiler getTask
WARNING: Options changed from [-classpath, , --add-modules, ALL-MODULE-PATH, -proc:none, -g, -Xlint:cast, -Xlint:deprecation, -Xlint:empty, -Xlint:fallthrough, -Xlint:finally, -Xlint:path, -Xlint:unchecked, -Xlint:varargs, -Xlint:static] to [-classpath, , --add-modules, ALL-MODULE-PATH, -proc:none, -g, -Xlint:cast, -Xlint:deprecation, -Xlint:empty, -Xlint:fallthrough, -Xlint:finally, -Xlint:path, -Xlint:unchecked, -Xlint:varargs, -Xlint:static], creating new compiler
Sep 28, 2025 4:56:12 PM org.javacs.JavaLanguageServer findReferences
INFO: compile component: 16.5692 document: file:///C:/Users/74993/Desktop/毕设/wll论文/java-language-server2/outputDir/LOC/j/LOC_4000.java
Sep 28, 2025 4:56:12 PM org.javacs.JavaLanguageServer findReferences
INFO: locate component: 107.3896 document: file:///C:/Users/74993/Desktop/毕设/wll论文/java-language-server2/outputDir/LOC/j/LOC_4000.java
Sep 28, 2025 4:56:12 PM org.javacs.JavaLanguageServer findReferences
INFO: traverse component: 0.9992 document: file:///C:/Users/74993/Desktop/毕设/wll论文/java-language-server2/outputDir/LOC/j/LOC_4000.java
Sep 28, 2025 4:56:12 PM org.javacs.JavaLanguageServer findReferences
INFO: NOD: 7599 document: file:///C:/Users/74993/Desktop/毕设/wll论文/java-language-server2/outputDir/LOC/j/LOC_4000.java
Sep 28, 2025 4:56:12 PM org.javacs.JavaLanguageServer findReferences
INFO: DEF: 646 document: file:///C:/Users/74993/Desktop/毕设/wll论文/java-language-server2/outputDir/LOC/j/LOC_4000.java
Sep 28, 2025 4:56:12 PM org.javacs.JavaLanguageServer findReferences
INFO: OCC: 4518 document: file:///C:/Users/74993/Desktop/毕设/wll论文/java-language-server2/outputDir/LOC/j/LOC_4000.java
Sep 28, 2025 4:56:12 PM org.javacs.JavaLanguageServer findReferences
INFO: LOC: 3995 document: file:///C:/Users/74993/Desktop/毕设/wll论文/java-language-server2/outputDir/LOC/j/LOC_4000.java
Sep 28, 2025 4:56:12 PM org.javacs.ScanClassPath jdkTopLevelClasses
INFO: Searching for top-level classes in the JDK
Sep 28, 2025 4:56:12 PM org.javacs.ScanClassPath jdkTopLevelClasses
INFO: Found 15005 classes in the java platform
Sep 28, 2025 4:56:12 PM org.javacs.ScanClassPath classPathTopLevelClasses
INFO: Searching for top-level classes in 0 classpath locations
Sep 28, 2025 4:56:12 PM org.javacs.ScanClassPath classPathTopLevelClasses
INFO: Found 0 classes in classpath
Sep 28, 2025 4:56:12 PM org.javacs.ReusableCompiler getTask
WARNING: Options changed from [-classpath, , --add-modules, ALL-MODULE-PATH, -proc:none, -g, -Xlint:cast, -Xlint:deprecation, -Xlint:empty, -Xlint:fallthrough, -Xlint:finally, -Xlint:path, -Xlint:unchecked, -Xlint:varargs, -Xlint:static] to [-classpath, , --add-modules, ALL-MODULE-PATH, -proc:none, -g, -Xlint:cast, -Xlint:deprecation, -Xlint:empty, -Xlint:fallthrough, -Xlint:finally, -Xlint:path, -Xlint:unchecked, -Xlint:varargs, -Xlint:static], creating new compiler
Sep 28, 2025 4:56:13 PM org.javacs.JavaLanguageServer findReferences
INFO: compile component: 6.9988 document: file:///C:/Users/74993/Desktop/毕设/wll论文/java-language-server2/outputDir/LOC/j/LOC_4000.java
Sep 28, 2025 4:56:13 PM org.javacs.JavaLanguageServer findReferences
INFO: locate component: 111.5542 document: file:///C:/Users/74993/Desktop/毕设/wll论文/java-language-server2/outputDir/LOC/j/LOC_4000.java
Sep 28, 2025 4:56:13 PM org.javacs.JavaLanguageServer findReferences
INFO: traverse component: 1.0013 document: file:///C:/Users/74993/Desktop/毕设/wll论文/java-language-server2/outputDir/LOC/j/LOC_4000.java
Sep 28, 2025 4:56:13 PM org.javacs.JavaLanguageServer findReferences
INFO: NOD: 7599 document: file:///C:/Users/74993/Desktop/毕设/wll论文/java-language-server2/outputDir/LOC/j/LOC_4000.java
Sep 28, 2025 4:56:13 PM org.javacs.JavaLanguageServer findReferences
INFO: DEF: 646 document: file:///C:/Users/74993/Desktop/毕设/wll论文/java-language-server2/outputDir/LOC/j/LOC_4000.java
Sep 28, 2025 4:56:13 PM org.javacs.JavaLanguageServer findReferences
INFO: OCC: 4518 document: file:///C:/Users/74993/Desktop/毕设/wll论文/java-language-server2/outputDir/LOC/j/LOC_4000.java
Sep 28, 2025 4:56:13 PM org.javacs.JavaLanguageServer findReferences
INFO: LOC: 3995 document: file:///C:/Users/74993/Desktop/毕设/wll论文/java-language-server2/outputDir/LOC/j/LOC_4000.java
Sep 28, 2025 4:56:13 PM org.javacs.ScanClassPath jdkTopLevelClasses
INFO: Searching for top-level classes in the JDK
Sep 28, 2025 4:56:13 PM org.javacs.ScanClassPath jdkTopLevelClasses
INFO: Found 15005 classes in the java platform
Sep 28, 2025 4:56:13 PM org.javacs.ScanClassPath classPathTopLevelClasses
INFO: Searching for top-level classes in 0 classpath locations
Sep 28, 2025 4:56:13 PM org.javacs.ScanClassPath classPathTopLevelClasses
INFO: Found 0 classes in classpath
Sep 28, 2025 4:56:13 PM org.javacs.ReusableCompiler getTask
WARNING: Options changed from [-classpath, , --add-modules, ALL-MODULE-PATH, -proc:none, -g, -Xlint:cast, -Xlint:deprecation, -Xlint:empty, -Xlint:fallthrough, -Xlint:finally, -Xlint:path, -Xlint:unchecked, -Xlint:varargs, -Xlint:static] to [-classpath, , --add-modules, ALL-MODULE-PATH, -proc:none, -g, -Xlint:cast, -Xlint:deprecation, -Xlint:empty, -Xlint:fallthrough, -Xlint:finally, -Xlint:path, -Xlint:unchecked, -Xlint:varargs, -Xlint:static], creating new compiler
Sep 28, 2025 4:56:13 PM org.javacs.JavaLanguageServer findReferences
INFO: compile component: 6.7366 document: file:///C:/Users/74993/Desktop/毕设/wll论文/java-language-server2/outputDir/LOC/j/LOC_4000.java
Sep 28, 2025 4:56:13 PM org.javacs.JavaLanguageServer findReferences
INFO: locate component: 106.3153 document: file:///C:/Users/74993/Desktop/毕设/wll论文/java-language-server2/outputDir/LOC/j/LOC_4000.java
Sep 28, 2025 4:56:13 PM org.javacs.JavaLanguageServer findReferences
INFO: traverse component: 0.0 document: file:///C:/Users/74993/Desktop/毕设/wll论文/java-language-server2/outputDir/LOC/j/LOC_4000.java
Sep 28, 2025 4:56:13 PM org.javacs.JavaLanguageServer findReferences
INFO: NOD: 7599 document: file:///C:/Users/74993/Desktop/毕设/wll论文/java-language-server2/outputDir/LOC/j/LOC_4000.java
Sep 28, 2025 4:56:13 PM org.javacs.JavaLanguageServer findReferences
INFO: DEF: 646 document: file:///C:/Users/74993/Desktop/毕设/wll论文/java-language-server2/outputDir/LOC/j/LOC_4000.java
Sep 28, 2025 4:56:13 PM org.javacs.JavaLanguageServer findReferences
INFO: OCC: 4518 document: file:///C:/Users/74993/Desktop/毕设/wll论文/java-language-server2/outputDir/LOC/j/LOC_4000.java
Sep 28, 2025 4:56:13 PM org.javacs.JavaLanguageServer findReferences
INFO: LOC: 3995 document: file:///C:/Users/74993/Desktop/毕设/wll论文/java-language-server2/outputDir/LOC/j/LOC_4000.java
Sep 28, 2025 4:56:13 PM org.javacs.ScanClassPath jdkTopLevelClasses
INFO: Searching for top-level classes in the JDK
Sep 28, 2025 4:56:13 PM org.javacs.ScanClassPath jdkTopLevelClasses
INFO: Found 15005 classes in the java platform
Sep 28, 2025 4:56:13 PM org.javacs.ScanClassPath classPathTopLevelClasses
INFO: Searching for top-level classes in 0 classpath locations
Sep 28, 2025 4:56:13 PM org.javacs.ScanClassPath classPathTopLevelClasses
INFO: Found 0 classes in classpath
Sep 28, 2025 4:56:13 PM org.javacs.ReusableCompiler getTask
WARNING: Options changed from [-classpath, , --add-modules, ALL-MODULE-PATH, -proc:none, -g, -Xlint:cast, -Xlint:deprecation, -Xlint:empty, -Xlint:fallthrough, -Xlint:finally, -Xlint:path, -Xlint:unchecked, -Xlint:varargs, -Xlint:static] to [-classpath, , --add-modules, ALL-MODULE-PATH, -proc:none, -g, -Xlint:cast, -Xlint:deprecation, -Xlint:empty, -Xlint:fallthrough, -Xlint:finally, -Xlint:path, -Xlint:unchecked, -Xlint:varargs, -Xlint:static], creating new compiler
Sep 28, 2025 4:56:13 PM org.javacs.JavaLanguageServer findReferences
INFO: compile component: 7.5223 document: file:///C:/Users/74993/Desktop/毕设/wll论文/java-language-server2/outputDir/LOC/j/LOC_4000.java
Sep 28, 2025 4:56:13 PM org.javacs.JavaLanguageServer findReferences
INFO: locate component: 119.9441 document: file:///C:/Users/74993/Desktop/毕设/wll论文/java-language-server2/outputDir/LOC/j/LOC_4000.java
Sep 28, 2025 4:56:13 PM org.javacs.JavaLanguageServer findReferences
INFO: traverse component: 0.0 document: file:///C:/Users/74993/Desktop/毕设/wll论文/java-language-server2/outputDir/LOC/j/LOC_4000.java
Sep 28, 2025 4:56:13 PM org.javacs.JavaLanguageServer findReferences
INFO: NOD: 7599 document: file:///C:/Users/74993/Desktop/毕设/wll论文/java-language-server2/outputDir/LOC/j/LOC_4000.java
Sep 28, 2025 4:56:13 PM org.javacs.JavaLanguageServer findReferences
INFO: DEF: 646 document: file:///C:/Users/74993/Desktop/毕设/wll论文/java-language-server2/outputDir/LOC/j/LOC_4000.java
Sep 28, 2025 4:56:13 PM org.javacs.JavaLanguageServer findReferences
INFO: OCC: 4518 document: file:///C:/Users/74993/Desktop/毕设/wll论文/java-language-server2/outputDir/LOC/j/LOC_4000.java
Sep 28, 2025 4:56:13 PM org.javacs.JavaLanguageServer findReferences
INFO: LOC: 3995 document: file:///C:/Users/74993/Desktop/毕设/wll论文/java-language-server2/outputDir/LOC/j/LOC_4000.java
Sep 28, 2025 4:56:13 PM org.javacs.ScanClassPath jdkTopLevelClasses
INFO: Searching for top-level classes in the JDK
Sep 28, 2025 4:56:13 PM org.javacs.ScanClassPath jdkTopLevelClasses
INFO: Found 15005 classes in the java platform
Sep 28, 2025 4:56:13 PM org.javacs.ScanClassPath classPathTopLevelClasses
INFO: Searching for top-level classes in 0 classpath locations
Sep 28, 2025 4:56:13 PM org.javacs.ScanClassPath classPathTopLevelClasses
INFO: Found 0 classes in classpath
Sep 28, 2025 4:56:13 PM org.javacs.ReusableCompiler getTask
WARNING: Options changed from [-classpath, , --add-modules, ALL-MODULE-PATH, -proc:none, -g, -Xlint:cast, -Xlint:deprecation, -Xlint:empty, -Xlint:fallthrough, -Xlint:finally, -Xlint:path, -Xlint:unchecked, -Xlint:varargs, -Xlint:static] to [-classpath, , --add-modules, ALL-MODULE-PATH, -proc:none, -g, -Xlint:cast, -Xlint:deprecation, -Xlint:empty, -Xlint:fallthrough, -Xlint:finally, -Xlint:path, -Xlint:unchecked, -Xlint:varargs, -Xlint:static], creating new compiler
Sep 28, 2025 4:56:13 PM org.javacs.JavaLanguageServer findReferences
INFO: compile component: 8.5126 document: file:///C:/Users/74993/Desktop/毕设/wll论文/java-language-server2/outputDir/LOC/j/LOC_4000.java
Sep 28, 2025 4:56:13 PM org.javacs.JavaLanguageServer findReferences
INFO: locate component: 127.2191 document: file:///C:/Users/74993/Desktop/毕设/wll论文/java-language-server2/outputDir/LOC/j/LOC_4000.java
Sep 28, 2025 4:56:13 PM org.javacs.JavaLanguageServer findReferences
INFO: traverse component: 0.0 document: file:///C:/Users/74993/Desktop/毕设/wll论文/java-language-server2/outputDir/LOC/j/LOC_4000.java
Sep 28, 2025 4:56:13 PM org.javacs.JavaLanguageServer findReferences
INFO: NOD: 7599 document: file:///C:/Users/74993/Desktop/毕设/wll论文/java-language-server2/outputDir/LOC/j/LOC_4000.java
Sep 28, 2025 4:56:13 PM org.javacs.JavaLanguageServer findReferences
INFO: DEF: 646 document: file:///C:/Users/74993/Desktop/毕设/wll论文/java-language-server2/outputDir/LOC/j/LOC_4000.java
Sep 28, 2025 4:56:13 PM org.javacs.JavaLanguageServer findReferences
INFO: OCC: 4518 document: file:///C:/Users/74993/Desktop/毕设/wll论文/java-language-server2/outputDir/LOC/j/LOC_4000.java
Sep 28, 2025 4:56:13 PM org.javacs.JavaLanguageServer findReferences
INFO: LOC: 3995 document: file:///C:/Users/74993/Desktop/毕设/wll论文/java-language-server2/outputDir/LOC/j/LOC_4000.java
Sep 28, 2025 4:56:13 PM org.javacs.JavaLanguageServer didOpenTextDocument
INFO: #didOpenTextDocument# try call goto {"context":{"includeDeclaration":false},"textDocument":{"uri":"file:///C:/Users/74993/Desktop/%E6%AF%95%E8%AE%BE/wll%E8%AE%BA%E6%96%87/java-language-server2/outputDir/LOC/j/LOC_4000.java"},"position":{"line":61,"character":31}}
Sep 28, 2025 4:56:13 PM org.javacs.JavaCompilerService compileBatch
INFO: ...using cached compile
Sep 28, 2025 4:56:13 PM org.javacs.JavaLanguageServer gotoDefinition
INFO: gotoDefinition: 107.2614 document: file:///C:/Users/74993/Desktop/毕设/wll论文/java-language-server2/outputDir/LOC/j/LOC_4000.java
Sep 28, 2025 4:56:13 PM org.javacs.JavaCompilerService compileBatch
INFO: ...using cached compile
Sep 28, 2025 4:56:14 PM org.javacs.JavaLanguageServer gotoDefinition
INFO: gotoDefinition: 112.7693 document: file:///C:/Users/74993/Desktop/毕设/wll论文/java-language-server2/outputDir/LOC/j/LOC_4000.java
Sep 28, 2025 4:56:14 PM org.javacs.JavaCompilerService compileBatch
INFO: ...using cached compile
Sep 28, 2025 4:56:14 PM org.javacs.JavaLanguageServer gotoDefinition
INFO: gotoDefinition: 112.2114 document: file:///C:/Users/74993/Desktop/毕设/wll论文/java-language-server2/outputDir/LOC/j/LOC_4000.java
Sep 28, 2025 4:56:14 PM org.javacs.JavaCompilerService compileBatch
INFO: ...using cached compile
Sep 28, 2025 4:56:14 PM org.javacs.JavaLanguageServer gotoDefinition
INFO: gotoDefinition: 113.3104 document: file:///C:/Users/74993/Desktop/毕设/wll论文/java-language-server2/outputDir/LOC/j/LOC_4000.java
Sep 28, 2025 4:56:14 PM org.javacs.JavaCompilerService compileBatch
INFO: ...using cached compile
Sep 28, 2025 4:56:14 PM org.javacs.JavaLanguageServer gotoDefinition
INFO: gotoDefinition: 112.0905 document: file:///C:/Users/74993/Desktop/毕设/wll论文/java-language-server2/outputDir/LOC/j/LOC_4000.java
Sep 28, 2025 4:56:14 PM org.javacs.JavaLanguageServer didOpenTextDocument
INFO: #didOpenTextDocument# try call rename {"context":{"includeDeclaration":false},"textDocument":{"uri":"file:///C:/Users/74993/Desktop/%E6%AF%95%E8%AE%BE/wll%E8%AE%BA%E6%96%87/java-language-server2/outputDir/LOC/j/LOC_4000.java"},"position":{"line":61,"character":31}}
Sep 28, 2025 4:56:14 PM org.javacs.JavaCompilerService compileBatch
INFO: ...using cached compile
Sep 28, 2025 4:56:14 PM org.javacs.JavaLanguageServer rename
INFO: rename: 109.1474 document: file:///C:/Users/74993/Desktop/毕设/wll论文/java-language-server2/outputDir/LOC/j/LOC_4000.java
Sep 28, 2025 4:56:14 PM org.javacs.JavaCompilerService compileBatch
INFO: ...using cached compile
Sep 28, 2025 4:56:14 PM org.javacs.JavaLanguageServer rename
INFO: rename: 120.1873 document: file:///C:/Users/74993/Desktop/毕设/wll论文/java-language-server2/outputDir/LOC/j/LOC_4000.java
Sep 28, 2025 4:56:14 PM org.javacs.JavaCompilerService compileBatch
INFO: ...using cached compile
Sep 28, 2025 4:56:14 PM org.javacs.JavaLanguageServer rename
INFO: rename: 122.1642 document: file:///C:/Users/74993/Desktop/毕设/wll论文/java-language-server2/outputDir/LOC/j/LOC_4000.java
Sep 28, 2025 4:56:14 PM org.javacs.JavaCompilerService compileBatch
INFO: ...using cached compile
Sep 28, 2025 4:56:14 PM org.javacs.JavaLanguageServer rename
INFO: rename: 116.7418 document: file:///C:/Users/74993/Desktop/毕设/wll论文/java-language-server2/outputDir/LOC/j/LOC_4000.java
Sep 28, 2025 4:56:14 PM org.javacs.JavaCompilerService compileBatch
INFO: ...using cached compile
Sep 28, 2025 4:56:15 PM org.javacs.JavaLanguageServer rename
INFO: rename: 111.8237 document: file:///C:/Users/74993/Desktop/毕设/wll论文/java-language-server2/outputDir/LOC/j/LOC_4000.java
Sep 28, 2025 4:56:15 PM org.javacs.JavaLanguageServer didOpenTextDocument
INFO: #didOpenTextDocument# try completion {"context":{"includeDeclaration":false},"textDocument":{"uri":"file:///C:/Users/74993/Desktop/%E6%AF%95%E8%AE%BE/wll%E8%AE%BA%E6%96%87/java-language-server2/outputDir/LOC/j/LOC_4000.java"},"position":{"line":61,"character":31}}
Sep 28, 2025 4:56:15 PM org.javacs.JavaLanguageServer completion
INFO: completion: 9.1692 document: file:///C:/Users/74993/Desktop/毕设/wll论文/java-language-server2/outputDir/LOC/j/LOC_4000.java
Sep 28, 2025 4:56:15 PM org.javacs.JavaLanguageServer completion
INFO: completion: 8.042 document: file:///C:/Users/74993/Desktop/毕设/wll论文/java-language-server2/outputDir/LOC/j/LOC_4000.java
Sep 28, 2025 4:56:15 PM org.javacs.JavaLanguageServer completion
INFO: completion: 8.9985 document: file:///C:/Users/74993/Desktop/毕设/wll论文/java-language-server2/outputDir/LOC/j/LOC_4000.java
Sep 28, 2025 4:56:15 PM org.javacs.JavaLanguageServer completion
INFO: completion: 8.5255 document: file:///C:/Users/74993/Desktop/毕设/wll论文/java-language-server2/outputDir/LOC/j/LOC_4000.java
Sep 28, 2025 4:56:15 PM org.javacs.JavaLanguageServer completion
INFO: completion: 7.5277 document: file:///C:/Users/74993/Desktop/毕设/wll论文/java-language-server2/outputDir/LOC/j/LOC_4000.java
Sep 28, 2025 4:56:15 PM org.javacs.JavaLanguageServer didOpenTextDocument
INFO: #didOpenTextDocument# try call goto {"context":{"includeDeclaration":false},"textDocument":{"uri":"file:///C:/Users/74993/Desktop/%E6%AF%95%E8%AE%BE/wll%E8%AE%BA%E6%96%87/java-language-server2/outputDir/LOC/j/LOC_4000.java"},"position":{"line":3993,"character":63}}
Sep 28, 2025 4:56:15 PM org.javacs.JavaLanguageServer gotoDefinition
INFO: gotoDefinition: 147.6241 document: file:///C:/Users/74993/Desktop/毕设/wll论文/java-language-server2/outputDir/LOC/j/LOC_4000.java
Sep 28, 2025 4:56:15 PM org.javacs.JavaCompilerService compileBatch
INFO: ...using cached compile
Sep 28, 2025 4:56:15 PM org.javacs.JavaLanguageServer gotoDefinition
INFO: gotoDefinition: 119.807 document: file:///C:/Users/74993/Desktop/毕设/wll论文/java-language-server2/outputDir/LOC/j/LOC_4000.java
Sep 28, 2025 4:56:15 PM org.javacs.JavaCompilerService compileBatch
INFO: ...using cached compile
Sep 28, 2025 4:56:15 PM org.javacs.JavaLanguageServer gotoDefinition
INFO: gotoDefinition: 119.3482 document: file:///C:/Users/74993/Desktop/毕设/wll论文/java-language-server2/outputDir/LOC/j/LOC_4000.java
Sep 28, 2025 4:56:15 PM org.javacs.JavaCompilerService compileBatch
INFO: ...using cached compile
Sep 28, 2025 4:56:15 PM org.javacs.JavaLanguageServer gotoDefinition
INFO: gotoDefinition: 122.8227 document: file:///C:/Users/74993/Desktop/毕设/wll论文/java-language-server2/outputDir/LOC/j/LOC_4000.java
Sep 28, 2025 4:56:15 PM org.javacs.JavaCompilerService compileBatch
INFO: ...using cached compile
Sep 28, 2025 4:56:15 PM org.javacs.JavaLanguageServer gotoDefinition
INFO: gotoDefinition: 120.7116 document: file:///C:/Users/74993/Desktop/毕设/wll论文/java-language-server2/outputDir/LOC/j/LOC_4000.java
Sep 28, 2025 4:56:15 PM org.javacs.JavaLanguageServer didOpenTextDocument
INFO: #didOpenTextDocument# try call rename {"context":{"includeDeclaration":false},"textDocument":{"uri":"file:///C:/Users/74993/Desktop/%E6%AF%95%E8%AE%BE/wll%E8%AE%BA%E6%96%87/java-language-server2/outputDir/LOC/j/LOC_4000.java"},"position":{"line":3993,"character":63}}
Sep 28, 2025 4:56:15 PM org.javacs.JavaCompilerService compileBatch
INFO: ...using cached compile
Sep 28, 2025 4:56:15 PM org.javacs.JavaLanguageServer rename
INFO: rename: 123.5182 document: file:///C:/Users/74993/Desktop/毕设/wll论文/java-language-server2/outputDir/LOC/j/LOC_4000.java
Sep 28, 2025 4:56:15 PM org.javacs.JavaCompilerService compileBatch
INFO: ...using cached compile
Sep 28, 2025 4:56:15 PM org.javacs.JavaLanguageServer rename
INFO: rename: 111.7774 document: file:///C:/Users/74993/Desktop/毕设/wll论文/java-language-server2/outputDir/LOC/j/LOC_4000.java
Sep 28, 2025 4:56:15 PM org.javacs.JavaCompilerService compileBatch
INFO: ...using cached compile
Sep 28, 2025 4:56:16 PM org.javacs.JavaLanguageServer rename
INFO: rename: 108.8195 document: file:///C:/Users/74993/Desktop/毕设/wll论文/java-language-server2/outputDir/LOC/j/LOC_4000.java
Sep 28, 2025 4:56:16 PM org.javacs.JavaCompilerService compileBatch
INFO: ...using cached compile
Sep 28, 2025 4:56:16 PM org.javacs.JavaLanguageServer rename
INFO: rename: 109.6839 document: file:///C:/Users/74993/Desktop/毕设/wll论文/java-language-server2/outputDir/LOC/j/LOC_4000.java
Sep 28, 2025 4:56:16 PM org.javacs.JavaCompilerService compileBatch
INFO: ...using cached compile
Sep 28, 2025 4:56:16 PM org.javacs.JavaLanguageServer rename
INFO: rename: 115.2706 document: file:///C:/Users/74993/Desktop/毕设/wll论文/java-language-server2/outputDir/LOC/j/LOC_4000.java
Sep 28, 2025 4:56:16 PM org.javacs.JavaLanguageServer didOpenTextDocument
INFO: #didOpenTextDocument# try completion {"context":{"includeDeclaration":false},"textDocument":{"uri":"file:///C:/Users/74993/Desktop/%E6%AF%95%E8%AE%BE/wll%E8%AE%BA%E6%96%87/java-language-server2/outputDir/LOC/j/LOC_4000.java"},"position":{"line":3993,"character":63}}
Sep 28, 2025 4:56:16 PM org.javacs.JavaLanguageServer completion
INFO: completion: 6.9982 document: file:///C:/Users/74993/Desktop/毕设/wll论文/java-language-server2/outputDir/LOC/j/LOC_4000.java
Sep 28, 2025 4:56:16 PM org.javacs.JavaLanguageServer completion
INFO: completion: 8.5175 document: file:///C:/Users/74993/Desktop/毕设/wll论文/java-language-server2/outputDir/LOC/j/LOC_4000.java
Sep 28, 2025 4:56:16 PM org.javacs.JavaLanguageServer completion
INFO: completion: 7.3842 document: file:///C:/Users/74993/Desktop/毕设/wll论文/java-language-server2/outputDir/LOC/j/LOC_4000.java
Sep 28, 2025 4:56:16 PM org.javacs.JavaLanguageServer completion
INFO: completion: 7.5195 document: file:///C:/Users/74993/Desktop/毕设/wll论文/java-language-server2/outputDir/LOC/j/LOC_4000.java
Sep 28, 2025 4:56:16 PM org.javacs.JavaLanguageServer completion
INFO: completion: 7.4487 document: file:///C:/Users/74993/Desktop/毕设/wll论文/java-language-server2/outputDir/LOC/j/LOC_4000.java
Sep 28, 2025 4:56:16 PM org.javacs.JavaLanguageServer didOpenTextDocument
INFO: #didOpenTextDocument# try call reference {"context":{"includeDeclaration":false},"textDocument":{"uri":"file:///C:/Users/74993/Desktop/%E6%AF%95%E8%AE%BE/wll%E8%AE%BA%E6%96%87/java-language-server2/outputDir/LOC/k/LOC_4400.java"},"position":{"line":61,"character":31}}
Sep 28, 2025 4:56:16 PM org.javacs.ScanClassPath jdkTopLevelClasses
INFO: Searching for top-level classes in the JDK
Sep 28, 2025 4:56:16 PM org.javacs.ScanClassPath jdkTopLevelClasses
INFO: Found 15005 classes in the java platform
Sep 28, 2025 4:56:16 PM org.javacs.ScanClassPath classPathTopLevelClasses
INFO: Searching for top-level classes in 0 classpath locations
Sep 28, 2025 4:56:16 PM org.javacs.ScanClassPath classPathTopLevelClasses
INFO: Found 0 classes in classpath
Sep 28, 2025 4:56:16 PM org.javacs.ReusableCompiler getTask
WARNING: Options changed from [-classpath, , --add-modules, ALL-MODULE-PATH, -proc:none, -g, -Xlint:cast, -Xlint:deprecation, -Xlint:empty, -Xlint:fallthrough, -Xlint:finally, -Xlint:path, -Xlint:unchecked, -Xlint:varargs, -Xlint:static] to [-classpath, , --add-modules, ALL-MODULE-PATH, -proc:none, -g, -Xlint:cast, -Xlint:deprecation, -Xlint:empty, -Xlint:fallthrough, -Xlint:finally, -Xlint:path, -Xlint:unchecked, -Xlint:varargs, -Xlint:static], creating new compiler
Sep 28, 2025 4:56:16 PM org.javacs.JavaLanguageServer findReferences
INFO: compile component: 15.5202 document: file:///C:/Users/74993/Desktop/毕设/wll论文/java-language-server2/outputDir/LOC/k/LOC_4400.java
Sep 28, 2025 4:56:16 PM org.javacs.JavaLanguageServer findReferences
INFO: locate component: 127.6831 document: file:///C:/Users/74993/Desktop/毕设/wll论文/java-language-server2/outputDir/LOC/k/LOC_4400.java
Sep 28, 2025 4:56:16 PM org.javacs.JavaLanguageServer findReferences
INFO: traverse component: 0.0 document: file:///C:/Users/74993/Desktop/毕设/wll论文/java-language-server2/outputDir/LOC/k/LOC_4400.java
Sep 28, 2025 4:56:16 PM org.javacs.JavaLanguageServer findReferences
INFO: NOD: 8941 document: file:///C:/Users/74993/Desktop/毕设/wll论文/java-language-server2/outputDir/LOC/k/LOC_4400.java
Sep 28, 2025 4:56:16 PM org.javacs.JavaLanguageServer findReferences
INFO: DEF: 753 document: file:///C:/Users/74993/Desktop/毕设/wll论文/java-language-server2/outputDir/LOC/k/LOC_4400.java
Sep 28, 2025 4:56:16 PM org.javacs.JavaLanguageServer findReferences
INFO: OCC: 5255 document: file:///C:/Users/74993/Desktop/毕设/wll论文/java-language-server2/outputDir/LOC/k/LOC_4400.java
Sep 28, 2025 4:56:16 PM org.javacs.JavaLanguageServer findReferences
INFO: LOC: 4364 document: file:///C:/Users/74993/Desktop/毕设/wll论文/java-language-server2/outputDir/LOC/k/LOC_4400.java
Sep 28, 2025 4:56:16 PM org.javacs.ScanClassPath jdkTopLevelClasses
INFO: Searching for top-level classes in the JDK
Sep 28, 2025 4:56:16 PM org.javacs.ScanClassPath jdkTopLevelClasses
INFO: Found 15005 classes in the java platform
Sep 28, 2025 4:56:16 PM org.javacs.ScanClassPath classPathTopLevelClasses
INFO: Searching for top-level classes in 0 classpath locations
Sep 28, 2025 4:56:16 PM org.javacs.ScanClassPath classPathTopLevelClasses
INFO: Found 0 classes in classpath
Sep 28, 2025 4:56:16 PM org.javacs.ReusableCompiler getTask
WARNING: Options changed from [-classpath, , --add-modules, ALL-MODULE-PATH, -proc:none, -g, -Xlint:cast, -Xlint:deprecation, -Xlint:empty, -Xlint:fallthrough, -Xlint:finally, -Xlint:path, -Xlint:unchecked, -Xlint:varargs, -Xlint:static] to [-classpath, , --add-modules, ALL-MODULE-PATH, -proc:none, -g, -Xlint:cast, -Xlint:deprecation, -Xlint:empty, -Xlint:fallthrough, -Xlint:finally, -Xlint:path, -Xlint:unchecked, -Xlint:varargs, -Xlint:static], creating new compiler
Sep 28, 2025 4:56:16 PM org.javacs.JavaLanguageServer findReferences
INFO: compile component: 7.5203 document: file:///C:/Users/74993/Desktop/毕设/wll论文/java-language-server2/outputDir/LOC/k/LOC_4400.java
Sep 28, 2025 4:56:16 PM org.javacs.JavaLanguageServer findReferences
INFO: locate component: 141.7497 document: file:///C:/Users/74993/Desktop/毕设/wll论文/java-language-server2/outputDir/LOC/k/LOC_4400.java
Sep 28, 2025 4:56:16 PM org.javacs.JavaLanguageServer findReferences
INFO: traverse component: 0.0 document: file:///C:/Users/74993/Desktop/毕设/wll论文/java-language-server2/outputDir/LOC/k/LOC_4400.java
Sep 28, 2025 4:56:16 PM org.javacs.JavaLanguageServer findReferences
INFO: NOD: 8941 document: file:///C:/Users/74993/Desktop/毕设/wll论文/java-language-server2/outputDir/LOC/k/LOC_4400.java
Sep 28, 2025 4:56:16 PM org.javacs.JavaLanguageServer findReferences
INFO: DEF: 753 document: file:///C:/Users/74993/Desktop/毕设/wll论文/java-language-server2/outputDir/LOC/k/LOC_4400.java
Sep 28, 2025 4:56:16 PM org.javacs.JavaLanguageServer findReferences
INFO: OCC: 5255 document: file:///C:/Users/74993/Desktop/毕设/wll论文/java-language-server2/outputDir/LOC/k/LOC_4400.java
Sep 28, 2025 4:56:16 PM org.javacs.JavaLanguageServer findReferences
INFO: LOC: 4364 document: file:///C:/Users/74993/Desktop/毕设/wll论文/java-language-server2/outputDir/LOC/k/LOC_4400.java
Sep 28, 2025 4:56:16 PM org.javacs.ScanClassPath jdkTopLevelClasses
INFO: Searching for top-level classes in the JDK
Sep 28, 2025 4:56:16 PM org.javacs.ScanClassPath jdkTopLevelClasses
INFO: Found 15005 classes in the java platform
Sep 28, 2025 4:56:16 PM org.javacs.ScanClassPath classPathTopLevelClasses
INFO: Searching for top-level classes in 0 classpath locations
Sep 28, 2025 4:56:16 PM org.javacs.ScanClassPath classPathTopLevelClasses
INFO: Found 0 classes in classpath
Sep 28, 2025 4:56:16 PM org.javacs.ReusableCompiler getTask
WARNING: Options changed from [-classpath, , --add-modules, ALL-MODULE-PATH, -proc:none, -g, -Xlint:cast, -Xlint:deprecation, -Xlint:empty, -Xlint:fallthrough, -Xlint:finally, -Xlint:path, -Xlint:unchecked, -Xlint:varargs, -Xlint:static] to [-classpath, , --add-modules, ALL-MODULE-PATH, -proc:none, -g, -Xlint:cast, -Xlint:deprecation, -Xlint:empty, -Xlint:fallthrough, -Xlint:finally, -Xlint:path, -Xlint:unchecked, -Xlint:varargs, -Xlint:static], creating new compiler
Sep 28, 2025 4:56:16 PM org.javacs.JavaLanguageServer findReferences
INFO: compile component: 7.5181 document: file:///C:/Users/74993/Desktop/毕设/wll论文/java-language-server2/outputDir/LOC/k/LOC_4400.java
Sep 28, 2025 4:56:17 PM org.javacs.JavaLanguageServer findReferences
INFO: locate component: 131.2256 document: file:///C:/Users/74993/Desktop/毕设/wll论文/java-language-server2/outputDir/LOC/k/LOC_4400.java
Sep 28, 2025 4:56:17 PM org.javacs.JavaLanguageServer findReferences
INFO: traverse component: 0.0 document: file:///C:/Users/74993/Desktop/毕设/wll论文/java-language-server2/outputDir/LOC/k/LOC_4400.java
Sep 28, 2025 4:56:17 PM org.javacs.JavaLanguageServer findReferences
INFO: NOD: 8941 document: file:///C:/Users/74993/Desktop/毕设/wll论文/java-language-server2/outputDir/LOC/k/LOC_4400.java
Sep 28, 2025 4:56:17 PM org.javacs.JavaLanguageServer findReferences
INFO: DEF: 753 document: file:///C:/Users/74993/Desktop/毕设/wll论文/java-language-server2/outputDir/LOC/k/LOC_4400.java
Sep 28, 2025 4:56:17 PM org.javacs.JavaLanguageServer findReferences
INFO: OCC: 5255 document: file:///C:/Users/74993/Desktop/毕设/wll论文/java-language-server2/outputDir/LOC/k/LOC_4400.java
Sep 28, 2025 4:56:17 PM org.javacs.JavaLanguageServer findReferences
INFO: LOC: 4364 document: file:///C:/Users/74993/Desktop/毕设/wll论文/java-language-server2/outputDir/LOC/k/LOC_4400.java
Sep 28, 2025 4:56:17 PM org.javacs.ScanClassPath jdkTopLevelClasses
INFO: Searching for top-level classes in the JDK
Sep 28, 2025 4:56:17 PM org.javacs.ScanClassPath jdkTopLevelClasses
INFO: Found 15005 classes in the java platform
Sep 28, 2025 4:56:17 PM org.javacs.ScanClassPath classPathTopLevelClasses
INFO: Searching for top-level classes in 0 classpath locations
Sep 28, 2025 4:56:17 PM org.javacs.ScanClassPath classPathTopLevelClasses
INFO: Found 0 classes in classpath
Sep 28, 2025 4:56:17 PM org.javacs.ReusableCompiler getTask
WARNING: Options changed from [-classpath, , --add-modules, ALL-MODULE-PATH, -proc:none, -g, -Xlint:cast, -Xlint:deprecation, -Xlint:empty, -Xlint:fallthrough, -Xlint:finally, -Xlint:path, -Xlint:unchecked, -Xlint:varargs, -Xlint:static] to [-classpath, , --add-modules, ALL-MODULE-PATH, -proc:none, -g, -Xlint:cast, -Xlint:deprecation, -Xlint:empty, -Xlint:fallthrough, -Xlint:finally, -Xlint:path, -Xlint:unchecked, -Xlint:varargs, -Xlint:static], creating new compiler
Sep 28, 2025 4:56:17 PM org.javacs.JavaLanguageServer findReferences
INFO: compile component: 8.7582 document: file:///C:/Users/74993/Desktop/毕设/wll论文/java-language-server2/outputDir/LOC/k/LOC_4400.java
Sep 28, 2025 4:56:17 PM org.javacs.JavaLanguageServer findReferences
INFO: locate component: 132.5495 document: file:///C:/Users/74993/Desktop/毕设/wll论文/java-language-server2/outputDir/LOC/k/LOC_4400.java
Sep 28, 2025 4:56:17 PM org.javacs.JavaLanguageServer findReferences
INFO: traverse component: 0.0 document: file:///C:/Users/74993/Desktop/毕设/wll论文/java-language-server2/outputDir/LOC/k/LOC_4400.java
Sep 28, 2025 4:56:17 PM org.javacs.JavaLanguageServer findReferences
INFO: NOD: 8941 document: file:///C:/Users/74993/Desktop/毕设/wll论文/java-language-server2/outputDir/LOC/k/LOC_4400.java
Sep 28, 2025 4:56:17 PM org.javacs.JavaLanguageServer findReferences
INFO: DEF: 753 document: file:///C:/Users/74993/Desktop/毕设/wll论文/java-language-server2/outputDir/LOC/k/LOC_4400.java
Sep 28, 2025 4:56:17 PM org.javacs.JavaLanguageServer findReferences
INFO: OCC: 5255 document: file:///C:/Users/74993/Desktop/毕设/wll论文/java-language-server2/outputDir/LOC/k/LOC_4400.java
Sep 28, 2025 4:56:17 PM org.javacs.JavaLanguageServer findReferences
INFO: LOC: 4364 document: file:///C:/Users/74993/Desktop/毕设/wll论文/java-language-server2/outputDir/LOC/k/LOC_4400.java
Sep 28, 2025 4:56:17 PM org.javacs.ScanClassPath jdkTopLevelClasses
INFO: Searching for top-level classes in the JDK
Sep 28, 2025 4:56:17 PM org.javacs.ScanClassPath jdkTopLevelClasses
INFO: Found 15005 classes in the java platform
Sep 28, 2025 4:56:17 PM org.javacs.ScanClassPath classPathTopLevelClasses
INFO: Searching for top-level classes in 0 classpath locations
Sep 28, 2025 4:56:17 PM org.javacs.ScanClassPath classPathTopLevelClasses
INFO: Found 0 classes in classpath
Sep 28, 2025 4:56:17 PM org.javacs.ReusableCompiler getTask
WARNING: Options changed from [-classpath, , --add-modules, ALL-MODULE-PATH, -proc:none, -g, -Xlint:cast, -Xlint:deprecation, -Xlint:empty, -Xlint:fallthrough, -Xlint:finally, -Xlint:path, -Xlint:unchecked, -Xlint:varargs, -Xlint:static] to [-classpath, , --add-modules, ALL-MODULE-PATH, -proc:none, -g, -Xlint:cast, -Xlint:deprecation, -Xlint:empty, -Xlint:fallthrough, -Xlint:finally, -Xlint:path, -Xlint:unchecked, -Xlint:varargs, -Xlint:static], creating new compiler
Sep 28, 2025 4:56:17 PM org.javacs.JavaLanguageServer findReferences
INFO: compile component: 7.0083 document: file:///C:/Users/74993/Desktop/毕设/wll论文/java-language-server2/outputDir/LOC/k/LOC_4400.java
Sep 28, 2025 4:56:17 PM org.javacs.JavaLanguageServer findReferences
INFO: locate component: 135.8775 document: file:///C:/Users/74993/Desktop/毕设/wll论文/java-language-server2/outputDir/LOC/k/LOC_4400.java
Sep 28, 2025 4:56:17 PM org.javacs.JavaLanguageServer findReferences
INFO: traverse component: 0.0 document: file:///C:/Users/74993/Desktop/毕设/wll论文/java-language-server2/outputDir/LOC/k/LOC_4400.java
Sep 28, 2025 4:56:17 PM org.javacs.JavaLanguageServer findReferences
INFO: NOD: 8941 document: file:///C:/Users/74993/Desktop/毕设/wll论文/java-language-server2/outputDir/LOC/k/LOC_4400.java
Sep 28, 2025 4:56:17 PM org.javacs.JavaLanguageServer findReferences
INFO: DEF: 753 document: file:///C:/Users/74993/Desktop/毕设/wll论文/java-language-server2/outputDir/LOC/k/LOC_4400.java
Sep 28, 2025 4:56:17 PM org.javacs.JavaLanguageServer findReferences
INFO: OCC: 5255 document: file:///C:/Users/74993/Desktop/毕设/wll论文/java-language-server2/outputDir/LOC/k/LOC_4400.java
Sep 28, 2025 4:56:17 PM org.javacs.JavaLanguageServer findReferences
INFO: LOC: 4364 document: file:///C:/Users/74993/Desktop/毕设/wll论文/java-language-server2/outputDir/LOC/k/LOC_4400.java
Sep 28, 2025 4:56:17 PM org.javacs.JavaLanguageServer didOpenTextDocument
INFO: #didOpenTextDocument# try call goto {"context":{"includeDeclaration":false},"textDocument":{"uri":"file:///C:/Users/74993/Desktop/%E6%AF%95%E8%AE%BE/wll%E8%AE%BA%E6%96%87/java-language-server2/outputDir/LOC/k/LOC_4400.java"},"position":{"line":61,"character":31}}
Sep 28, 2025 4:56:17 PM org.javacs.JavaCompilerService compileBatch
INFO: ...using cached compile
Sep 28, 2025 4:56:17 PM org.javacs.JavaLanguageServer gotoDefinition
INFO: gotoDefinition: 140.755 document: file:///C:/Users/74993/Desktop/毕设/wll论文/java-language-server2/outputDir/LOC/k/LOC_4400.java
Sep 28, 2025 4:56:17 PM org.javacs.JavaCompilerService compileBatch
INFO: ...using cached compile
Sep 28, 2025 4:56:17 PM org.javacs.JavaLanguageServer gotoDefinition
INFO: gotoDefinition: 132.2003 document: file:///C:/Users/74993/Desktop/毕设/wll论文/java-language-server2/outputDir/LOC/k/LOC_4400.java
Sep 28, 2025 4:56:17 PM org.javacs.JavaCompilerService compileBatch
INFO: ...using cached compile
Sep 28, 2025 4:56:18 PM org.javacs.JavaLanguageServer gotoDefinition
INFO: gotoDefinition: 135.1479 document: file:///C:/Users/74993/Desktop/毕设/wll论文/java-language-server2/outputDir/LOC/k/LOC_4400.java
Sep 28, 2025 4:56:18 PM org.javacs.JavaCompilerService compileBatch
INFO: ...using cached compile
Sep 28, 2025 4:56:18 PM org.javacs.JavaLanguageServer gotoDefinition
INFO: gotoDefinition: 136.5331 document: file:///C:/Users/74993/Desktop/毕设/wll论文/java-language-server2/outputDir/LOC/k/LOC_4400.java
Sep 28, 2025 4:56:18 PM org.javacs.JavaCompilerService compileBatch
INFO: ...using cached compile
Sep 28, 2025 4:56:18 PM org.javacs.JavaLanguageServer gotoDefinition
INFO: gotoDefinition: 138.7881 document: file:///C:/Users/74993/Desktop/毕设/wll论文/java-language-server2/outputDir/LOC/k/LOC_4400.java
Sep 28, 2025 4:56:18 PM org.javacs.JavaLanguageServer didOpenTextDocument
INFO: #didOpenTextDocument# try call rename {"context":{"includeDeclaration":false},"textDocument":{"uri":"file:///C:/Users/74993/Desktop/%E6%AF%95%E8%AE%BE/wll%E8%AE%BA%E6%96%87/java-language-server2/outputDir/LOC/k/LOC_4400.java"},"position":{"line":61,"character":31}}
Sep 28, 2025 4:56:18 PM org.javacs.JavaCompilerService compileBatch
INFO: ...using cached compile
Sep 28, 2025 4:56:18 PM org.javacs.JavaLanguageServer rename
INFO: rename: 137.0018 document: file:///C:/Users/74993/Desktop/毕设/wll论文/java-language-server2/outputDir/LOC/k/LOC_4400.java
Sep 28, 2025 4:56:18 PM org.javacs.JavaCompilerService compileBatch
INFO: ...using cached compile
Sep 28, 2025 4:56:18 PM org.javacs.JavaLanguageServer rename
INFO: rename: 135.1615 document: file:///C:/Users/74993/Desktop/毕设/wll论文/java-language-server2/outputDir/LOC/k/LOC_4400.java
Sep 28, 2025 4:56:18 PM org.javacs.JavaCompilerService compileBatch
INFO: ...using cached compile
Sep 28, 2025 4:56:18 PM org.javacs.JavaLanguageServer rename
INFO: rename: 137.9301 document: file:///C:/Users/74993/Desktop/毕设/wll论文/java-language-server2/outputDir/LOC/k/LOC_4400.java
Sep 28, 2025 4:56:18 PM org.javacs.JavaCompilerService compileBatch
INFO: ...using cached compile
Sep 28, 2025 4:56:18 PM org.javacs.JavaLanguageServer rename
INFO: rename: 136.9881 document: file:///C:/Users/74993/Desktop/毕设/wll论文/java-language-server2/outputDir/LOC/k/LOC_4400.java
Sep 28, 2025 4:56:18 PM org.javacs.JavaCompilerService compileBatch
INFO: ...using cached compile
Sep 28, 2025 4:56:19 PM org.javacs.JavaLanguageServer rename
INFO: rename: 132.3855 document: file:///C:/Users/74993/Desktop/毕设/wll论文/java-language-server2/outputDir/LOC/k/LOC_4400.java
Sep 28, 2025 4:56:19 PM org.javacs.JavaLanguageServer didOpenTextDocument
INFO: #didOpenTextDocument# try completion {"context":{"includeDeclaration":false},"textDocument":{"uri":"file:///C:/Users/74993/Desktop/%E6%AF%95%E8%AE%BE/wll%E8%AE%BA%E6%96%87/java-language-server2/outputDir/LOC/k/LOC_4400.java"},"position":{"line":61,"character":31}}
Sep 28, 2025 4:56:19 PM org.javacs.JavaLanguageServer completion
INFO: completion: 8.5136 document: file:///C:/Users/74993/Desktop/毕设/wll论文/java-language-server2/outputDir/LOC/k/LOC_4400.java
Sep 28, 2025 4:56:19 PM org.javacs.JavaLanguageServer completion
INFO: completion: 7.5195 document: file:///C:/Users/74993/Desktop/毕设/wll论文/java-language-server2/outputDir/LOC/k/LOC_4400.java
Sep 28, 2025 4:56:19 PM org.javacs.JavaLanguageServer completion
INFO: completion: 15.1715 document: file:///C:/Users/74993/Desktop/毕设/wll论文/java-language-server2/outputDir/LOC/k/LOC_4400.java
Sep 28, 2025 4:56:19 PM org.javacs.JavaLanguageServer completion
INFO: completion: 8.4199 document: file:///C:/Users/74993/Desktop/毕设/wll论文/java-language-server2/outputDir/LOC/k/LOC_4400.java
Sep 28, 2025 4:56:19 PM org.javacs.JavaLanguageServer completion
INFO: completion: 8.004 document: file:///C:/Users/74993/Desktop/毕设/wll论文/java-language-server2/outputDir/LOC/k/LOC_4400.java
Sep 28, 2025 4:56:19 PM org.javacs.JavaLanguageServer didOpenTextDocument
INFO: #didOpenTextDocument# try call goto {"context":{"includeDeclaration":false},"textDocument":{"uri":"file:///C:/Users/74993/Desktop/%E6%AF%95%E8%AE%BE/wll%E8%AE%BA%E6%96%87/java-language-server2/outputDir/LOC/k/LOC_4400.java"},"position":{"line":4348,"character":40}}
Sep 28, 2025 4:56:19 PM org.javacs.JavaLanguageServer gotoDefinition
INFO: gotoDefinition: 150.5785 document: file:///C:/Users/74993/Desktop/毕设/wll论文/java-language-server2/outputDir/LOC/k/LOC_4400.java
Sep 28, 2025 4:56:19 PM org.javacs.JavaCompilerService compileBatch
INFO: ...using cached compile
Sep 28, 2025 4:56:19 PM org.javacs.JavaLanguageServer gotoDefinition
INFO: gotoDefinition: 122.6451 document: file:///C:/Users/74993/Desktop/毕设/wll论文/java-language-server2/outputDir/LOC/k/LOC_4400.java
Sep 28, 2025 4:56:19 PM org.javacs.JavaCompilerService compileBatch
INFO: ...using cached compile
Sep 28, 2025 4:56:19 PM org.javacs.JavaLanguageServer gotoDefinition
INFO: gotoDefinition: 133.9381 document: file:///C:/Users/74993/Desktop/毕设/wll论文/java-language-server2/outputDir/LOC/k/LOC_4400.java
Sep 28, 2025 4:56:19 PM org.javacs.JavaCompilerService compileBatch
INFO: ...using cached compile
Sep 28, 2025 4:56:19 PM org.javacs.JavaLanguageServer gotoDefinition
INFO: gotoDefinition: 132.8653 document: file:///C:/Users/74993/Desktop/毕设/wll论文/java-language-server2/outputDir/LOC/k/LOC_4400.java
Sep 28, 2025 4:56:19 PM org.javacs.JavaCompilerService compileBatch
INFO: ...using cached compile
Sep 28, 2025 4:56:19 PM org.javacs.JavaLanguageServer gotoDefinition
INFO: gotoDefinition: 132.7697 document: file:///C:/Users/74993/Desktop/毕设/wll论文/java-language-server2/outputDir/LOC/k/LOC_4400.java
Sep 28, 2025 4:56:19 PM org.javacs.JavaLanguageServer didOpenTextDocument
INFO: #didOpenTextDocument# try call rename {"context":{"includeDeclaration":false},"textDocument":{"uri":"file:///C:/Users/74993/Desktop/%E6%AF%95%E8%AE%BE/wll%E8%AE%BA%E6%96%87/java-language-server2/outputDir/LOC/k/LOC_4400.java"},"position":{"line":4348,"character":40}}
Sep 28, 2025 4:56:19 PM org.javacs.JavaCompilerService compileBatch
INFO: ...using cached compile
Sep 28, 2025 4:56:19 PM org.javacs.JavaLanguageServer rename
INFO: rename: 133.7607 document: file:///C:/Users/74993/Desktop/毕设/wll论文/java-language-server2/outputDir/LOC/k/LOC_4400.java
Sep 28, 2025 4:56:19 PM org.javacs.JavaCompilerService compileBatch
INFO: ...using cached compile
Sep 28, 2025 4:56:19 PM org.javacs.JavaLanguageServer rename
INFO: rename: 131.1589 document: file:///C:/Users/74993/Desktop/毕设/wll论文/java-language-server2/outputDir/LOC/k/LOC_4400.java
Sep 28, 2025 4:56:19 PM org.javacs.JavaCompilerService compileBatch
INFO: ...using cached compile
Sep 28, 2025 4:56:20 PM org.javacs.JavaLanguageServer rename
INFO: rename: 129.3308 document: file:///C:/Users/74993/Desktop/毕设/wll论文/java-language-server2/outputDir/LOC/k/LOC_4400.java
Sep 28, 2025 4:56:20 PM org.javacs.JavaCompilerService compileBatch
INFO: ...using cached compile
Sep 28, 2025 4:56:20 PM org.javacs.JavaLanguageServer rename
INFO: rename: 128.383 document: file:///C:/Users/74993/Desktop/毕设/wll论文/java-language-server2/outputDir/LOC/k/LOC_4400.java
Sep 28, 2025 4:56:20 PM org.javacs.JavaCompilerService compileBatch
INFO: ...using cached compile
Sep 28, 2025 4:56:20 PM org.javacs.JavaLanguageServer rename
INFO: rename: 128.0008 document: file:///C:/Users/74993/Desktop/毕设/wll论文/java-language-server2/outputDir/LOC/k/LOC_4400.java
Sep 28, 2025 4:56:20 PM org.javacs.JavaLanguageServer didOpenTextDocument
INFO: #didOpenTextDocument# try completion {"context":{"includeDeclaration":false},"textDocument":{"uri":"file:///C:/Users/74993/Desktop/%E6%AF%95%E8%AE%BE/wll%E8%AE%BA%E6%96%87/java-language-server2/outputDir/LOC/k/LOC_4400.java"},"position":{"line":4348,"character":40}}
Sep 28, 2025 4:56:20 PM org.javacs.JavaLanguageServer completion
INFO: completion: 10.1013 document: file:///C:/Users/74993/Desktop/毕设/wll论文/java-language-server2/outputDir/LOC/k/LOC_4400.java
Sep 28, 2025 4:56:20 PM org.javacs.JavaLanguageServer completion
INFO: completion: 9.0918 document: file:///C:/Users/74993/Desktop/毕设/wll论文/java-language-server2/outputDir/LOC/k/LOC_4400.java
Sep 28, 2025 4:56:20 PM org.javacs.JavaLanguageServer completion
INFO: completion: 9.0385 document: file:///C:/Users/74993/Desktop/毕设/wll论文/java-language-server2/outputDir/LOC/k/LOC_4400.java
Sep 28, 2025 4:56:20 PM org.javacs.JavaLanguageServer completion
INFO: completion: 8.2692 document: file:///C:/Users/74993/Desktop/毕设/wll论文/java-language-server2/outputDir/LOC/k/LOC_4400.java
Sep 28, 2025 4:56:20 PM org.javacs.JavaLanguageServer completion
INFO: completion: 8.5188 document: file:///C:/Users/74993/Desktop/毕设/wll论文/java-language-server2/outputDir/LOC/k/LOC_4400.java
Sep 28, 2025 4:56:20 PM org.javacs.JavaLanguageServer didOpenTextDocument
INFO: #didOpenTextDocument# try call reference {"context":{"includeDeclaration":false},"textDocument":{"uri":"file:///C:/Users/74993/Desktop/%E6%AF%95%E8%AE%BE/wll%E8%AE%BA%E6%96%87/java-language-server2/outputDir/LOC/l/LOC_4800.java"},"position":{"line":58,"character":32}}
Sep 28, 2025 4:56:20 PM org.javacs.ScanClassPath jdkTopLevelClasses
INFO: Searching for top-level classes in the JDK
Sep 28, 2025 4:56:20 PM org.javacs.ScanClassPath jdkTopLevelClasses
INFO: Found 15005 classes in the java platform
Sep 28, 2025 4:56:20 PM org.javacs.ScanClassPath classPathTopLevelClasses
INFO: Searching for top-level classes in 0 classpath locations
Sep 28, 2025 4:56:20 PM org.javacs.ScanClassPath classPathTopLevelClasses
INFO: Found 0 classes in classpath
Sep 28, 2025 4:56:20 PM org.javacs.ReusableCompiler getTask
WARNING: Options changed from [-classpath, , --add-modules, ALL-MODULE-PATH, -proc:none, -g, -Xlint:cast, -Xlint:deprecation, -Xlint:empty, -Xlint:fallthrough, -Xlint:finally, -Xlint:path, -Xlint:unchecked, -Xlint:varargs, -Xlint:static] to [-classpath, , --add-modules, ALL-MODULE-PATH, -proc:none, -g, -Xlint:cast, -Xlint:deprecation, -Xlint:empty, -Xlint:fallthrough, -Xlint:finally, -Xlint:path, -Xlint:unchecked, -Xlint:varargs, -Xlint:static], creating new compiler
Sep 28, 2025 4:56:20 PM org.javacs.JavaLanguageServer findReferences
INFO: compile component: 16.412 document: file:///C:/Users/74993/Desktop/毕设/wll论文/java-language-server2/outputDir/LOC/l/LOC_4800.java
Sep 28, 2025 4:56:20 PM org.javacs.JavaLanguageServer findReferences
INFO: locate component: 181.5991 document: file:///C:/Users/74993/Desktop/毕设/wll论文/java-language-server2/outputDir/LOC/l/LOC_4800.java
Sep 28, 2025 4:56:20 PM org.javacs.JavaLanguageServer findReferences
INFO: traverse component: 0.0 document: file:///C:/Users/74993/Desktop/毕设/wll论文/java-language-server2/outputDir/LOC/l/LOC_4800.java
Sep 28, 2025 4:56:20 PM org.javacs.JavaLanguageServer findReferences
INFO: NOD: 10925 document: file:///C:/Users/74993/Desktop/毕设/wll论文/java-language-server2/outputDir/LOC/l/LOC_4800.java
Sep 28, 2025 4:56:20 PM org.javacs.JavaLanguageServer findReferences
INFO: DEF: 848 document: file:///C:/Users/74993/Desktop/毕设/wll论文/java-language-server2/outputDir/LOC/l/LOC_4800.java
Sep 28, 2025 4:56:20 PM org.javacs.JavaLanguageServer findReferences
INFO: OCC: 6447 document: file:///C:/Users/74993/Desktop/毕设/wll论文/java-language-server2/outputDir/LOC/l/LOC_4800.java
Sep 28, 2025 4:56:20 PM org.javacs.JavaLanguageServer findReferences
INFO: LOC: 4797 document: file:///C:/Users/74993/Desktop/毕设/wll论文/java-language-server2/outputDir/LOC/l/LOC_4800.java
Sep 28, 2025 4:56:20 PM org.javacs.ScanClassPath jdkTopLevelClasses
INFO: Searching for top-level classes in the JDK
Sep 28, 2025 4:56:20 PM org.javacs.ScanClassPath jdkTopLevelClasses
INFO: Found 15005 classes in the java platform
Sep 28, 2025 4:56:20 PM org.javacs.ScanClassPath classPathTopLevelClasses
INFO: Searching for top-level classes in 0 classpath locations
Sep 28, 2025 4:56:20 PM org.javacs.ScanClassPath classPathTopLevelClasses
INFO: Found 0 classes in classpath
Sep 28, 2025 4:56:20 PM org.javacs.ReusableCompiler getTask
WARNING: Options changed from [-classpath, , --add-modules, ALL-MODULE-PATH, -proc:none, -g, -Xlint:cast, -Xlint:deprecation, -Xlint:empty, -Xlint:fallthrough, -Xlint:finally, -Xlint:path, -Xlint:unchecked, -Xlint:varargs, -Xlint:static] to [-classpath, , --add-modules, ALL-MODULE-PATH, -proc:none, -g, -Xlint:cast, -Xlint:deprecation, -Xlint:empty, -Xlint:fallthrough, -Xlint:finally, -Xlint:path, -Xlint:unchecked, -Xlint:varargs, -Xlint:static], creating new compiler
Sep 28, 2025 4:56:20 PM org.javacs.JavaLanguageServer findReferences
INFO: compile component: 20.0292 document: file:///C:/Users/74993/Desktop/毕设/wll论文/java-language-server2/outputDir/LOC/l/LOC_4800.java
Sep 28, 2025 4:56:21 PM org.javacs.JavaLanguageServer findReferences
INFO: locate component: 162.607 document: file:///C:/Users/74993/Desktop/毕设/wll论文/java-language-server2/outputDir/LOC/l/LOC_4800.java
Sep 28, 2025 4:56:21 PM org.javacs.JavaLanguageServer findReferences
INFO: traverse component: 0.0 document: file:///C:/Users/74993/Desktop/毕设/wll论文/java-language-server2/outputDir/LOC/l/LOC_4800.java
Sep 28, 2025 4:56:21 PM org.javacs.JavaLanguageServer findReferences
INFO: NOD: 10925 document: file:///C:/Users/74993/Desktop/毕设/wll论文/java-language-server2/outputDir/LOC/l/LOC_4800.java
Sep 28, 2025 4:56:21 PM org.javacs.JavaLanguageServer findReferences
INFO: DEF: 848 document: file:///C:/Users/74993/Desktop/毕设/wll论文/java-language-server2/outputDir/LOC/l/LOC_4800.java
Sep 28, 2025 4:56:21 PM org.javacs.JavaLanguageServer findReferences
INFO: OCC: 6447 document: file:///C:/Users/74993/Desktop/毕设/wll论文/java-language-server2/outputDir/LOC/l/LOC_4800.java
Sep 28, 2025 4:56:21 PM org.javacs.JavaLanguageServer findReferences
INFO: LOC: 4797 document: file:///C:/Users/74993/Desktop/毕设/wll论文/java-language-server2/outputDir/LOC/l/LOC_4800.java
Sep 28, 2025 4:56:21 PM org.javacs.ScanClassPath jdkTopLevelClasses
INFO: Searching for top-level classes in the JDK
Sep 28, 2025 4:56:21 PM org.javacs.ScanClassPath jdkTopLevelClasses
INFO: Found 15005 classes in the java platform
Sep 28, 2025 4:56:21 PM org.javacs.ScanClassPath classPathTopLevelClasses
INFO: Searching for top-level classes in 0 classpath locations
Sep 28, 2025 4:56:21 PM org.javacs.ScanClassPath classPathTopLevelClasses
INFO: Found 0 classes in classpath
Sep 28, 2025 4:56:21 PM org.javacs.ReusableCompiler getTask
WARNING: Options changed from [-classpath, , --add-modules, ALL-MODULE-PATH, -proc:none, -g, -Xlint:cast, -Xlint:deprecation, -Xlint:empty, -Xlint:fallthrough, -Xlint:finally, -Xlint:path, -Xlint:unchecked, -Xlint:varargs, -Xlint:static] to [-classpath, , --add-modules, ALL-MODULE-PATH, -proc:none, -g, -Xlint:cast, -Xlint:deprecation, -Xlint:empty, -Xlint:fallthrough, -Xlint:finally, -Xlint:path, -Xlint:unchecked, -Xlint:varargs, -Xlint:static], creating new compiler
Sep 28, 2025 4:56:21 PM org.javacs.JavaLanguageServer findReferences
INFO: compile component: 8.0034 document: file:///C:/Users/74993/Desktop/毕设/wll论文/java-language-server2/outputDir/LOC/l/LOC_4800.java
Sep 28, 2025 4:56:21 PM org.javacs.JavaLanguageServer findReferences
INFO: locate component: 165.2939 document: file:///C:/Users/74993/Desktop/毕设/wll论文/java-language-server2/outputDir/LOC/l/LOC_4800.java
Sep 28, 2025 4:56:21 PM org.javacs.JavaLanguageServer findReferences
INFO: traverse component: 0.0 document: file:///C:/Users/74993/Desktop/毕设/wll论文/java-language-server2/outputDir/LOC/l/LOC_4800.java
Sep 28, 2025 4:56:21 PM org.javacs.JavaLanguageServer findReferences
INFO: NOD: 10925 document: file:///C:/Users/74993/Desktop/毕设/wll论文/java-language-server2/outputDir/LOC/l/LOC_4800.java
Sep 28, 2025 4:56:21 PM org.javacs.JavaLanguageServer findReferences
INFO: DEF: 848 document: file:///C:/Users/74993/Desktop/毕设/wll论文/java-language-server2/outputDir/LOC/l/LOC_4800.java
Sep 28, 2025 4:56:21 PM org.javacs.JavaLanguageServer findReferences
INFO: OCC: 6447 document: file:///C:/Users/74993/Desktop/毕设/wll论文/java-language-server2/outputDir/LOC/l/LOC_4800.java
Sep 28, 2025 4:56:21 PM org.javacs.JavaLanguageServer findReferences
INFO: LOC: 4797 document: file:///C:/Users/74993/Desktop/毕设/wll论文/java-language-server2/outputDir/LOC/l/LOC_4800.java
Sep 28, 2025 4:56:21 PM org.javacs.ScanClassPath jdkTopLevelClasses
INFO: Searching for top-level classes in the JDK
Sep 28, 2025 4:56:21 PM org.javacs.ScanClassPath jdkTopLevelClasses
INFO: Found 15005 classes in the java platform
Sep 28, 2025 4:56:21 PM org.javacs.ScanClassPath classPathTopLevelClasses
INFO: Searching for top-level classes in 0 classpath locations
Sep 28, 2025 4:56:21 PM org.javacs.ScanClassPath classPathTopLevelClasses
INFO: Found 0 classes in classpath
Sep 28, 2025 4:56:21 PM org.javacs.ReusableCompiler getTask
WARNING: Options changed from [-classpath, , --add-modules, ALL-MODULE-PATH, -proc:none, -g, -Xlint:cast, -Xlint:deprecation, -Xlint:empty, -Xlint:fallthrough, -Xlint:finally, -Xlint:path, -Xlint:unchecked, -Xlint:varargs, -Xlint:static] to [-classpath, , --add-modules, ALL-MODULE-PATH, -proc:none, -g, -Xlint:cast, -Xlint:deprecation, -Xlint:empty, -Xlint:fallthrough, -Xlint:finally, -Xlint:path, -Xlint:unchecked, -Xlint:varargs, -Xlint:static], creating new compiler
Sep 28, 2025 4:56:21 PM org.javacs.JavaLanguageServer findReferences
INFO: compile component: 9.5203 document: file:///C:/Users/74993/Desktop/毕设/wll论文/java-language-server2/outputDir/LOC/l/LOC_4800.java
Sep 28, 2025 4:56:21 PM org.javacs.JavaLanguageServer findReferences
INFO: locate component: 176.1118 document: file:///C:/Users/74993/Desktop/毕设/wll论文/java-language-server2/outputDir/LOC/l/LOC_4800.java
Sep 28, 2025 4:56:21 PM org.javacs.JavaLanguageServer findReferences
INFO: traverse component: 0.0 document: file:///C:/Users/74993/Desktop/毕设/wll论文/java-language-server2/outputDir/LOC/l/LOC_4800.java
Sep 28, 2025 4:56:21 PM org.javacs.JavaLanguageServer findReferences
INFO: NOD: 10925 document: file:///C:/Users/74993/Desktop/毕设/wll论文/java-language-server2/outputDir/LOC/l/LOC_4800.java
Sep 28, 2025 4:56:21 PM org.javacs.JavaLanguageServer findReferences
INFO: DEF: 848 document: file:///C:/Users/74993/Desktop/毕设/wll论文/java-language-server2/outputDir/LOC/l/LOC_4800.java
Sep 28, 2025 4:56:21 PM org.javacs.JavaLanguageServer findReferences
INFO: OCC: 6447 document: file:///C:/Users/74993/Desktop/毕设/wll论文/java-language-server2/outputDir/LOC/l/LOC_4800.java
Sep 28, 2025 4:56:21 PM org.javacs.JavaLanguageServer findReferences
INFO: LOC: 4797 document: file:///C:/Users/74993/Desktop/毕设/wll论文/java-language-server2/outputDir/LOC/l/LOC_4800.java
Sep 28, 2025 4:56:21 PM org.javacs.ScanClassPath jdkTopLevelClasses
INFO: Searching for top-level classes in the JDK
Sep 28, 2025 4:56:21 PM org.javacs.ScanClassPath jdkTopLevelClasses
INFO: Found 15005 classes in the java platform
Sep 28, 2025 4:56:21 PM org.javacs.ScanClassPath classPathTopLevelClasses
INFO: Searching for top-level classes in 0 classpath locations
Sep 28, 2025 4:56:21 PM org.javacs.ScanClassPath classPathTopLevelClasses
INFO: Found 0 classes in classpath
Sep 28, 2025 4:56:21 PM org.javacs.ReusableCompiler getTask
WARNING: Options changed from [-classpath, , --add-modules, ALL-MODULE-PATH, -proc:none, -g, -Xlint:cast, -Xlint:deprecation, -Xlint:empty, -Xlint:fallthrough, -Xlint:finally, -Xlint:path, -Xlint:unchecked, -Xlint:varargs, -Xlint:static] to [-classpath, , --add-modules, ALL-MODULE-PATH, -proc:none, -g, -Xlint:cast, -Xlint:deprecation, -Xlint:empty, -Xlint:fallthrough, -Xlint:finally, -Xlint:path, -Xlint:unchecked, -Xlint:varargs, -Xlint:static], creating new compiler
Sep 28, 2025 4:56:21 PM org.javacs.JavaLanguageServer findReferences
INFO: compile component: 7.9977 document: file:///C:/Users/74993/Desktop/毕设/wll论文/java-language-server2/outputDir/LOC/l/LOC_4800.java
Sep 28, 2025 4:56:21 PM org.javacs.JavaLanguageServer findReferences
INFO: locate component: 184.0112 document: file:///C:/Users/74993/Desktop/毕设/wll论文/java-language-server2/outputDir/LOC/l/LOC_4800.java
Sep 28, 2025 4:56:21 PM org.javacs.JavaLanguageServer findReferences
INFO: traverse component: 1.0053 document: file:///C:/Users/74993/Desktop/毕设/wll论文/java-language-server2/outputDir/LOC/l/LOC_4800.java
Sep 28, 2025 4:56:21 PM org.javacs.JavaLanguageServer findReferences
INFO: NOD: 10925 document: file:///C:/Users/74993/Desktop/毕设/wll论文/java-language-server2/outputDir/LOC/l/LOC_4800.java
Sep 28, 2025 4:56:21 PM org.javacs.JavaLanguageServer findReferences
INFO: DEF: 848 document: file:///C:/Users/74993/Desktop/毕设/wll论文/java-language-server2/outputDir/LOC/l/LOC_4800.java
Sep 28, 2025 4:56:21 PM org.javacs.JavaLanguageServer findReferences
INFO: OCC: 6447 document: file:///C:/Users/74993/Desktop/毕设/wll论文/java-language-server2/outputDir/LOC/l/LOC_4800.java
Sep 28, 2025 4:56:21 PM org.javacs.JavaLanguageServer findReferences
INFO: LOC: 4797 document: file:///C:/Users/74993/Desktop/毕设/wll论文/java-language-server2/outputDir/LOC/l/LOC_4800.java
Sep 28, 2025 4:56:21 PM org.javacs.JavaLanguageServer didOpenTextDocument
INFO: #didOpenTextDocument# try call goto {"context":{"includeDeclaration":false},"textDocument":{"uri":"file:///C:/Users/74993/Desktop/%E6%AF%95%E8%AE%BE/wll%E8%AE%BA%E6%96%87/java-language-server2/outputDir/LOC/l/LOC_4800.java"},"position":{"line":58,"character":32}}
Sep 28, 2025 4:56:21 PM org.javacs.JavaCompilerService compileBatch
INFO: ...using cached compile
Sep 28, 2025 4:56:22 PM org.javacs.JavaLanguageServer gotoDefinition
INFO: gotoDefinition: 180.0776 document: file:///C:/Users/74993/Desktop/毕设/wll论文/java-language-server2/outputDir/LOC/l/LOC_4800.java
Sep 28, 2025 4:56:22 PM org.javacs.JavaCompilerService compileBatch
INFO: ...using cached compile
Sep 28, 2025 4:56:22 PM org.javacs.JavaLanguageServer gotoDefinition
INFO: gotoDefinition: 161.8864 document: file:///C:/Users/74993/Desktop/毕设/wll论文/java-language-server2/outputDir/LOC/l/LOC_4800.java
Sep 28, 2025 4:56:22 PM org.javacs.JavaCompilerService compileBatch
INFO: ...using cached compile
Sep 28, 2025 4:56:22 PM org.javacs.JavaLanguageServer gotoDefinition
INFO: gotoDefinition: 159.9473 document: file:///C:/Users/74993/Desktop/毕设/wll论文/java-language-server2/outputDir/LOC/l/LOC_4800.java
Sep 28, 2025 4:56:22 PM org.javacs.JavaCompilerService compileBatch
INFO: ...using cached compile
Sep 28, 2025 4:56:22 PM org.javacs.JavaLanguageServer gotoDefinition
INFO: gotoDefinition: 161.2903 document: file:///C:/Users/74993/Desktop/毕设/wll论文/java-language-server2/outputDir/LOC/l/LOC_4800.java
Sep 28, 2025 4:56:22 PM org.javacs.JavaCompilerService compileBatch
INFO: ...using cached compile
Sep 28, 2025 4:56:22 PM org.javacs.JavaLanguageServer gotoDefinition
INFO: gotoDefinition: 169.6726 document: file:///C:/Users/74993/Desktop/毕设/wll论文/java-language-server2/outputDir/LOC/l/LOC_4800.java
Sep 28, 2025 4:56:22 PM org.javacs.JavaLanguageServer didOpenTextDocument
INFO: #didOpenTextDocument# try call rename {"context":{"includeDeclaration":false},"textDocument":{"uri":"file:///C:/Users/74993/Desktop/%E6%AF%95%E8%AE%BE/wll%E8%AE%BA%E6%96%87/java-language-server2/outputDir/LOC/l/LOC_4800.java"},"position":{"line":58,"character":32}}
Sep 28, 2025 4:56:22 PM org.javacs.JavaCompilerService compileBatch
INFO: ...using cached compile
Sep 28, 2025 4:56:22 PM org.javacs.JavaLanguageServer rename
INFO: rename: 160.0012 document: file:///C:/Users/74993/Desktop/毕设/wll论文/java-language-server2/outputDir/LOC/l/LOC_4800.java
Sep 28, 2025 4:56:22 PM org.javacs.JavaCompilerService compileBatch
INFO: ...using cached compile
Sep 28, 2025 4:56:23 PM org.javacs.JavaLanguageServer rename
INFO: rename: 158.7556 document: file:///C:/Users/74993/Desktop/毕设/wll论文/java-language-server2/outputDir/LOC/l/LOC_4800.java
Sep 28, 2025 4:56:23 PM org.javacs.JavaCompilerService compileBatch
INFO: ...using cached compile
Sep 28, 2025 4:56:23 PM org.javacs.JavaLanguageServer rename
INFO: rename: 153.2879 document: file:///C:/Users/74993/Desktop/毕设/wll论文/java-language-server2/outputDir/LOC/l/LOC_4800.java
Sep 28, 2025 4:56:23 PM org.javacs.JavaCompilerService compileBatch
INFO: ...using cached compile
Sep 28, 2025 4:56:23 PM org.javacs.JavaLanguageServer rename
INFO: rename: 162.2139 document: file:///C:/Users/74993/Desktop/毕设/wll论文/java-language-server2/outputDir/LOC/l/LOC_4800.java
Sep 28, 2025 4:56:23 PM org.javacs.JavaCompilerService compileBatch
INFO: ...using cached compile
Sep 28, 2025 4:56:23 PM org.javacs.JavaLanguageServer rename
INFO: rename: 172.6337 document: file:///C:/Users/74993/Desktop/毕设/wll论文/java-language-server2/outputDir/LOC/l/LOC_4800.java
Sep 28, 2025 4:56:23 PM org.javacs.JavaLanguageServer didOpenTextDocument
INFO: #didOpenTextDocument# try completion {"context":{"includeDeclaration":false},"textDocument":{"uri":"file:///C:/Users/74993/Desktop/%E6%AF%95%E8%AE%BE/wll%E8%AE%BA%E6%96%87/java-language-server2/outputDir/LOC/l/LOC_4800.java"},"position":{"line":58,"character":32}}
Sep 28, 2025 4:56:23 PM org.javacs.JavaLanguageServer completion
INFO: completion: 9.3289 document: file:///C:/Users/74993/Desktop/毕设/wll论文/java-language-server2/outputDir/LOC/l/LOC_4800.java
Sep 28, 2025 4:56:23 PM org.javacs.JavaLanguageServer completion
INFO: completion: 8.783 document: file:///C:/Users/74993/Desktop/毕设/wll论文/java-language-server2/outputDir/LOC/l/LOC_4800.java
Sep 28, 2025 4:56:23 PM org.javacs.JavaLanguageServer completion
INFO: completion: 8.8961 document: file:///C:/Users/74993/Desktop/毕设/wll论文/java-language-server2/outputDir/LOC/l/LOC_4800.java
Sep 28, 2025 4:56:23 PM org.javacs.JavaLanguageServer completion
INFO: completion: 8.5434 document: file:///C:/Users/74993/Desktop/毕设/wll论文/java-language-server2/outputDir/LOC/l/LOC_4800.java
Sep 28, 2025 4:56:23 PM org.javacs.JavaLanguageServer completion
INFO: completion: 9.5268 document: file:///C:/Users/74993/Desktop/毕设/wll论文/java-language-server2/outputDir/LOC/l/LOC_4800.java
Sep 28, 2025 4:56:23 PM org.javacs.JavaLanguageServer didOpenTextDocument
INFO: #didOpenTextDocument# try call goto {"context":{"includeDeclaration":false},"textDocument":{"uri":"file:///C:/Users/74993/Desktop/%E6%AF%95%E8%AE%BE/wll%E8%AE%BA%E6%96%87/java-language-server2/outputDir/LOC/l/LOC_4800.java"},"position":{"line":4790,"character":37}}
Sep 28, 2025 4:56:23 PM org.javacs.JavaLanguageServer gotoDefinition
INFO: gotoDefinition: 208.5697 document: file:///C:/Users/74993/Desktop/毕设/wll论文/java-language-server2/outputDir/LOC/l/LOC_4800.java
Sep 28, 2025 4:56:23 PM org.javacs.JavaCompilerService compileBatch
INFO: ...using cached compile
Sep 28, 2025 4:56:24 PM org.javacs.JavaLanguageServer gotoDefinition
INFO: gotoDefinition: 162.3452 document: file:///C:/Users/74993/Desktop/毕设/wll论文/java-language-server2/outputDir/LOC/l/LOC_4800.java
Sep 28, 2025 4:56:24 PM org.javacs.JavaCompilerService compileBatch
INFO: ...using cached compile
Sep 28, 2025 4:56:24 PM org.javacs.JavaLanguageServer gotoDefinition
INFO: gotoDefinition: 177.3616 document: file:///C:/Users/74993/Desktop/毕设/wll论文/java-language-server2/outputDir/LOC/l/LOC_4800.java
Sep 28, 2025 4:56:24 PM org.javacs.JavaCompilerService compileBatch
INFO: ...using cached compile
Sep 28, 2025 4:56:24 PM org.javacs.JavaLanguageServer gotoDefinition
INFO: gotoDefinition: 174.1058 document: file:///C:/Users/74993/Desktop/毕设/wll论文/java-language-server2/outputDir/LOC/l/LOC_4800.java
Sep 28, 2025 4:56:24 PM org.javacs.JavaCompilerService compileBatch
INFO: ...using cached compile
Sep 28, 2025 4:56:24 PM org.javacs.JavaLanguageServer gotoDefinition
INFO: gotoDefinition: 166.2254 document: file:///C:/Users/74993/Desktop/毕设/wll论文/java-language-server2/outputDir/LOC/l/LOC_4800.java
Sep 28, 2025 4:56:24 PM org.javacs.JavaLanguageServer didOpenTextDocument
INFO: #didOpenTextDocument# try call rename {"context":{"includeDeclaration":false},"textDocument":{"uri":"file:///C:/Users/74993/Desktop/%E6%AF%95%E8%AE%BE/wll%E8%AE%BA%E6%96%87/java-language-server2/outputDir/LOC/l/LOC_4800.java"},"position":{"line":4790,"character":37}}
Sep 28, 2025 4:56:24 PM org.javacs.JavaCompilerService compileBatch
INFO: ...using cached compile
Sep 28, 2025 4:56:24 PM org.javacs.JavaLanguageServer rename
INFO: rename: 168.232 document: file:///C:/Users/74993/Desktop/毕设/wll论文/java-language-server2/outputDir/LOC/l/LOC_4800.java
Sep 28, 2025 4:56:24 PM org.javacs.JavaCompilerService compileBatch
INFO: ...using cached compile
Sep 28, 2025 4:56:24 PM org.javacs.JavaLanguageServer rename
INFO: rename: 191.7191 document: file:///C:/Users/74993/Desktop/毕设/wll论文/java-language-server2/outputDir/LOC/l/LOC_4800.java
Sep 28, 2025 4:56:24 PM org.javacs.JavaCompilerService compileBatch
INFO: ...using cached compile
Sep 28, 2025 4:56:25 PM org.javacs.JavaLanguageServer rename
INFO: rename: 168.3768 document: file:///C:/Users/74993/Desktop/毕设/wll论文/java-language-server2/outputDir/LOC/l/LOC_4800.java
Sep 28, 2025 4:56:25 PM org.javacs.JavaCompilerService compileBatch
INFO: ...using cached compile
Sep 28, 2025 4:56:25 PM org.javacs.JavaLanguageServer rename
INFO: rename: 162.5462 document: file:///C:/Users/74993/Desktop/毕设/wll论文/java-language-server2/outputDir/LOC/l/LOC_4800.java
Sep 28, 2025 4:56:25 PM org.javacs.JavaCompilerService compileBatch
INFO: ...using cached compile
Sep 28, 2025 4:56:25 PM org.javacs.JavaLanguageServer rename
INFO: rename: 167.0422 document: file:///C:/Users/74993/Desktop/毕设/wll论文/java-language-server2/outputDir/LOC/l/LOC_4800.java
Sep 28, 2025 4:56:25 PM org.javacs.JavaLanguageServer didOpenTextDocument
INFO: #didOpenTextDocument# try completion {"context":{"includeDeclaration":false},"textDocument":{"uri":"file:///C:/Users/74993/Desktop/%E6%AF%95%E8%AE%BE/wll%E8%AE%BA%E6%96%87/java-language-server2/outputDir/LOC/l/LOC_4800.java"},"position":{"line":4790,"character":37}}
Sep 28, 2025 4:56:25 PM org.javacs.JavaLanguageServer completion
INFO: completion: 9.7246 document: file:///C:/Users/74993/Desktop/毕设/wll论文/java-language-server2/outputDir/LOC/l/LOC_4800.java
Sep 28, 2025 4:56:25 PM org.javacs.JavaLanguageServer completion
INFO: completion: 8.5322 document: file:///C:/Users/74993/Desktop/毕设/wll论文/java-language-server2/outputDir/LOC/l/LOC_4800.java
Sep 28, 2025 4:56:25 PM org.javacs.JavaLanguageServer completion
INFO: completion: 8.6532 document: file:///C:/Users/74993/Desktop/毕设/wll论文/java-language-server2/outputDir/LOC/l/LOC_4800.java
Sep 28, 2025 4:56:25 PM org.javacs.JavaLanguageServer completion
INFO: completion: 8.0023 document: file:///C:/Users/74993/Desktop/毕设/wll论文/java-language-server2/outputDir/LOC/l/LOC_4800.java
Sep 28, 2025 4:56:25 PM org.javacs.JavaLanguageServer completion
INFO: completion: 7.5167 document: file:///C:/Users/74993/Desktop/毕设/wll论文/java-language-server2/outputDir/LOC/l/LOC_4800.java
Sep 28, 2025 4:56:25 PM org.javacs.JavaLanguageServer didOpenTextDocument
INFO: #didOpenTextDocument# try call reference {"context":{"includeDeclaration":false},"textDocument":{"uri":"file:///C:/Users/74993/Desktop/%E6%AF%95%E8%AE%BE/wll%E8%AE%BA%E6%96%87/java-language-server2/outputDir/LOC/m/LOC_5200.java"},"position":{"line":73,"character":31}}
Sep 28, 2025 4:56:25 PM org.javacs.ScanClassPath jdkTopLevelClasses
INFO: Searching for top-level classes in the JDK
Sep 28, 2025 4:56:25 PM org.javacs.ScanClassPath jdkTopLevelClasses
INFO: Found 15005 classes in the java platform
Sep 28, 2025 4:56:25 PM org.javacs.ScanClassPath classPathTopLevelClasses
INFO: Searching for top-level classes in 0 classpath locations
Sep 28, 2025 4:56:25 PM org.javacs.ScanClassPath classPathTopLevelClasses
INFO: Found 0 classes in classpath
Sep 28, 2025 4:56:25 PM org.javacs.ReusableCompiler getTask
WARNING: Options changed from [-classpath, , --add-modules, ALL-MODULE-PATH, -proc:none, -g, -Xlint:cast, -Xlint:deprecation, -Xlint:empty, -Xlint:fallthrough, -Xlint:finally, -Xlint:path, -Xlint:unchecked, -Xlint:varargs, -Xlint:static] to [-classpath, , --add-modules, ALL-MODULE-PATH, -proc:none, -g, -Xlint:cast, -Xlint:deprecation, -Xlint:empty, -Xlint:fallthrough, -Xlint:finally, -Xlint:path, -Xlint:unchecked, -Xlint:varargs, -Xlint:static], creating new compiler
Sep 28, 2025 4:56:25 PM org.javacs.JavaLanguageServer findReferences
INFO: compile component: 20.0329 document: file:///C:/Users/74993/Desktop/毕设/wll论文/java-language-server2/outputDir/LOC/m/LOC_5200.java
Sep 28, 2025 4:56:25 PM org.javacs.JavaLanguageServer findReferences
INFO: locate component: 174.857 document: file:///C:/Users/74993/Desktop/毕设/wll论文/java-language-server2/outputDir/LOC/m/LOC_5200.java
Sep 28, 2025 4:56:25 PM org.javacs.JavaLanguageServer findReferences
INFO: traverse component: 0.0 document: file:///C:/Users/74993/Desktop/毕设/wll论文/java-language-server2/outputDir/LOC/m/LOC_5200.java
Sep 28, 2025 4:56:25 PM org.javacs.JavaLanguageServer findReferences
INFO: NOD: 12461 document: file:///C:/Users/74993/Desktop/毕设/wll论文/java-language-server2/outputDir/LOC/m/LOC_5200.java
Sep 28, 2025 4:56:25 PM org.javacs.JavaLanguageServer findReferences
INFO: DEF: 927 document: file:///C:/Users/74993/Desktop/毕设/wll论文/java-language-server2/outputDir/LOC/m/LOC_5200.java
Sep 28, 2025 4:56:25 PM org.javacs.JavaLanguageServer findReferences
INFO: OCC: 7359 document: file:///C:/Users/74993/Desktop/毕设/wll论文/java-language-server2/outputDir/LOC/m/LOC_5200.java
Sep 28, 2025 4:56:25 PM org.javacs.JavaLanguageServer findReferences
INFO: LOC: 5195 document: file:///C:/Users/74993/Desktop/毕设/wll论文/java-language-server2/outputDir/LOC/m/LOC_5200.java
Sep 28, 2025 4:56:25 PM org.javacs.ScanClassPath jdkTopLevelClasses
INFO: Searching for top-level classes in the JDK
Sep 28, 2025 4:56:25 PM org.javacs.ScanClassPath jdkTopLevelClasses
INFO: Found 15005 classes in the java platform
Sep 28, 2025 4:56:25 PM org.javacs.ScanClassPath classPathTopLevelClasses
INFO: Searching for top-level classes in 0 classpath locations
Sep 28, 2025 4:56:25 PM org.javacs.ScanClassPath classPathTopLevelClasses
INFO: Found 0 classes in classpath
Sep 28, 2025 4:56:25 PM org.javacs.ReusableCompiler getTask
WARNING: Options changed from [-classpath, , --add-modules, ALL-MODULE-PATH, -proc:none, -g, -Xlint:cast, -Xlint:deprecation, -Xlint:empty, -Xlint:fallthrough, -Xlint:finally, -Xlint:path, -Xlint:unchecked, -Xlint:varargs, -Xlint:static] to [-classpath, , --add-modules, ALL-MODULE-PATH, -proc:none, -g, -Xlint:cast, -Xlint:deprecation, -Xlint:empty, -Xlint:fallthrough, -Xlint:finally, -Xlint:path, -Xlint:unchecked, -Xlint:varargs, -Xlint:static], creating new compiler
Sep 28, 2025 4:56:25 PM org.javacs.JavaLanguageServer findReferences
INFO: compile component: 7.6911 document: file:///C:/Users/74993/Desktop/毕设/wll论文/java-language-server2/outputDir/LOC/m/LOC_5200.java
Sep 28, 2025 4:56:26 PM org.javacs.JavaLanguageServer findReferences
INFO: locate component: 176.1656 document: file:///C:/Users/74993/Desktop/毕设/wll论文/java-language-server2/outputDir/LOC/m/LOC_5200.java
Sep 28, 2025 4:56:26 PM org.javacs.JavaLanguageServer findReferences
INFO: traverse component: 0.0 document: file:///C:/Users/74993/Desktop/毕设/wll论文/java-language-server2/outputDir/LOC/m/LOC_5200.java
Sep 28, 2025 4:56:26 PM org.javacs.JavaLanguageServer findReferences
INFO: NOD: 12461 document: file:///C:/Users/74993/Desktop/毕设/wll论文/java-language-server2/outputDir/LOC/m/LOC_5200.java
Sep 28, 2025 4:56:26 PM org.javacs.JavaLanguageServer findReferences
INFO: DEF: 927 document: file:///C:/Users/74993/Desktop/毕设/wll论文/java-language-server2/outputDir/LOC/m/LOC_5200.java
Sep 28, 2025 4:56:26 PM org.javacs.JavaLanguageServer findReferences
INFO: OCC: 7359 document: file:///C:/Users/74993/Desktop/毕设/wll论文/java-language-server2/outputDir/LOC/m/LOC_5200.java
Sep 28, 2025 4:56:26 PM org.javacs.JavaLanguageServer findReferences
INFO: LOC: 5195 document: file:///C:/Users/74993/Desktop/毕设/wll论文/java-language-server2/outputDir/LOC/m/LOC_5200.java
Sep 28, 2025 4:56:26 PM org.javacs.ScanClassPath jdkTopLevelClasses
INFO: Searching for top-level classes in the JDK
Sep 28, 2025 4:56:26 PM org.javacs.ScanClassPath jdkTopLevelClasses
INFO: Found 15005 classes in the java platform
Sep 28, 2025 4:56:26 PM org.javacs.ScanClassPath classPathTopLevelClasses
INFO: Searching for top-level classes in 0 classpath locations
Sep 28, 2025 4:56:26 PM org.javacs.ScanClassPath classPathTopLevelClasses
INFO: Found 0 classes in classpath
Sep 28, 2025 4:56:26 PM org.javacs.ReusableCompiler getTask
WARNING: Options changed from [-classpath, , --add-modules, ALL-MODULE-PATH, -proc:none, -g, -Xlint:cast, -Xlint:deprecation, -Xlint:empty, -Xlint:fallthrough, -Xlint:finally, -Xlint:path, -Xlint:unchecked, -Xlint:varargs, -Xlint:static] to [-classpath, , --add-modules, ALL-MODULE-PATH, -proc:none, -g, -Xlint:cast, -Xlint:deprecation, -Xlint:empty, -Xlint:fallthrough, -Xlint:finally, -Xlint:path, -Xlint:unchecked, -Xlint:varargs, -Xlint:static], creating new compiler
Sep 28, 2025 4:56:26 PM org.javacs.JavaLanguageServer findReferences
INFO: compile component: 8.4845 document: file:///C:/Users/74993/Desktop/毕设/wll论文/java-language-server2/outputDir/LOC/m/LOC_5200.java
Sep 28, 2025 4:56:26 PM org.javacs.JavaLanguageServer findReferences
INFO: locate component: 188.3075 document: file:///C:/Users/74993/Desktop/毕设/wll论文/java-language-server2/outputDir/LOC/m/LOC_5200.java
Sep 28, 2025 4:56:26 PM org.javacs.JavaLanguageServer findReferences
INFO: traverse component: 0.0 document: file:///C:/Users/74993/Desktop/毕设/wll论文/java-language-server2/outputDir/LOC/m/LOC_5200.java
Sep 28, 2025 4:56:26 PM org.javacs.JavaLanguageServer findReferences
INFO: NOD: 12461 document: file:///C:/Users/74993/Desktop/毕设/wll论文/java-language-server2/outputDir/LOC/m/LOC_5200.java
Sep 28, 2025 4:56:26 PM org.javacs.JavaLanguageServer findReferences
INFO: DEF: 927 document: file:///C:/Users/74993/Desktop/毕设/wll论文/java-language-server2/outputDir/LOC/m/LOC_5200.java
Sep 28, 2025 4:56:26 PM org.javacs.JavaLanguageServer findReferences
INFO: OCC: 7359 document: file:///C:/Users/74993/Desktop/毕设/wll论文/java-language-server2/outputDir/LOC/m/LOC_5200.java
Sep 28, 2025 4:56:26 PM org.javacs.JavaLanguageServer findReferences
INFO: LOC: 5195 document: file:///C:/Users/74993/Desktop/毕设/wll论文/java-language-server2/outputDir/LOC/m/LOC_5200.java
Sep 28, 2025 4:56:26 PM org.javacs.ScanClassPath jdkTopLevelClasses
INFO: Searching for top-level classes in the JDK
Sep 28, 2025 4:56:26 PM org.javacs.ScanClassPath jdkTopLevelClasses
INFO: Found 15005 classes in the java platform
Sep 28, 2025 4:56:26 PM org.javacs.ScanClassPath classPathTopLevelClasses
INFO: Searching for top-level classes in 0 classpath locations
Sep 28, 2025 4:56:26 PM org.javacs.ScanClassPath classPathTopLevelClasses
INFO: Found 0 classes in classpath
Sep 28, 2025 4:56:26 PM org.javacs.ReusableCompiler getTask
WARNING: Options changed from [-classpath, , --add-modules, ALL-MODULE-PATH, -proc:none, -g, -Xlint:cast, -Xlint:deprecation, -Xlint:empty, -Xlint:fallthrough, -Xlint:finally, -Xlint:path, -Xlint:unchecked, -Xlint:varargs, -Xlint:static] to [-classpath, , --add-modules, ALL-MODULE-PATH, -proc:none, -g, -Xlint:cast, -Xlint:deprecation, -Xlint:empty, -Xlint:fallthrough, -Xlint:finally, -Xlint:path, -Xlint:unchecked, -Xlint:varargs, -Xlint:static], creating new compiler
Sep 28, 2025 4:56:26 PM org.javacs.JavaLanguageServer findReferences
INFO: compile component: 9.4538 document: file:///C:/Users/74993/Desktop/毕设/wll论文/java-language-server2/outputDir/LOC/m/LOC_5200.java
Sep 28, 2025 4:56:26 PM org.javacs.JavaLanguageServer findReferences
INFO: locate component: 210.3565 document: file:///C:/Users/74993/Desktop/毕设/wll论文/java-language-server2/outputDir/LOC/m/LOC_5200.java
Sep 28, 2025 4:56:26 PM org.javacs.JavaLanguageServer findReferences
INFO: traverse component: 0.0 document: file:///C:/Users/74993/Desktop/毕设/wll论文/java-language-server2/outputDir/LOC/m/LOC_5200.java
Sep 28, 2025 4:56:26 PM org.javacs.JavaLanguageServer findReferences
INFO: NOD: 12461 document: file:///C:/Users/74993/Desktop/毕设/wll论文/java-language-server2/outputDir/LOC/m/LOC_5200.java
Sep 28, 2025 4:56:26 PM org.javacs.JavaLanguageServer findReferences
INFO: DEF: 927 document: file:///C:/Users/74993/Desktop/毕设/wll论文/java-language-server2/outputDir/LOC/m/LOC_5200.java
Sep 28, 2025 4:56:26 PM org.javacs.JavaLanguageServer findReferences
INFO: OCC: 7359 document: file:///C:/Users/74993/Desktop/毕设/wll论文/java-language-server2/outputDir/LOC/m/LOC_5200.java
Sep 28, 2025 4:56:26 PM org.javacs.JavaLanguageServer findReferences
INFO: LOC: 5195 document: file:///C:/Users/74993/Desktop/毕设/wll论文/java-language-server2/outputDir/LOC/m/LOC_5200.java
Sep 28, 2025 4:56:26 PM org.javacs.ScanClassPath jdkTopLevelClasses
INFO: Searching for top-level classes in the JDK
Sep 28, 2025 4:56:26 PM org.javacs.ScanClassPath jdkTopLevelClasses
INFO: Found 15005 classes in the java platform
Sep 28, 2025 4:56:26 PM org.javacs.ScanClassPath classPathTopLevelClasses
INFO: Searching for top-level classes in 0 classpath locations
Sep 28, 2025 4:56:26 PM org.javacs.ScanClassPath classPathTopLevelClasses
INFO: Found 0 classes in classpath
Sep 28, 2025 4:56:26 PM org.javacs.ReusableCompiler getTask
WARNING: Options changed from [-classpath, , --add-modules, ALL-MODULE-PATH, -proc:none, -g, -Xlint:cast, -Xlint:deprecation, -Xlint:empty, -Xlint:fallthrough, -Xlint:finally, -Xlint:path, -Xlint:unchecked, -Xlint:varargs, -Xlint:static] to [-classpath, , --add-modules, ALL-MODULE-PATH, -proc:none, -g, -Xlint:cast, -Xlint:deprecation, -Xlint:empty, -Xlint:fallthrough, -Xlint:finally, -Xlint:path, -Xlint:unchecked, -Xlint:varargs, -Xlint:static], creating new compiler
Sep 28, 2025 4:56:26 PM org.javacs.JavaLanguageServer findReferences
INFO: compile component: 8.1052 document: file:///C:/Users/74993/Desktop/毕设/wll论文/java-language-server2/outputDir/LOC/m/LOC_5200.java
Sep 28, 2025 4:56:27 PM org.javacs.JavaLanguageServer findReferences
INFO: locate component: 177.4919 document: file:///C:/Users/74993/Desktop/毕设/wll论文/java-language-server2/outputDir/LOC/m/LOC_5200.java
Sep 28, 2025 4:56:27 PM org.javacs.JavaLanguageServer findReferences
INFO: traverse component: 0.9988 document: file:///C:/Users/74993/Desktop/毕设/wll论文/java-language-server2/outputDir/LOC/m/LOC_5200.java
Sep 28, 2025 4:56:27 PM org.javacs.JavaLanguageServer findReferences
INFO: NOD: 12461 document: file:///C:/Users/74993/Desktop/毕设/wll论文/java-language-server2/outputDir/LOC/m/LOC_5200.java
Sep 28, 2025 4:56:27 PM org.javacs.JavaLanguageServer findReferences
INFO: DEF: 927 document: file:///C:/Users/74993/Desktop/毕设/wll论文/java-language-server2/outputDir/LOC/m/LOC_5200.java
Sep 28, 2025 4:56:27 PM org.javacs.JavaLanguageServer findReferences
INFO: OCC: 7359 document: file:///C:/Users/74993/Desktop/毕设/wll论文/java-language-server2/outputDir/LOC/m/LOC_5200.java
Sep 28, 2025 4:56:27 PM org.javacs.JavaLanguageServer findReferences
INFO: LOC: 5195 document: file:///C:/Users/74993/Desktop/毕设/wll论文/java-language-server2/outputDir/LOC/m/LOC_5200.java
Sep 28, 2025 4:56:27 PM org.javacs.JavaLanguageServer didOpenTextDocument
INFO: #didOpenTextDocument# try call goto {"context":{"includeDeclaration":false},"textDocument":{"uri":"file:///C:/Users/74993/Desktop/%E6%AF%95%E8%AE%BE/wll%E8%AE%BA%E6%96%87/java-language-server2/outputDir/LOC/m/LOC_5200.java"},"position":{"line":73,"character":31}}
Sep 28, 2025 4:56:27 PM org.javacs.JavaCompilerService compileBatch
INFO: ...using cached compile
Sep 28, 2025 4:56:27 PM org.javacs.JavaLanguageServer gotoDefinition
INFO: gotoDefinition: 198.4365 document: file:///C:/Users/74993/Desktop/毕设/wll论文/java-language-server2/outputDir/LOC/m/LOC_5200.java
Sep 28, 2025 4:56:27 PM org.javacs.JavaCompilerService compileBatch
INFO: ...using cached compile
Sep 28, 2025 4:56:27 PM org.javacs.JavaLanguageServer gotoDefinition
INFO: gotoDefinition: 186.588 document: file:///C:/Users/74993/Desktop/毕设/wll论文/java-language-server2/outputDir/LOC/m/LOC_5200.java
Sep 28, 2025 4:56:27 PM org.javacs.JavaCompilerService compileBatch
INFO: ...using cached compile
Sep 28, 2025 4:56:27 PM org.javacs.JavaLanguageServer gotoDefinition
INFO: gotoDefinition: 184.5529 document: file:///C:/Users/74993/Desktop/毕设/wll论文/java-language-server2/outputDir/LOC/m/LOC_5200.java
Sep 28, 2025 4:56:27 PM org.javacs.JavaCompilerService compileBatch
INFO: ...using cached compile
Sep 28, 2025 4:56:27 PM org.javacs.JavaLanguageServer gotoDefinition
INFO: gotoDefinition: 185.7367 document: file:///C:/Users/74993/Desktop/毕设/wll论文/java-language-server2/outputDir/LOC/m/LOC_5200.java
Sep 28, 2025 4:56:27 PM org.javacs.JavaCompilerService compileBatch
INFO: ...using cached compile
Sep 28, 2025 4:56:28 PM org.javacs.JavaLanguageServer gotoDefinition
INFO: gotoDefinition: 183.063 document: file:///C:/Users/74993/Desktop/毕设/wll论文/java-language-server2/outputDir/LOC/m/LOC_5200.java
Sep 28, 2025 4:56:28 PM org.javacs.JavaLanguageServer didOpenTextDocument
INFO: #didOpenTextDocument# try call rename {"context":{"includeDeclaration":false},"textDocument":{"uri":"file:///C:/Users/74993/Desktop/%E6%AF%95%E8%AE%BE/wll%E8%AE%BA%E6%96%87/java-language-server2/outputDir/LOC/m/LOC_5200.java"},"position":{"line":73,"character":31}}
Sep 28, 2025 4:56:28 PM org.javacs.JavaCompilerService compileBatch
INFO: ...using cached compile
Sep 28, 2025 4:56:28 PM org.javacs.JavaLanguageServer rename
INFO: rename: 184.0862 document: file:///C:/Users/74993/Desktop/毕设/wll论文/java-language-server2/outputDir/LOC/m/LOC_5200.java
Sep 28, 2025 4:56:28 PM org.javacs.JavaCompilerService compileBatch
INFO: ...using cached compile
Sep 28, 2025 4:56:28 PM org.javacs.JavaLanguageServer rename
INFO: rename: 180.1975 document: file:///C:/Users/74993/Desktop/毕设/wll论文/java-language-server2/outputDir/LOC/m/LOC_5200.java
Sep 28, 2025 4:56:28 PM org.javacs.JavaCompilerService compileBatch
INFO: ...using cached compile
Sep 28, 2025 4:56:28 PM org.javacs.JavaLanguageServer rename
INFO: rename: 178.3428 document: file:///C:/Users/74993/Desktop/毕设/wll论文/java-language-server2/outputDir/LOC/m/LOC_5200.java
Sep 28, 2025 4:56:28 PM org.javacs.JavaCompilerService compileBatch
INFO: ...using cached compile
Sep 28, 2025 4:56:28 PM org.javacs.JavaLanguageServer rename
INFO: rename: 194.1853 document: file:///C:/Users/74993/Desktop/毕设/wll论文/java-language-server2/outputDir/LOC/m/LOC_5200.java
Sep 28, 2025 4:56:28 PM org.javacs.JavaCompilerService compileBatch
INFO: ...using cached compile
Sep 28, 2025 4:56:29 PM org.javacs.JavaLanguageServer rename
INFO: rename: 203.1984 document: file:///C:/Users/74993/Desktop/毕设/wll论文/java-language-server2/outputDir/LOC/m/LOC_5200.java
Sep 28, 2025 4:56:29 PM org.javacs.JavaLanguageServer didOpenTextDocument
INFO: #didOpenTextDocument# try completion {"context":{"includeDeclaration":false},"textDocument":{"uri":"file:///C:/Users/74993/Desktop/%E6%AF%95%E8%AE%BE/wll%E8%AE%BA%E6%96%87/java-language-server2/outputDir/LOC/m/LOC_5200.java"},"position":{"line":73,"character":31}}
Sep 28, 2025 4:56:29 PM org.javacs.JavaLanguageServer completion
INFO: completion: 9.5966 document: file:///C:/Users/74993/Desktop/毕设/wll论文/java-language-server2/outputDir/LOC/m/LOC_5200.java
Sep 28, 2025 4:56:29 PM org.javacs.JavaLanguageServer completion
INFO: completion: 9.5113 document: file:///C:/Users/74993/Desktop/毕设/wll论文/java-language-server2/outputDir/LOC/m/LOC_5200.java
Sep 28, 2025 4:56:29 PM org.javacs.JavaLanguageServer completion
INFO: completion: 9.6793 document: file:///C:/Users/74993/Desktop/毕设/wll论文/java-language-server2/outputDir/LOC/m/LOC_5200.java
Sep 28, 2025 4:56:29 PM org.javacs.JavaLanguageServer completion
INFO: completion: 8.5209 document: file:///C:/Users/74993/Desktop/毕设/wll论文/java-language-server2/outputDir/LOC/m/LOC_5200.java
Sep 28, 2025 4:56:29 PM org.javacs.JavaLanguageServer completion
INFO: completion: 9.3612 document: file:///C:/Users/74993/Desktop/毕设/wll论文/java-language-server2/outputDir/LOC/m/LOC_5200.java
Sep 28, 2025 4:56:29 PM org.javacs.JavaLanguageServer didOpenTextDocument
INFO: #didOpenTextDocument# try call goto {"context":{"includeDeclaration":false},"textDocument":{"uri":"file:///C:/Users/74993/Desktop/%E6%AF%95%E8%AE%BE/wll%E8%AE%BA%E6%96%87/java-language-server2/outputDir/LOC/m/LOC_5200.java"},"position":{"line":5158,"character":53}}
Sep 28, 2025 4:56:29 PM org.javacs.JavaLanguageServer gotoDefinition
INFO: gotoDefinition: 222.337 document: file:///C:/Users/74993/Desktop/毕设/wll论文/java-language-server2/outputDir/LOC/m/LOC_5200.java
Sep 28, 2025 4:56:29 PM org.javacs.JavaCompilerService compileBatch
INFO: ...using cached compile
Sep 28, 2025 4:56:29 PM org.javacs.JavaLanguageServer gotoDefinition
INFO: gotoDefinition: 193.7321 document: file:///C:/Users/74993/Desktop/毕设/wll论文/java-language-server2/outputDir/LOC/m/LOC_5200.java
Sep 28, 2025 4:56:29 PM org.javacs.JavaCompilerService compileBatch
INFO: ...using cached compile
Sep 28, 2025 4:56:29 PM org.javacs.JavaLanguageServer gotoDefinition
INFO: gotoDefinition: 183.2431 document: file:///C:/Users/74993/Desktop/毕设/wll论文/java-language-server2/outputDir/LOC/m/LOC_5200.java
Sep 28, 2025 4:56:29 PM org.javacs.JavaCompilerService compileBatch
INFO: ...using cached compile
Sep 28, 2025 4:56:29 PM org.javacs.JavaLanguageServer gotoDefinition
INFO: gotoDefinition: 188.2669 document: file:///C:/Users/74993/Desktop/毕设/wll论文/java-language-server2/outputDir/LOC/m/LOC_5200.java
Sep 28, 2025 4:56:29 PM org.javacs.JavaCompilerService compileBatch
INFO: ...using cached compile
Sep 28, 2025 4:56:30 PM org.javacs.JavaLanguageServer gotoDefinition
INFO: gotoDefinition: 198.1448 document: file:///C:/Users/74993/Desktop/毕设/wll论文/java-language-server2/outputDir/LOC/m/LOC_5200.java
Sep 28, 2025 4:56:30 PM org.javacs.JavaLanguageServer didOpenTextDocument
INFO: #didOpenTextDocument# try call rename {"context":{"includeDeclaration":false},"textDocument":{"uri":"file:///C:/Users/74993/Desktop/%E6%AF%95%E8%AE%BE/wll%E8%AE%BA%E6%96%87/java-language-server2/outputDir/LOC/m/LOC_5200.java"},"position":{"line":5158,"character":53}}
Sep 28, 2025 4:56:30 PM org.javacs.JavaCompilerService compileBatch
INFO: ...using cached compile
Sep 28, 2025 4:56:30 PM org.javacs.JavaLanguageServer rename
INFO: rename: 185.5378 document: file:///C:/Users/74993/Desktop/毕设/wll论文/java-language-server2/outputDir/LOC/m/LOC_5200.java
Sep 28, 2025 4:56:30 PM org.javacs.JavaCompilerService compileBatch
INFO: ...using cached compile
Sep 28, 2025 4:56:30 PM org.javacs.JavaLanguageServer rename
INFO: rename: 181.244 document: file:///C:/Users/74993/Desktop/毕设/wll论文/java-language-server2/outputDir/LOC/m/LOC_5200.java
Sep 28, 2025 4:56:30 PM org.javacs.JavaCompilerService compileBatch
INFO: ...using cached compile
Sep 28, 2025 4:56:30 PM org.javacs.JavaLanguageServer rename
INFO: rename: 186.4655 document: file:///C:/Users/74993/Desktop/毕设/wll论文/java-language-server2/outputDir/LOC/m/LOC_5200.java
Sep 28, 2025 4:56:30 PM org.javacs.JavaCompilerService compileBatch
INFO: ...using cached compile
Sep 28, 2025 4:56:30 PM org.javacs.JavaLanguageServer rename
INFO: rename: 190.0429 document: file:///C:/Users/74993/Desktop/毕设/wll论文/java-language-server2/outputDir/LOC/m/LOC_5200.java
Sep 28, 2025 4:56:30 PM org.javacs.JavaCompilerService compileBatch
INFO: ...using cached compile
Sep 28, 2025 4:56:31 PM org.javacs.JavaLanguageServer rename
INFO: rename: 188.1309 document: file:///C:/Users/74993/Desktop/毕设/wll论文/java-language-server2/outputDir/LOC/m/LOC_5200.java
Sep 28, 2025 4:56:31 PM org.javacs.JavaLanguageServer didOpenTextDocument
INFO: #didOpenTextDocument# try completion {"context":{"includeDeclaration":false},"textDocument":{"uri":"file:///C:/Users/74993/Desktop/%E6%AF%95%E8%AE%BE/wll%E8%AE%BA%E6%96%87/java-language-server2/outputDir/LOC/m/LOC_5200.java"},"position":{"line":5158,"character":53}}
Sep 28, 2025 4:56:31 PM org.javacs.JavaLanguageServer completion
INFO: completion: 9.5162 document: file:///C:/Users/74993/Desktop/毕设/wll论文/java-language-server2/outputDir/LOC/m/LOC_5200.java
Sep 28, 2025 4:56:31 PM org.javacs.JavaLanguageServer completion
INFO: completion: 8.5097 document: file:///C:/Users/74993/Desktop/毕设/wll论文/java-language-server2/outputDir/LOC/m/LOC_5200.java
Sep 28, 2025 4:56:31 PM org.javacs.JavaLanguageServer completion
INFO: completion: 9.0219 document: file:///C:/Users/74993/Desktop/毕设/wll论文/java-language-server2/outputDir/LOC/m/LOC_5200.java
Sep 28, 2025 4:56:31 PM org.javacs.JavaLanguageServer completion
INFO: completion: 8.5264 document: file:///C:/Users/74993/Desktop/毕设/wll论文/java-language-server2/outputDir/LOC/m/LOC_5200.java
Sep 28, 2025 4:56:31 PM org.javacs.JavaLanguageServer completion
INFO: completion: 9.5227 document: file:///C:/Users/74993/Desktop/毕设/wll论文/java-language-server2/outputDir/LOC/m/LOC_5200.java
Sep 28, 2025 4:56:31 PM org.javacs.JavaLanguageServer didOpenTextDocument
INFO: #didOpenTextDocument# try call reference {"context":{"includeDeclaration":false},"textDocument":{"uri":"file:///C:/Users/74993/Desktop/%E6%AF%95%E8%AE%BE/wll%E8%AE%BA%E6%96%87/java-language-server2/outputDir/LOC/n/LOC_5600.java"},"position":{"line":73,"character":31}}
Sep 28, 2025 4:56:31 PM org.javacs.ScanClassPath jdkTopLevelClasses
INFO: Searching for top-level classes in the JDK
Sep 28, 2025 4:56:31 PM org.javacs.ScanClassPath jdkTopLevelClasses
INFO: Found 15005 classes in the java platform
Sep 28, 2025 4:56:31 PM org.javacs.ScanClassPath classPathTopLevelClasses
INFO: Searching for top-level classes in 0 classpath locations
Sep 28, 2025 4:56:31 PM org.javacs.ScanClassPath classPathTopLevelClasses
INFO: Found 0 classes in classpath
Sep 28, 2025 4:56:31 PM org.javacs.ReusableCompiler getTask
WARNING: Options changed from [-classpath, , --add-modules, ALL-MODULE-PATH, -proc:none, -g, -Xlint:cast, -Xlint:deprecation, -Xlint:empty, -Xlint:fallthrough, -Xlint:finally, -Xlint:path, -Xlint:unchecked, -Xlint:varargs, -Xlint:static] to [-classpath, , --add-modules, ALL-MODULE-PATH, -proc:none, -g, -Xlint:cast, -Xlint:deprecation, -Xlint:empty, -Xlint:fallthrough, -Xlint:finally, -Xlint:path, -Xlint:unchecked, -Xlint:varargs, -Xlint:static], creating new compiler
Sep 28, 2025 4:56:31 PM org.javacs.JavaLanguageServer findReferences
INFO: compile component: 22.5698 document: file:///C:/Users/74993/Desktop/毕设/wll论文/java-language-server2/outputDir/LOC/n/LOC_5600.java
Sep 28, 2025 4:56:31 PM org.javacs.JavaLanguageServer findReferences
INFO: locate component: 229.2141 document: file:///C:/Users/74993/Desktop/毕设/wll论文/java-language-server2/outputDir/LOC/n/LOC_5600.java
Sep 28, 2025 4:56:31 PM org.javacs.JavaLanguageServer findReferences
INFO: traverse component: 0.0 document: file:///C:/Users/74993/Desktop/毕设/wll论文/java-language-server2/outputDir/LOC/n/LOC_5600.java
Sep 28, 2025 4:56:31 PM org.javacs.JavaLanguageServer findReferences
INFO: NOD: 13864 document: file:///C:/Users/74993/Desktop/毕设/wll论文/java-language-server2/outputDir/LOC/n/LOC_5600.java
Sep 28, 2025 4:56:31 PM org.javacs.JavaLanguageServer findReferences
INFO: DEF: 1028 document: file:///C:/Users/74993/Desktop/毕设/wll论文/java-language-server2/outputDir/LOC/n/LOC_5600.java
Sep 28, 2025 4:56:31 PM org.javacs.JavaLanguageServer findReferences
INFO: OCC: 8241 document: file:///C:/Users/74993/Desktop/毕设/wll论文/java-language-server2/outputDir/LOC/n/LOC_5600.java
Sep 28, 2025 4:56:31 PM org.javacs.JavaLanguageServer findReferences
INFO: LOC: 5596 document: file:///C:/Users/74993/Desktop/毕设/wll论文/java-language-server2/outputDir/LOC/n/LOC_5600.java
Sep 28, 2025 4:56:31 PM org.javacs.ScanClassPath jdkTopLevelClasses
INFO: Searching for top-level classes in the JDK
Sep 28, 2025 4:56:31 PM org.javacs.ScanClassPath jdkTopLevelClasses
INFO: Found 15005 classes in the java platform
Sep 28, 2025 4:56:31 PM org.javacs.ScanClassPath classPathTopLevelClasses
INFO: Searching for top-level classes in 0 classpath locations
Sep 28, 2025 4:56:31 PM org.javacs.ScanClassPath classPathTopLevelClasses
INFO: Found 0 classes in classpath
Sep 28, 2025 4:56:31 PM org.javacs.ReusableCompiler getTask
WARNING: Options changed from [-classpath, , --add-modules, ALL-MODULE-PATH, -proc:none, -g, -Xlint:cast, -Xlint:deprecation, -Xlint:empty, -Xlint:fallthrough, -Xlint:finally, -Xlint:path, -Xlint:unchecked, -Xlint:varargs, -Xlint:static] to [-classpath, , --add-modules, ALL-MODULE-PATH, -proc:none, -g, -Xlint:cast, -Xlint:deprecation, -Xlint:empty, -Xlint:fallthrough, -Xlint:finally, -Xlint:path, -Xlint:unchecked, -Xlint:varargs, -Xlint:static], creating new compiler
Sep 28, 2025 4:56:31 PM org.javacs.JavaLanguageServer findReferences
INFO: compile component: 9.019 document: file:///C:/Users/74993/Desktop/毕设/wll论文/java-language-server2/outputDir/LOC/n/LOC_5600.java
Sep 28, 2025 4:56:31 PM org.javacs.JavaLanguageServer findReferences
INFO: locate component: 212.3027 document: file:///C:/Users/74993/Desktop/毕设/wll论文/java-language-server2/outputDir/LOC/n/LOC_5600.java
Sep 28, 2025 4:56:31 PM org.javacs.JavaLanguageServer findReferences
INFO: traverse component: 0.0 document: file:///C:/Users/74993/Desktop/毕设/wll论文/java-language-server2/outputDir/LOC/n/LOC_5600.java
Sep 28, 2025 4:56:31 PM org.javacs.JavaLanguageServer findReferences
INFO: NOD: 13864 document: file:///C:/Users/74993/Desktop/毕设/wll论文/java-language-server2/outputDir/LOC/n/LOC_5600.java
Sep 28, 2025 4:56:31 PM org.javacs.JavaLanguageServer findReferences
INFO: DEF: 1028 document: file:///C:/Users/74993/Desktop/毕设/wll论文/java-language-server2/outputDir/LOC/n/LOC_5600.java
Sep 28, 2025 4:56:31 PM org.javacs.JavaLanguageServer findReferences
INFO: OCC: 8241 document: file:///C:/Users/74993/Desktop/毕设/wll论文/java-language-server2/outputDir/LOC/n/LOC_5600.java
Sep 28, 2025 4:56:31 PM org.javacs.JavaLanguageServer findReferences
INFO: LOC: 5596 document: file:///C:/Users/74993/Desktop/毕设/wll论文/java-language-server2/outputDir/LOC/n/LOC_5600.java
Sep 28, 2025 4:56:31 PM org.javacs.ScanClassPath jdkTopLevelClasses
INFO: Searching for top-level classes in the JDK
Sep 28, 2025 4:56:31 PM org.javacs.ScanClassPath jdkTopLevelClasses
INFO: Found 15005 classes in the java platform
Sep 28, 2025 4:56:31 PM org.javacs.ScanClassPath classPathTopLevelClasses
INFO: Searching for top-level classes in 0 classpath locations
Sep 28, 2025 4:56:31 PM org.javacs.ScanClassPath classPathTopLevelClasses
INFO: Found 0 classes in classpath
Sep 28, 2025 4:56:31 PM org.javacs.ReusableCompiler getTask
WARNING: Options changed from [-classpath, , --add-modules, ALL-MODULE-PATH, -proc:none, -g, -Xlint:cast, -Xlint:deprecation, -Xlint:empty, -Xlint:fallthrough, -Xlint:finally, -Xlint:path, -Xlint:unchecked, -Xlint:varargs, -Xlint:static] to [-classpath, , --add-modules, ALL-MODULE-PATH, -proc:none, -g, -Xlint:cast, -Xlint:deprecation, -Xlint:empty, -Xlint:fallthrough, -Xlint:finally, -Xlint:path, -Xlint:unchecked, -Xlint:varargs, -Xlint:static], creating new compiler
Sep 28, 2025 4:56:32 PM org.javacs.JavaLanguageServer findReferences
INFO: compile component: 9.6647 document: file:///C:/Users/74993/Desktop/毕设/wll论文/java-language-server2/outputDir/LOC/n/LOC_5600.java
Sep 28, 2025 4:56:32 PM org.javacs.JavaLanguageServer findReferences
INFO: locate component: 213.9089 document: file:///C:/Users/74993/Desktop/毕设/wll论文/java-language-server2/outputDir/LOC/n/LOC_5600.java
Sep 28, 2025 4:56:32 PM org.javacs.JavaLanguageServer findReferences
INFO: traverse component: 0.0 document: file:///C:/Users/74993/Desktop/毕设/wll论文/java-language-server2/outputDir/LOC/n/LOC_5600.java
Sep 28, 2025 4:56:32 PM org.javacs.JavaLanguageServer findReferences
INFO: NOD: 13864 document: file:///C:/Users/74993/Desktop/毕设/wll论文/java-language-server2/outputDir/LOC/n/LOC_5600.java
Sep 28, 2025 4:56:32 PM org.javacs.JavaLanguageServer findReferences
INFO: DEF: 1028 document: file:///C:/Users/74993/Desktop/毕设/wll论文/java-language-server2/outputDir/LOC/n/LOC_5600.java
Sep 28, 2025 4:56:32 PM org.javacs.JavaLanguageServer findReferences
INFO: OCC: 8241 document: file:///C:/Users/74993/Desktop/毕设/wll论文/java-language-server2/outputDir/LOC/n/LOC_5600.java
Sep 28, 2025 4:56:32 PM org.javacs.JavaLanguageServer findReferences
INFO: LOC: 5596 document: file:///C:/Users/74993/Desktop/毕设/wll论文/java-language-server2/outputDir/LOC/n/LOC_5600.java
Sep 28, 2025 4:56:32 PM org.javacs.ScanClassPath jdkTopLevelClasses
INFO: Searching for top-level classes in the JDK
Sep 28, 2025 4:56:32 PM org.javacs.ScanClassPath jdkTopLevelClasses
INFO: Found 15005 classes in the java platform
Sep 28, 2025 4:56:32 PM org.javacs.ScanClassPath classPathTopLevelClasses
INFO: Searching for top-level classes in 0 classpath locations
Sep 28, 2025 4:56:32 PM org.javacs.ScanClassPath classPathTopLevelClasses
INFO: Found 0 classes in classpath
Sep 28, 2025 4:56:32 PM org.javacs.ReusableCompiler getTask
WARNING: Options changed from [-classpath, , --add-modules, ALL-MODULE-PATH, -proc:none, -g, -Xlint:cast, -Xlint:deprecation, -Xlint:empty, -Xlint:fallthrough, -Xlint:finally, -Xlint:path, -Xlint:unchecked, -Xlint:varargs, -Xlint:static] to [-classpath, , --add-modules, ALL-MODULE-PATH, -proc:none, -g, -Xlint:cast, -Xlint:deprecation, -Xlint:empty, -Xlint:fallthrough, -Xlint:finally, -Xlint:path, -Xlint:unchecked, -Xlint:varargs, -Xlint:static], creating new compiler
Sep 28, 2025 4:56:32 PM org.javacs.JavaLanguageServer findReferences
INFO: compile component: 9.9625 document: file:///C:/Users/74993/Desktop/毕设/wll论文/java-language-server2/outputDir/LOC/n/LOC_5600.java
Sep 28, 2025 4:56:32 PM org.javacs.JavaLanguageServer findReferences
INFO: locate component: 200.9371 document: file:///C:/Users/74993/Desktop/毕设/wll论文/java-language-server2/outputDir/LOC/n/LOC_5600.java
Sep 28, 2025 4:56:32 PM org.javacs.JavaLanguageServer findReferences
INFO: traverse component: 0.9995 document: file:///C:/Users/74993/Desktop/毕设/wll论文/java-language-server2/outputDir/LOC/n/LOC_5600.java
Sep 28, 2025 4:56:32 PM org.javacs.JavaLanguageServer findReferences
INFO: NOD: 13864 document: file:///C:/Users/74993/Desktop/毕设/wll论文/java-language-server2/outputDir/LOC/n/LOC_5600.java
Sep 28, 2025 4:56:32 PM org.javacs.JavaLanguageServer findReferences
INFO: DEF: 1028 document: file:///C:/Users/74993/Desktop/毕设/wll论文/java-language-server2/outputDir/LOC/n/LOC_5600.java
Sep 28, 2025 4:56:32 PM org.javacs.JavaLanguageServer findReferences
INFO: OCC: 8241 document: file:///C:/Users/74993/Desktop/毕设/wll论文/java-language-server2/outputDir/LOC/n/LOC_5600.java
Sep 28, 2025 4:56:32 PM org.javacs.JavaLanguageServer findReferences
INFO: LOC: 5596 document: file:///C:/Users/74993/Desktop/毕设/wll论文/java-language-server2/outputDir/LOC/n/LOC_5600.java
Sep 28, 2025 4:56:32 PM org.javacs.ScanClassPath jdkTopLevelClasses
INFO: Searching for top-level classes in the JDK
Sep 28, 2025 4:56:32 PM org.javacs.ScanClassPath jdkTopLevelClasses
INFO: Found 15005 classes in the java platform
Sep 28, 2025 4:56:32 PM org.javacs.ScanClassPath classPathTopLevelClasses
INFO: Searching for top-level classes in 0 classpath locations
Sep 28, 2025 4:56:32 PM org.javacs.ScanClassPath classPathTopLevelClasses
INFO: Found 0 classes in classpath
Sep 28, 2025 4:56:32 PM org.javacs.ReusableCompiler getTask
WARNING: Options changed from [-classpath, , --add-modules, ALL-MODULE-PATH, -proc:none, -g, -Xlint:cast, -Xlint:deprecation, -Xlint:empty, -Xlint:fallthrough, -Xlint:finally, -Xlint:path, -Xlint:unchecked, -Xlint:varargs, -Xlint:static] to [-classpath, , --add-modules, ALL-MODULE-PATH, -proc:none, -g, -Xlint:cast, -Xlint:deprecation, -Xlint:empty, -Xlint:fallthrough, -Xlint:finally, -Xlint:path, -Xlint:unchecked, -Xlint:varargs, -Xlint:static], creating new compiler
Sep 28, 2025 4:56:32 PM org.javacs.JavaLanguageServer findReferences
INFO: compile component: 10.0951 document: file:///C:/Users/74993/Desktop/毕设/wll论文/java-language-server2/outputDir/LOC/n/LOC_5600.java
Sep 28, 2025 4:56:33 PM org.javacs.JavaLanguageServer findReferences
INFO: locate component: 210.9289 document: file:///C:/Users/74993/Desktop/毕设/wll论文/java-language-server2/outputDir/LOC/n/LOC_5600.java
Sep 28, 2025 4:56:33 PM org.javacs.JavaLanguageServer findReferences
INFO: traverse component: 0.0 document: file:///C:/Users/74993/Desktop/毕设/wll论文/java-language-server2/outputDir/LOC/n/LOC_5600.java
Sep 28, 2025 4:56:33 PM org.javacs.JavaLanguageServer findReferences
INFO: NOD: 13864 document: file:///C:/Users/74993/Desktop/毕设/wll论文/java-language-server2/outputDir/LOC/n/LOC_5600.java
Sep 28, 2025 4:56:33 PM org.javacs.JavaLanguageServer findReferences
INFO: DEF: 1028 document: file:///C:/Users/74993/Desktop/毕设/wll论文/java-language-server2/outputDir/LOC/n/LOC_5600.java
Sep 28, 2025 4:56:33 PM org.javacs.JavaLanguageServer findReferences
INFO: OCC: 8241 document: file:///C:/Users/74993/Desktop/毕设/wll论文/java-language-server2/outputDir/LOC/n/LOC_5600.java
Sep 28, 2025 4:56:33 PM org.javacs.JavaLanguageServer findReferences
INFO: LOC: 5596 document: file:///C:/Users/74993/Desktop/毕设/wll论文/java-language-server2/outputDir/LOC/n/LOC_5600.java
Sep 28, 2025 4:56:33 PM org.javacs.JavaLanguageServer didOpenTextDocument
INFO: #didOpenTextDocument# try call goto {"context":{"includeDeclaration":false},"textDocument":{"uri":"file:///C:/Users/74993/Desktop/%E6%AF%95%E8%AE%BE/wll%E8%AE%BA%E6%96%87/java-language-server2/outputDir/LOC/n/LOC_5600.java"},"position":{"line":73,"character":31}}
Sep 28, 2025 4:56:33 PM org.javacs.JavaCompilerService compileBatch
INFO: ...using cached compile
Sep 28, 2025 4:56:33 PM org.javacs.JavaLanguageServer gotoDefinition
INFO: gotoDefinition: 218.3874 document: file:///C:/Users/74993/Desktop/毕设/wll论文/java-language-server2/outputDir/LOC/n/LOC_5600.java
Sep 28, 2025 4:56:33 PM org.javacs.JavaCompilerService compileBatch
INFO: ...using cached compile
Sep 28, 2025 4:56:33 PM org.javacs.JavaLanguageServer gotoDefinition
INFO: gotoDefinition: 214.9453 document: file:///C:/Users/74993/Desktop/毕设/wll论文/java-language-server2/outputDir/LOC/n/LOC_5600.java
Sep 28, 2025 4:56:33 PM org.javacs.JavaCompilerService compileBatch
INFO: ...using cached compile
Sep 28, 2025 4:56:33 PM org.javacs.JavaLanguageServer gotoDefinition
INFO: gotoDefinition: 217.5175 document: file:///C:/Users/74993/Desktop/毕设/wll论文/java-language-server2/outputDir/LOC/n/LOC_5600.java
Sep 28, 2025 4:56:33 PM org.javacs.JavaCompilerService compileBatch
INFO: ...using cached compile
Sep 28, 2025 4:56:33 PM org.javacs.JavaLanguageServer gotoDefinition
INFO: gotoDefinition: 210.355 document: file:///C:/Users/74993/Desktop/毕设/wll论文/java-language-server2/outputDir/LOC/n/LOC_5600.java
Sep 28, 2025 4:56:33 PM org.javacs.JavaCompilerService compileBatch
INFO: ...using cached compile
Sep 28, 2025 4:56:34 PM org.javacs.JavaLanguageServer gotoDefinition
INFO: gotoDefinition: 201.9996 document: file:///C:/Users/74993/Desktop/毕设/wll论文/java-language-server2/outputDir/LOC/n/LOC_5600.java
Sep 28, 2025 4:56:34 PM org.javacs.JavaLanguageServer didOpenTextDocument
INFO: #didOpenTextDocument# try call rename {"context":{"includeDeclaration":false},"textDocument":{"uri":"file:///C:/Users/74993/Desktop/%E6%AF%95%E8%AE%BE/wll%E8%AE%BA%E6%96%87/java-language-server2/outputDir/LOC/n/LOC_5600.java"},"position":{"line":73,"character":31}}
Sep 28, 2025 4:56:34 PM org.javacs.JavaCompilerService compileBatch
INFO: ...using cached compile
Sep 28, 2025 4:56:34 PM org.javacs.JavaLanguageServer rename
INFO: rename: 195.726 document: file:///C:/Users/74993/Desktop/毕设/wll论文/java-language-server2/outputDir/LOC/n/LOC_5600.java
Sep 28, 2025 4:56:34 PM org.javacs.JavaCompilerService compileBatch
INFO: ...using cached compile
Sep 28, 2025 4:56:34 PM org.javacs.JavaLanguageServer rename
INFO: rename: 207.015 document: file:///C:/Users/74993/Desktop/毕设/wll论文/java-language-server2/outputDir/LOC/n/LOC_5600.java
Sep 28, 2025 4:56:34 PM org.javacs.JavaCompilerService compileBatch
INFO: ...using cached compile
Sep 28, 2025 4:56:34 PM org.javacs.JavaLanguageServer rename
INFO: rename: 207.387 document: file:///C:/Users/74993/Desktop/毕设/wll论文/java-language-server2/outputDir/LOC/n/LOC_5600.java
Sep 28, 2025 4:56:34 PM org.javacs.JavaCompilerService compileBatch
INFO: ...using cached compile
Sep 28, 2025 4:56:34 PM org.javacs.JavaLanguageServer rename
INFO: rename: 223.2708 document: file:///C:/Users/74993/Desktop/毕设/wll论文/java-language-server2/outputDir/LOC/n/LOC_5600.java
Sep 28, 2025 4:56:34 PM org.javacs.JavaCompilerService compileBatch
INFO: ...using cached compile
Sep 28, 2025 4:56:35 PM org.javacs.JavaLanguageServer rename
INFO: rename: 204.6545 document: file:///C:/Users/74993/Desktop/毕设/wll论文/java-language-server2/outputDir/LOC/n/LOC_5600.java
Sep 28, 2025 4:56:35 PM org.javacs.JavaLanguageServer didOpenTextDocument
INFO: #didOpenTextDocument# try completion {"context":{"includeDeclaration":false},"textDocument":{"uri":"file:///C:/Users/74993/Desktop/%E6%AF%95%E8%AE%BE/wll%E8%AE%BA%E6%96%87/java-language-server2/outputDir/LOC/n/LOC_5600.java"},"position":{"line":73,"character":31}}
Sep 28, 2025 4:56:35 PM org.javacs.JavaLanguageServer completion
INFO: completion: 14.0418 document: file:///C:/Users/74993/Desktop/毕设/wll论文/java-language-server2/outputDir/LOC/n/LOC_5600.java
Sep 28, 2025 4:56:35 PM org.javacs.JavaLanguageServer completion
INFO: completion: 9.4504 document: file:///C:/Users/74993/Desktop/毕设/wll论文/java-language-server2/outputDir/LOC/n/LOC_5600.java
Sep 28, 2025 4:56:35 PM org.javacs.JavaLanguageServer completion
INFO: completion: 8.5249 document: file:///C:/Users/74993/Desktop/毕设/wll论文/java-language-server2/outputDir/LOC/n/LOC_5600.java
Sep 28, 2025 4:56:35 PM org.javacs.JavaLanguageServer completion
INFO: completion: 10.2354 document: file:///C:/Users/74993/Desktop/毕设/wll论文/java-language-server2/outputDir/LOC/n/LOC_5600.java
Sep 28, 2025 4:56:35 PM org.javacs.JavaLanguageServer completion
INFO: completion: 9.5397 document: file:///C:/Users/74993/Desktop/毕设/wll论文/java-language-server2/outputDir/LOC/n/LOC_5600.java
Sep 28, 2025 4:56:35 PM org.javacs.JavaLanguageServer didOpenTextDocument
INFO: #didOpenTextDocument# try call goto {"context":{"includeDeclaration":false},"textDocument":{"uri":"file:///C:/Users/74993/Desktop/%E6%AF%95%E8%AE%BE/wll%E8%AE%BA%E6%96%87/java-language-server2/outputDir/LOC/n/LOC_5600.java"},"position":{"line":5590,"character":28}}
Sep 28, 2025 4:56:35 PM org.javacs.JavaLanguageServer gotoDefinition
INFO: gotoDefinition: 234.0643 document: file:///C:/Users/74993/Desktop/毕设/wll论文/java-language-server2/outputDir/LOC/n/LOC_5600.java
Sep 28, 2025 4:56:35 PM org.javacs.JavaCompilerService compileBatch
INFO: ...using cached compile
Sep 28, 2025 4:56:35 PM org.javacs.JavaLanguageServer gotoDefinition
INFO: gotoDefinition: 203.8643 document: file:///C:/Users/74993/Desktop/毕设/wll论文/java-language-server2/outputDir/LOC/n/LOC_5600.java
Sep 28, 2025 4:56:35 PM org.javacs.JavaCompilerService compileBatch
INFO: ...using cached compile
Sep 28, 2025 4:56:35 PM org.javacs.JavaLanguageServer gotoDefinition
INFO: gotoDefinition: 219.0388 document: file:///C:/Users/74993/Desktop/毕设/wll论文/java-language-server2/outputDir/LOC/n/LOC_5600.java
Sep 28, 2025 4:56:35 PM org.javacs.JavaCompilerService compileBatch
INFO: ...using cached compile
Sep 28, 2025 4:56:36 PM org.javacs.JavaLanguageServer gotoDefinition
INFO: gotoDefinition: 205.0802 document: file:///C:/Users/74993/Desktop/毕设/wll论文/java-language-server2/outputDir/LOC/n/LOC_5600.java
Sep 28, 2025 4:56:36 PM org.javacs.JavaCompilerService compileBatch
INFO: ...using cached compile
Sep 28, 2025 4:56:36 PM org.javacs.JavaLanguageServer gotoDefinition
INFO: gotoDefinition: 202.8895 document: file:///C:/Users/74993/Desktop/毕设/wll论文/java-language-server2/outputDir/LOC/n/LOC_5600.java
Sep 28, 2025 4:56:36 PM org.javacs.JavaLanguageServer didOpenTextDocument
INFO: #didOpenTextDocument# try call rename {"context":{"includeDeclaration":false},"textDocument":{"uri":"file:///C:/Users/74993/Desktop/%E6%AF%95%E8%AE%BE/wll%E8%AE%BA%E6%96%87/java-language-server2/outputDir/LOC/n/LOC_5600.java"},"position":{"line":5590,"character":28}}
Sep 28, 2025 4:56:36 PM org.javacs.JavaCompilerService compileBatch
INFO: ...using cached compile
Sep 28, 2025 4:56:36 PM org.javacs.JavaLanguageServer rename
INFO: rename: 210.1259 document: file:///C:/Users/74993/Desktop/毕设/wll论文/java-language-server2/outputDir/LOC/n/LOC_5600.java
Sep 28, 2025 4:56:36 PM org.javacs.JavaCompilerService compileBatch
INFO: ...using cached compile
Sep 28, 2025 4:56:36 PM org.javacs.JavaLanguageServer rename
INFO: rename: 220.6483 document: file:///C:/Users/74993/Desktop/毕设/wll论文/java-language-server2/outputDir/LOC/n/LOC_5600.java
Sep 28, 2025 4:56:36 PM org.javacs.JavaCompilerService compileBatch
INFO: ...using cached compile
Sep 28, 2025 4:56:36 PM org.javacs.JavaLanguageServer rename
INFO: rename: 216.3101 document: file:///C:/Users/74993/Desktop/毕设/wll论文/java-language-server2/outputDir/LOC/n/LOC_5600.java
Sep 28, 2025 4:56:36 PM org.javacs.JavaCompilerService compileBatch
INFO: ...using cached compile
Sep 28, 2025 4:56:37 PM org.javacs.JavaLanguageServer rename
INFO: rename: 217.0491 document: file:///C:/Users/74993/Desktop/毕设/wll论文/java-language-server2/outputDir/LOC/n/LOC_5600.java
Sep 28, 2025 4:56:37 PM org.javacs.JavaCompilerService compileBatch
INFO: ...using cached compile
Sep 28, 2025 4:56:37 PM org.javacs.JavaLanguageServer rename
INFO: rename: 200.4731 document: file:///C:/Users/74993/Desktop/毕设/wll论文/java-language-server2/outputDir/LOC/n/LOC_5600.java
Sep 28, 2025 4:56:37 PM org.javacs.JavaLanguageServer didOpenTextDocument
INFO: #didOpenTextDocument# try completion {"context":{"includeDeclaration":false},"textDocument":{"uri":"file:///C:/Users/74993/Desktop/%E6%AF%95%E8%AE%BE/wll%E8%AE%BA%E6%96%87/java-language-server2/outputDir/LOC/n/LOC_5600.java"},"position":{"line":5590,"character":28}}
Sep 28, 2025 4:56:37 PM org.javacs.JavaLanguageServer completion
INFO: completion: 9.5234 document: file:///C:/Users/74993/Desktop/毕设/wll论文/java-language-server2/outputDir/LOC/n/LOC_5600.java
Sep 28, 2025 4:56:37 PM org.javacs.JavaLanguageServer completion
INFO: completion: 9.5176 document: file:///C:/Users/74993/Desktop/毕设/wll论文/java-language-server2/outputDir/LOC/n/LOC_5600.java
Sep 28, 2025 4:56:37 PM org.javacs.JavaLanguageServer completion
INFO: completion: 9.5146 document: file:///C:/Users/74993/Desktop/毕设/wll论文/java-language-server2/outputDir/LOC/n/LOC_5600.java
Sep 28, 2025 4:56:37 PM org.javacs.JavaLanguageServer completion
INFO: completion: 9.0606 document: file:///C:/Users/74993/Desktop/毕设/wll论文/java-language-server2/outputDir/LOC/n/LOC_5600.java
Sep 28, 2025 4:56:37 PM org.javacs.JavaLanguageServer completion
INFO: completion: 10.1665 document: file:///C:/Users/74993/Desktop/毕设/wll论文/java-language-server2/outputDir/LOC/n/LOC_5600.java
Sep 28, 2025 4:56:37 PM org.javacs.JavaLanguageServer didOpenTextDocument
INFO: #didOpenTextDocument# try call reference {"context":{"includeDeclaration":false},"textDocument":{"uri":"file:///C:/Users/74993/Desktop/%E6%AF%95%E8%AE%BE/wll%E8%AE%BA%E6%96%87/java-language-server2/outputDir/LOC/o/LOC_6000.java"},"position":{"line":73,"character":31}}
Sep 28, 2025 4:56:37 PM org.javacs.ScanClassPath jdkTopLevelClasses
INFO: Searching for top-level classes in the JDK
Sep 28, 2025 4:56:37 PM org.javacs.ScanClassPath jdkTopLevelClasses
INFO: Found 15005 classes in the java platform
Sep 28, 2025 4:56:37 PM org.javacs.ScanClassPath classPathTopLevelClasses
INFO: Searching for top-level classes in 0 classpath locations
Sep 28, 2025 4:56:37 PM org.javacs.ScanClassPath classPathTopLevelClasses
INFO: Found 0 classes in classpath
Sep 28, 2025 4:56:37 PM org.javacs.ReusableCompiler getTask
WARNING: Options changed from [-classpath, , --add-modules, ALL-MODULE-PATH, -proc:none, -g, -Xlint:cast, -Xlint:deprecation, -Xlint:empty, -Xlint:fallthrough, -Xlint:finally, -Xlint:path, -Xlint:unchecked, -Xlint:varargs, -Xlint:static] to [-classpath, , --add-modules, ALL-MODULE-PATH, -proc:none, -g, -Xlint:cast, -Xlint:deprecation, -Xlint:empty, -Xlint:fallthrough, -Xlint:finally, -Xlint:path, -Xlint:unchecked, -Xlint:varargs, -Xlint:static], creating new compiler
Sep 28, 2025 4:56:37 PM org.javacs.JavaLanguageServer findReferences
INFO: compile component: 20.0361 document: file:///C:/Users/74993/Desktop/毕设/wll论文/java-language-server2/outputDir/LOC/o/LOC_6000.java
Sep 28, 2025 4:56:37 PM org.javacs.JavaLanguageServer findReferences
INFO: locate component: 214.8561 document: file:///C:/Users/74993/Desktop/毕设/wll论文/java-language-server2/outputDir/LOC/o/LOC_6000.java
Sep 28, 2025 4:56:37 PM org.javacs.JavaLanguageServer findReferences
INFO: traverse component: 0.0 document: file:///C:/Users/74993/Desktop/毕设/wll论文/java-language-server2/outputDir/LOC/o/LOC_6000.java
Sep 28, 2025 4:56:37 PM org.javacs.JavaLanguageServer findReferences
INFO: NOD: 14282 document: file:///C:/Users/74993/Desktop/毕设/wll论文/java-language-server2/outputDir/LOC/o/LOC_6000.java
Sep 28, 2025 4:56:37 PM org.javacs.JavaLanguageServer findReferences
INFO: DEF: 1078 document: file:///C:/Users/74993/Desktop/毕设/wll论文/java-language-server2/outputDir/LOC/o/LOC_6000.java
Sep 28, 2025 4:56:37 PM org.javacs.JavaLanguageServer findReferences
INFO: OCC: 8517 document: file:///C:/Users/74993/Desktop/毕设/wll论文/java-language-server2/outputDir/LOC/o/LOC_6000.java
Sep 28, 2025 4:56:37 PM org.javacs.JavaLanguageServer findReferences
INFO: LOC: 5995 document: file:///C:/Users/74993/Desktop/毕设/wll论文/java-language-server2/outputDir/LOC/o/LOC_6000.java
Sep 28, 2025 4:56:37 PM org.javacs.ScanClassPath jdkTopLevelClasses
INFO: Searching for top-level classes in the JDK
Sep 28, 2025 4:56:37 PM org.javacs.ScanClassPath jdkTopLevelClasses
INFO: Found 15005 classes in the java platform
Sep 28, 2025 4:56:37 PM org.javacs.ScanClassPath classPathTopLevelClasses
INFO: Searching for top-level classes in 0 classpath locations
Sep 28, 2025 4:56:37 PM org.javacs.ScanClassPath classPathTopLevelClasses
INFO: Found 0 classes in classpath
Sep 28, 2025 4:56:37 PM org.javacs.ReusableCompiler getTask
WARNING: Options changed from [-classpath, , --add-modules, ALL-MODULE-PATH, -proc:none, -g, -Xlint:cast, -Xlint:deprecation, -Xlint:empty, -Xlint:fallthrough, -Xlint:finally, -Xlint:path, -Xlint:unchecked, -Xlint:varargs, -Xlint:static] to [-classpath, , --add-modules, ALL-MODULE-PATH, -proc:none, -g, -Xlint:cast, -Xlint:deprecation, -Xlint:empty, -Xlint:fallthrough, -Xlint:finally, -Xlint:path, -Xlint:unchecked, -Xlint:varargs, -Xlint:static], creating new compiler
Sep 28, 2025 4:56:37 PM org.javacs.JavaLanguageServer findReferences
INFO: compile component: 10.3861 document: file:///C:/Users/74993/Desktop/毕设/wll论文/java-language-server2/outputDir/LOC/o/LOC_6000.java
Sep 28, 2025 4:56:38 PM org.javacs.JavaLanguageServer findReferences
INFO: locate component: 212.6898 document: file:///C:/Users/74993/Desktop/毕设/wll论文/java-language-server2/outputDir/LOC/o/LOC_6000.java
Sep 28, 2025 4:56:38 PM org.javacs.JavaLanguageServer findReferences
INFO: traverse component: 0.0 document: file:///C:/Users/74993/Desktop/毕设/wll论文/java-language-server2/outputDir/LOC/o/LOC_6000.java
Sep 28, 2025 4:56:38 PM org.javacs.JavaLanguageServer findReferences
INFO: NOD: 14282 document: file:///C:/Users/74993/Desktop/毕设/wll论文/java-language-server2/outputDir/LOC/o/LOC_6000.java
Sep 28, 2025 4:56:38 PM org.javacs.JavaLanguageServer findReferences
INFO: DEF: 1078 document: file:///C:/Users/74993/Desktop/毕设/wll论文/java-language-server2/outputDir/LOC/o/LOC_6000.java
Sep 28, 2025 4:56:38 PM org.javacs.JavaLanguageServer findReferences
INFO: OCC: 8517 document: file:///C:/Users/74993/Desktop/毕设/wll论文/java-language-server2/outputDir/LOC/o/LOC_6000.java
Sep 28, 2025 4:56:38 PM org.javacs.JavaLanguageServer findReferences
INFO: LOC: 5995 document: file:///C:/Users/74993/Desktop/毕设/wll论文/java-language-server2/outputDir/LOC/o/LOC_6000.java
Sep 28, 2025 4:56:38 PM org.javacs.ScanClassPath jdkTopLevelClasses
INFO: Searching for top-level classes in the JDK
Sep 28, 2025 4:56:38 PM org.javacs.ScanClassPath jdkTopLevelClasses
INFO: Found 15005 classes in the java platform
Sep 28, 2025 4:56:38 PM org.javacs.ScanClassPath classPathTopLevelClasses
INFO: Searching for top-level classes in 0 classpath locations
Sep 28, 2025 4:56:38 PM org.javacs.ScanClassPath classPathTopLevelClasses
INFO: Found 0 classes in classpath
Sep 28, 2025 4:56:38 PM org.javacs.ReusableCompiler getTask
WARNING: Options changed from [-classpath, , --add-modules, ALL-MODULE-PATH, -proc:none, -g, -Xlint:cast, -Xlint:deprecation, -Xlint:empty, -Xlint:fallthrough, -Xlint:finally, -Xlint:path, -Xlint:unchecked, -Xlint:varargs, -Xlint:static] to [-classpath, , --add-modules, ALL-MODULE-PATH, -proc:none, -g, -Xlint:cast, -Xlint:deprecation, -Xlint:empty, -Xlint:fallthrough, -Xlint:finally, -Xlint:path, -Xlint:unchecked, -Xlint:varargs, -Xlint:static], creating new compiler
Sep 28, 2025 4:56:38 PM org.javacs.JavaLanguageServer findReferences
INFO: compile component: 9.1638 document: file:///C:/Users/74993/Desktop/毕设/wll论文/java-language-server2/outputDir/LOC/o/LOC_6000.java
Sep 28, 2025 4:56:38 PM org.javacs.JavaLanguageServer findReferences
INFO: locate component: 223.2529 document: file:///C:/Users/74993/Desktop/毕设/wll论文/java-language-server2/outputDir/LOC/o/LOC_6000.java
Sep 28, 2025 4:56:38 PM org.javacs.JavaLanguageServer findReferences
INFO: traverse component: 0.0 document: file:///C:/Users/74993/Desktop/毕设/wll论文/java-language-server2/outputDir/LOC/o/LOC_6000.java
Sep 28, 2025 4:56:38 PM org.javacs.JavaLanguageServer findReferences
INFO: NOD: 14282 document: file:///C:/Users/74993/Desktop/毕设/wll论文/java-language-server2/outputDir/LOC/o/LOC_6000.java
Sep 28, 2025 4:56:38 PM org.javacs.JavaLanguageServer findReferences
INFO: DEF: 1078 document: file:///C:/Users/74993/Desktop/毕设/wll论文/java-language-server2/outputDir/LOC/o/LOC_6000.java
Sep 28, 2025 4:56:38 PM org.javacs.JavaLanguageServer findReferences
INFO: OCC: 8517 document: file:///C:/Users/74993/Desktop/毕设/wll论文/java-language-server2/outputDir/LOC/o/LOC_6000.java
Sep 28, 2025 4:56:38 PM org.javacs.JavaLanguageServer findReferences
INFO: LOC: 5995 document: file:///C:/Users/74993/Desktop/毕设/wll论文/java-language-server2/outputDir/LOC/o/LOC_6000.java
Sep 28, 2025 4:56:38 PM org.javacs.ScanClassPath jdkTopLevelClasses
INFO: Searching for top-level classes in the JDK
Sep 28, 2025 4:56:38 PM org.javacs.ScanClassPath jdkTopLevelClasses
INFO: Found 15005 classes in the java platform
Sep 28, 2025 4:56:38 PM org.javacs.ScanClassPath classPathTopLevelClasses
INFO: Searching for top-level classes in 0 classpath locations
Sep 28, 2025 4:56:38 PM org.javacs.ScanClassPath classPathTopLevelClasses
INFO: Found 0 classes in classpath
Sep 28, 2025 4:56:38 PM org.javacs.ReusableCompiler getTask
WARNING: Options changed from [-classpath, , --add-modules, ALL-MODULE-PATH, -proc:none, -g, -Xlint:cast, -Xlint:deprecation, -Xlint:empty, -Xlint:fallthrough, -Xlint:finally, -Xlint:path, -Xlint:unchecked, -Xlint:varargs, -Xlint:static] to [-classpath, , --add-modules, ALL-MODULE-PATH, -proc:none, -g, -Xlint:cast, -Xlint:deprecation, -Xlint:empty, -Xlint:fallthrough, -Xlint:finally, -Xlint:path, -Xlint:unchecked, -Xlint:varargs, -Xlint:static], creating new compiler
Sep 28, 2025 4:56:38 PM org.javacs.JavaLanguageServer findReferences
INFO: compile component: 9.6629 document: file:///C:/Users/74993/Desktop/毕设/wll论文/java-language-server2/outputDir/LOC/o/LOC_6000.java
Sep 28, 2025 4:56:38 PM org.javacs.JavaLanguageServer findReferences
INFO: locate component: 220.6855 document: file:///C:/Users/74993/Desktop/毕设/wll论文/java-language-server2/outputDir/LOC/o/LOC_6000.java
Sep 28, 2025 4:56:38 PM org.javacs.JavaLanguageServer findReferences
INFO: traverse component: 0.0 document: file:///C:/Users/74993/Desktop/毕设/wll论文/java-language-server2/outputDir/LOC/o/LOC_6000.java
Sep 28, 2025 4:56:38 PM org.javacs.JavaLanguageServer findReferences
INFO: NOD: 14282 document: file:///C:/Users/74993/Desktop/毕设/wll论文/java-language-server2/outputDir/LOC/o/LOC_6000.java
Sep 28, 2025 4:56:38 PM org.javacs.JavaLanguageServer findReferences
INFO: DEF: 1078 document: file:///C:/Users/74993/Desktop/毕设/wll论文/java-language-server2/outputDir/LOC/o/LOC_6000.java
Sep 28, 2025 4:56:38 PM org.javacs.JavaLanguageServer findReferences
INFO: OCC: 8517 document: file:///C:/Users/74993/Desktop/毕设/wll论文/java-language-server2/outputDir/LOC/o/LOC_6000.java
Sep 28, 2025 4:56:38 PM org.javacs.JavaLanguageServer findReferences
INFO: LOC: 5995 document: file:///C:/Users/74993/Desktop/毕设/wll论文/java-language-server2/outputDir/LOC/o/LOC_6000.java
Sep 28, 2025 4:56:38 PM org.javacs.ScanClassPath jdkTopLevelClasses
INFO: Searching for top-level classes in the JDK
Sep 28, 2025 4:56:38 PM org.javacs.ScanClassPath jdkTopLevelClasses
INFO: Found 15005 classes in the java platform
Sep 28, 2025 4:56:38 PM org.javacs.ScanClassPath classPathTopLevelClasses
INFO: Searching for top-level classes in 0 classpath locations
Sep 28, 2025 4:56:38 PM org.javacs.ScanClassPath classPathTopLevelClasses
INFO: Found 0 classes in classpath
Sep 28, 2025 4:56:38 PM org.javacs.ReusableCompiler getTask
WARNING: Options changed from [-classpath, , --add-modules, ALL-MODULE-PATH, -proc:none, -g, -Xlint:cast, -Xlint:deprecation, -Xlint:empty, -Xlint:fallthrough, -Xlint:finally, -Xlint:path, -Xlint:unchecked, -Xlint:varargs, -Xlint:static] to [-classpath, , --add-modules, ALL-MODULE-PATH, -proc:none, -g, -Xlint:cast, -Xlint:deprecation, -Xlint:empty, -Xlint:fallthrough, -Xlint:finally, -Xlint:path, -Xlint:unchecked, -Xlint:varargs, -Xlint:static], creating new compiler
Sep 28, 2025 4:56:39 PM org.javacs.JavaLanguageServer findReferences
INFO: compile component: 12.5288 document: file:///C:/Users/74993/Desktop/毕设/wll论文/java-language-server2/outputDir/LOC/o/LOC_6000.java
Sep 28, 2025 4:56:39 PM org.javacs.JavaLanguageServer findReferences
INFO: locate component: 214.0675 document: file:///C:/Users/74993/Desktop/毕设/wll论文/java-language-server2/outputDir/LOC/o/LOC_6000.java
Sep 28, 2025 4:56:39 PM org.javacs.JavaLanguageServer findReferences
INFO: traverse component: 0.0 document: file:///C:/Users/74993/Desktop/毕设/wll论文/java-language-server2/outputDir/LOC/o/LOC_6000.java
Sep 28, 2025 4:56:39 PM org.javacs.JavaLanguageServer findReferences
INFO: NOD: 14282 document: file:///C:/Users/74993/Desktop/毕设/wll论文/java-language-server2/outputDir/LOC/o/LOC_6000.java
Sep 28, 2025 4:56:39 PM org.javacs.JavaLanguageServer findReferences
INFO: DEF: 1078 document: file:///C:/Users/74993/Desktop/毕设/wll论文/java-language-server2/outputDir/LOC/o/LOC_6000.java
Sep 28, 2025 4:56:39 PM org.javacs.JavaLanguageServer findReferences
INFO: OCC: 8517 document: file:///C:/Users/74993/Desktop/毕设/wll论文/java-language-server2/outputDir/LOC/o/LOC_6000.java
Sep 28, 2025 4:56:39 PM org.javacs.JavaLanguageServer findReferences
INFO: LOC: 5995 document: file:///C:/Users/74993/Desktop/毕设/wll论文/java-language-server2/outputDir/LOC/o/LOC_6000.java
Sep 28, 2025 4:56:39 PM org.javacs.JavaLanguageServer didOpenTextDocument
INFO: #didOpenTextDocument# try call goto {"context":{"includeDeclaration":false},"textDocument":{"uri":"file:///C:/Users/74993/Desktop/%E6%AF%95%E8%AE%BE/wll%E8%AE%BA%E6%96%87/java-language-server2/outputDir/LOC/o/LOC_6000.java"},"position":{"line":73,"character":31}}
Sep 28, 2025 4:56:39 PM org.javacs.JavaCompilerService compileBatch
INFO: ...using cached compile
Sep 28, 2025 4:56:39 PM org.javacs.JavaLanguageServer gotoDefinition
INFO: gotoDefinition: 219.1192 document: file:///C:/Users/74993/Desktop/毕设/wll论文/java-language-server2/outputDir/LOC/o/LOC_6000.java
Sep 28, 2025 4:56:39 PM org.javacs.JavaCompilerService compileBatch
INFO: ...using cached compile
Sep 28, 2025 4:56:39 PM org.javacs.JavaLanguageServer gotoDefinition
INFO: gotoDefinition: 225.8439 document: file:///C:/Users/74993/Desktop/毕设/wll论文/java-language-server2/outputDir/LOC/o/LOC_6000.java
Sep 28, 2025 4:56:39 PM org.javacs.JavaCompilerService compileBatch
INFO: ...using cached compile
Sep 28, 2025 4:56:39 PM org.javacs.JavaLanguageServer gotoDefinition
INFO: gotoDefinition: 213.8819 document: file:///C:/Users/74993/Desktop/毕设/wll论文/java-language-server2/outputDir/LOC/o/LOC_6000.java
Sep 28, 2025 4:56:39 PM org.javacs.JavaCompilerService compileBatch
INFO: ...using cached compile
Sep 28, 2025 4:56:40 PM org.javacs.JavaLanguageServer gotoDefinition
INFO: gotoDefinition: 228.0577 document: file:///C:/Users/74993/Desktop/毕设/wll论文/java-language-server2/outputDir/LOC/o/LOC_6000.java
Sep 28, 2025 4:56:40 PM org.javacs.JavaCompilerService compileBatch
INFO: ...using cached compile
Sep 28, 2025 4:56:40 PM org.javacs.JavaLanguageServer gotoDefinition
INFO: gotoDefinition: 222.8574 document: file:///C:/Users/74993/Desktop/毕设/wll论文/java-language-server2/outputDir/LOC/o/LOC_6000.java
Sep 28, 2025 4:56:40 PM org.javacs.JavaLanguageServer didOpenTextDocument
INFO: #didOpenTextDocument# try call rename {"context":{"includeDeclaration":false},"textDocument":{"uri":"file:///C:/Users/74993/Desktop/%E6%AF%95%E8%AE%BE/wll%E8%AE%BA%E6%96%87/java-language-server2/outputDir/LOC/o/LOC_6000.java"},"position":{"line":73,"character":31}}
Sep 28, 2025 4:56:40 PM org.javacs.JavaCompilerService compileBatch
INFO: ...using cached compile
Sep 28, 2025 4:56:40 PM org.javacs.JavaLanguageServer rename
INFO: rename: 222.6245 document: file:///C:/Users/74993/Desktop/毕设/wll论文/java-language-server2/outputDir/LOC/o/LOC_6000.java
Sep 28, 2025 4:56:40 PM org.javacs.JavaCompilerService compileBatch
INFO: ...using cached compile
Sep 28, 2025 4:56:40 PM org.javacs.JavaLanguageServer rename
INFO: rename: 217.9997 document: file:///C:/Users/74993/Desktop/毕设/wll论文/java-language-server2/outputDir/LOC/o/LOC_6000.java
Sep 28, 2025 4:56:40 PM org.javacs.JavaCompilerService compileBatch
INFO: ...using cached compile
Sep 28, 2025 4:56:41 PM org.javacs.JavaLanguageServer rename
INFO: rename: 209.3841 document: file:///C:/Users/74993/Desktop/毕设/wll论文/java-language-server2/outputDir/LOC/o/LOC_6000.java
Sep 28, 2025 4:56:41 PM org.javacs.JavaCompilerService compileBatch
INFO: ...using cached compile
Sep 28, 2025 4:56:41 PM org.javacs.JavaLanguageServer rename
INFO: rename: 208.2992 document: file:///C:/Users/74993/Desktop/毕设/wll论文/java-language-server2/outputDir/LOC/o/LOC_6000.java
Sep 28, 2025 4:56:41 PM org.javacs.JavaCompilerService compileBatch
INFO: ...using cached compile
Sep 28, 2025 4:56:41 PM org.javacs.JavaLanguageServer rename
INFO: rename: 211.4493 document: file:///C:/Users/74993/Desktop/毕设/wll论文/java-language-server2/outputDir/LOC/o/LOC_6000.java
Sep 28, 2025 4:56:41 PM org.javacs.JavaLanguageServer didOpenTextDocument
INFO: #didOpenTextDocument# try completion {"context":{"includeDeclaration":false},"textDocument":{"uri":"file:///C:/Users/74993/Desktop/%E6%AF%95%E8%AE%BE/wll%E8%AE%BA%E6%96%87/java-language-server2/outputDir/LOC/o/LOC_6000.java"},"position":{"line":73,"character":31}}
Sep 28, 2025 4:56:41 PM org.javacs.JavaLanguageServer completion
INFO: completion: 12.028 document: file:///C:/Users/74993/Desktop/毕设/wll论文/java-language-server2/outputDir/LOC/o/LOC_6000.java
Sep 28, 2025 4:56:41 PM org.javacs.JavaLanguageServer completion
INFO: completion: 11.5439 document: file:///C:/Users/74993/Desktop/毕设/wll论文/java-language-server2/outputDir/LOC/o/LOC_6000.java
Sep 28, 2025 4:56:41 PM org.javacs.JavaLanguageServer completion
INFO: completion: 11.5175 document: file:///C:/Users/74993/Desktop/毕设/wll论文/java-language-server2/outputDir/LOC/o/LOC_6000.java
Sep 28, 2025 4:56:41 PM org.javacs.JavaLanguageServer completion
INFO: completion: 10.5169 document: file:///C:/Users/74993/Desktop/毕设/wll论文/java-language-server2/outputDir/LOC/o/LOC_6000.java
Sep 28, 2025 4:56:41 PM org.javacs.JavaLanguageServer completion
INFO: completion: 10.5139 document: file:///C:/Users/74993/Desktop/毕设/wll论文/java-language-server2/outputDir/LOC/o/LOC_6000.java
Sep 28, 2025 4:56:41 PM org.javacs.JavaLanguageServer didOpenTextDocument
INFO: #didOpenTextDocument# try call goto {"context":{"includeDeclaration":false},"textDocument":{"uri":"file:///C:/Users/74993/Desktop/%E6%AF%95%E8%AE%BE/wll%E8%AE%BA%E6%96%87/java-language-server2/outputDir/LOC/o/LOC_6000.java"},"position":{"line":5993,"character":23}}
Sep 28, 2025 4:56:41 PM org.javacs.JavaLanguageServer gotoDefinition
INFO: gotoDefinition: 271.7295 document: file:///C:/Users/74993/Desktop/毕设/wll论文/java-language-server2/outputDir/LOC/o/LOC_6000.java
Sep 28, 2025 4:56:41 PM org.javacs.JavaCompilerService compileBatch
INFO: ...using cached compile
Sep 28, 2025 4:56:42 PM org.javacs.JavaLanguageServer gotoDefinition
INFO: gotoDefinition: 233.0342 document: file:///C:/Users/74993/Desktop/毕设/wll论文/java-language-server2/outputDir/LOC/o/LOC_6000.java
Sep 28, 2025 4:56:42 PM org.javacs.JavaCompilerService compileBatch
INFO: ...using cached compile
Sep 28, 2025 4:56:42 PM org.javacs.JavaLanguageServer gotoDefinition
INFO: gotoDefinition: 235.8013 document: file:///C:/Users/74993/Desktop/毕设/wll论文/java-language-server2/outputDir/LOC/o/LOC_6000.java
Sep 28, 2025 4:56:42 PM org.javacs.JavaCompilerService compileBatch
INFO: ...using cached compile
Sep 28, 2025 4:56:42 PM org.javacs.JavaLanguageServer gotoDefinition
INFO: gotoDefinition: 223.6894 document: file:///C:/Users/74993/Desktop/毕设/wll论文/java-language-server2/outputDir/LOC/o/LOC_6000.java
Sep 28, 2025 4:56:42 PM org.javacs.JavaCompilerService compileBatch
INFO: ...using cached compile
Sep 28, 2025 4:56:42 PM org.javacs.JavaLanguageServer gotoDefinition
INFO: gotoDefinition: 240.644 document: file:///C:/Users/74993/Desktop/毕设/wll论文/java-language-server2/outputDir/LOC/o/LOC_6000.java
Sep 28, 2025 4:56:42 PM org.javacs.JavaLanguageServer didOpenTextDocument
INFO: #didOpenTextDocument# try call rename {"context":{"includeDeclaration":false},"textDocument":{"uri":"file:///C:/Users/74993/Desktop/%E6%AF%95%E8%AE%BE/wll%E8%AE%BA%E6%96%87/java-language-server2/outputDir/LOC/o/LOC_6000.java"},"position":{"line":5993,"character":23}}
Sep 28, 2025 4:56:42 PM org.javacs.JavaCompilerService compileBatch
INFO: ...using cached compile
Sep 28, 2025 4:56:42 PM org.javacs.JavaLanguageServer rename
INFO: rename: 215.0577 document: file:///C:/Users/74993/Desktop/毕设/wll论文/java-language-server2/outputDir/LOC/o/LOC_6000.java
Sep 28, 2025 4:56:42 PM org.javacs.JavaCompilerService compileBatch
INFO: ...using cached compile
Sep 28, 2025 4:56:43 PM org.javacs.JavaLanguageServer rename
INFO: rename: 208.3381 document: file:///C:/Users/74993/Desktop/毕设/wll论文/java-language-server2/outputDir/LOC/o/LOC_6000.java
Sep 28, 2025 4:56:43 PM org.javacs.JavaCompilerService compileBatch
INFO: ...using cached compile
Sep 28, 2025 4:56:43 PM org.javacs.JavaLanguageServer rename
INFO: rename: 225.9698 document: file:///C:/Users/74993/Desktop/毕设/wll论文/java-language-server2/outputDir/LOC/o/LOC_6000.java
Sep 28, 2025 4:56:43 PM org.javacs.JavaCompilerService compileBatch
INFO: ...using cached compile
Sep 28, 2025 4:56:43 PM org.javacs.JavaLanguageServer rename
INFO: rename: 230.0014 document: file:///C:/Users/74993/Desktop/毕设/wll论文/java-language-server2/outputDir/LOC/o/LOC_6000.java
Sep 28, 2025 4:56:43 PM org.javacs.JavaCompilerService compileBatch
INFO: ...using cached compile
Sep 28, 2025 4:56:43 PM org.javacs.JavaLanguageServer rename
INFO: rename: 215.3896 document: file:///C:/Users/74993/Desktop/毕设/wll论文/java-language-server2/outputDir/LOC/o/LOC_6000.java
Sep 28, 2025 4:56:43 PM org.javacs.JavaLanguageServer didOpenTextDocument
INFO: #didOpenTextDocument# try completion {"context":{"includeDeclaration":false},"textDocument":{"uri":"file:///C:/Users/74993/Desktop/%E6%AF%95%E8%AE%BE/wll%E8%AE%BA%E6%96%87/java-language-server2/outputDir/LOC/o/LOC_6000.java"},"position":{"line":5993,"character":23}}
Sep 28, 2025 4:56:43 PM org.javacs.JavaLanguageServer completion
INFO: completion: 13.0393 document: file:///C:/Users/74993/Desktop/毕设/wll论文/java-language-server2/outputDir/LOC/o/LOC_6000.java
Sep 28, 2025 4:56:43 PM org.javacs.JavaLanguageServer completion
INFO: completion: 10.5131 document: file:///C:/Users/74993/Desktop/毕设/wll论文/java-language-server2/outputDir/LOC/o/LOC_6000.java
Sep 28, 2025 4:56:43 PM org.javacs.JavaLanguageServer completion
INFO: completion: 10.0056 document: file:///C:/Users/74993/Desktop/毕设/wll论文/java-language-server2/outputDir/LOC/o/LOC_6000.java
Sep 28, 2025 4:56:43 PM org.javacs.JavaLanguageServer completion
INFO: completion: 9.5207 document: file:///C:/Users/74993/Desktop/毕设/wll论文/java-language-server2/outputDir/LOC/o/LOC_6000.java
Sep 28, 2025 4:56:43 PM org.javacs.JavaLanguageServer completion
INFO: completion: 10.5225 document: file:///C:/Users/74993/Desktop/毕设/wll论文/java-language-server2/outputDir/LOC/o/LOC_6000.java
Sep 28, 2025 4:56:43 PM org.javacs.JavaLanguageServer didOpenTextDocument
INFO: #didOpenTextDocument# try call reference {"context":{"includeDeclaration":false},"textDocument":{"uri":"file:///C:/Users/74993/Desktop/%E6%AF%95%E8%AE%BE/wll%E8%AE%BA%E6%96%87/java-language-server2/outputDir/LOC/p/LOC_6400.java"},"position":{"line":73,"character":31}}
Sep 28, 2025 4:56:43 PM org.javacs.ScanClassPath jdkTopLevelClasses
INFO: Searching for top-level classes in the JDK
Sep 28, 2025 4:56:44 PM org.javacs.ScanClassPath jdkTopLevelClasses
INFO: Found 15005 classes in the java platform
Sep 28, 2025 4:56:44 PM org.javacs.ScanClassPath classPathTopLevelClasses
INFO: Searching for top-level classes in 0 classpath locations
Sep 28, 2025 4:56:44 PM org.javacs.ScanClassPath classPathTopLevelClasses
INFO: Found 0 classes in classpath
Sep 28, 2025 4:56:44 PM org.javacs.ReusableCompiler getTask
WARNING: Options changed from [-classpath, , --add-modules, ALL-MODULE-PATH, -proc:none, -g, -Xlint:cast, -Xlint:deprecation, -Xlint:empty, -Xlint:fallthrough, -Xlint:finally, -Xlint:path, -Xlint:unchecked, -Xlint:varargs, -Xlint:static] to [-classpath, , --add-modules, ALL-MODULE-PATH, -proc:none, -g, -Xlint:cast, -Xlint:deprecation, -Xlint:empty, -Xlint:fallthrough, -Xlint:finally, -Xlint:path, -Xlint:unchecked, -Xlint:varargs, -Xlint:static], creating new compiler
Sep 28, 2025 4:56:44 PM org.javacs.JavaLanguageServer findReferences
INFO: compile component: 23.2855 document: file:///C:/Users/74993/Desktop/毕设/wll论文/java-language-server2/outputDir/LOC/p/LOC_6400.java
Sep 28, 2025 4:56:44 PM org.javacs.JavaLanguageServer findReferences
INFO: locate component: 227.7737 document: file:///C:/Users/74993/Desktop/毕设/wll论文/java-language-server2/outputDir/LOC/p/LOC_6400.java
Sep 28, 2025 4:56:44 PM org.javacs.JavaLanguageServer findReferences
INFO: traverse component: 1.0017 document: file:///C:/Users/74993/Desktop/毕设/wll论文/java-language-server2/outputDir/LOC/p/LOC_6400.java
Sep 28, 2025 4:56:44 PM org.javacs.JavaLanguageServer findReferences
INFO: NOD: 15630 document: file:///C:/Users/74993/Desktop/毕设/wll论文/java-language-server2/outputDir/LOC/p/LOC_6400.java
Sep 28, 2025 4:56:44 PM org.javacs.JavaLanguageServer findReferences
INFO: DEF: 1187 document: file:///C:/Users/74993/Desktop/毕设/wll论文/java-language-server2/outputDir/LOC/p/LOC_6400.java
Sep 28, 2025 4:56:44 PM org.javacs.JavaLanguageServer findReferences
INFO: OCC: 9257 document: file:///C:/Users/74993/Desktop/毕设/wll论文/java-language-server2/outputDir/LOC/p/LOC_6400.java
Sep 28, 2025 4:56:44 PM org.javacs.JavaLanguageServer findReferences
INFO: LOC: 6367 document: file:///C:/Users/74993/Desktop/毕设/wll论文/java-language-server2/outputDir/LOC/p/LOC_6400.java
Sep 28, 2025 4:56:44 PM org.javacs.ScanClassPath jdkTopLevelClasses
INFO: Searching for top-level classes in the JDK
Sep 28, 2025 4:56:44 PM org.javacs.ScanClassPath jdkTopLevelClasses
INFO: Found 15005 classes in the java platform
Sep 28, 2025 4:56:44 PM org.javacs.ScanClassPath classPathTopLevelClasses
INFO: Searching for top-level classes in 0 classpath locations
Sep 28, 2025 4:56:44 PM org.javacs.ScanClassPath classPathTopLevelClasses
INFO: Found 0 classes in classpath
Sep 28, 2025 4:56:44 PM org.javacs.ReusableCompiler getTask
WARNING: Options changed from [-classpath, , --add-modules, ALL-MODULE-PATH, -proc:none, -g, -Xlint:cast, -Xlint:deprecation, -Xlint:empty, -Xlint:fallthrough, -Xlint:finally, -Xlint:path, -Xlint:unchecked, -Xlint:varargs, -Xlint:static] to [-classpath, , --add-modules, ALL-MODULE-PATH, -proc:none, -g, -Xlint:cast, -Xlint:deprecation, -Xlint:empty, -Xlint:fallthrough, -Xlint:finally, -Xlint:path, -Xlint:unchecked, -Xlint:varargs, -Xlint:static], creating new compiler
Sep 28, 2025 4:56:44 PM org.javacs.JavaLanguageServer findReferences
INFO: compile component: 9.5163 document: file:///C:/Users/74993/Desktop/毕设/wll论文/java-language-server2/outputDir/LOC/p/LOC_6400.java
Sep 28, 2025 4:56:44 PM org.javacs.JavaLanguageServer findReferences
INFO: locate component: 240.076 document: file:///C:/Users/74993/Desktop/毕设/wll论文/java-language-server2/outputDir/LOC/p/LOC_6400.java
Sep 28, 2025 4:56:44 PM org.javacs.JavaLanguageServer findReferences
INFO: traverse component: 0.9416 document: file:///C:/Users/74993/Desktop/毕设/wll论文/java-language-server2/outputDir/LOC/p/LOC_6400.java
Sep 28, 2025 4:56:44 PM org.javacs.JavaLanguageServer findReferences
INFO: NOD: 15630 document: file:///C:/Users/74993/Desktop/毕设/wll论文/java-language-server2/outputDir/LOC/p/LOC_6400.java
Sep 28, 2025 4:56:44 PM org.javacs.JavaLanguageServer findReferences
INFO: DEF: 1187 document: file:///C:/Users/74993/Desktop/毕设/wll论文/java-language-server2/outputDir/LOC/p/LOC_6400.java
Sep 28, 2025 4:56:44 PM org.javacs.JavaLanguageServer findReferences
INFO: OCC: 9257 document: file:///C:/Users/74993/Desktop/毕设/wll论文/java-language-server2/outputDir/LOC/p/LOC_6400.java
Sep 28, 2025 4:56:44 PM org.javacs.JavaLanguageServer findReferences
INFO: LOC: 6367 document: file:///C:/Users/74993/Desktop/毕设/wll论文/java-language-server2/outputDir/LOC/p/LOC_6400.java
Sep 28, 2025 4:56:44 PM org.javacs.ScanClassPath jdkTopLevelClasses
INFO: Searching for top-level classes in the JDK
Sep 28, 2025 4:56:44 PM org.javacs.ScanClassPath jdkTopLevelClasses
INFO: Found 15005 classes in the java platform
Sep 28, 2025 4:56:44 PM org.javacs.ScanClassPath classPathTopLevelClasses
INFO: Searching for top-level classes in 0 classpath locations
Sep 28, 2025 4:56:44 PM org.javacs.ScanClassPath classPathTopLevelClasses
INFO: Found 0 classes in classpath
Sep 28, 2025 4:56:44 PM org.javacs.ReusableCompiler getTask
WARNING: Options changed from [-classpath, , --add-modules, ALL-MODULE-PATH, -proc:none, -g, -Xlint:cast, -Xlint:deprecation, -Xlint:empty, -Xlint:fallthrough, -Xlint:finally, -Xlint:path, -Xlint:unchecked, -Xlint:varargs, -Xlint:static] to [-classpath, , --add-modules, ALL-MODULE-PATH, -proc:none, -g, -Xlint:cast, -Xlint:deprecation, -Xlint:empty, -Xlint:fallthrough, -Xlint:finally, -Xlint:path, -Xlint:unchecked, -Xlint:varargs, -Xlint:static], creating new compiler
Sep 28, 2025 4:56:44 PM org.javacs.JavaLanguageServer findReferences
INFO: compile component: 10.525 document: file:///C:/Users/74993/Desktop/毕设/wll论文/java-language-server2/outputDir/LOC/p/LOC_6400.java
Sep 28, 2025 4:56:45 PM org.javacs.JavaLanguageServer findReferences
INFO: locate component: 222.6371 document: file:///C:/Users/74993/Desktop/毕设/wll论文/java-language-server2/outputDir/LOC/p/LOC_6400.java
Sep 28, 2025 4:56:45 PM org.javacs.JavaLanguageServer findReferences
INFO: traverse component: 1.0001 document: file:///C:/Users/74993/Desktop/毕设/wll论文/java-language-server2/outputDir/LOC/p/LOC_6400.java
Sep 28, 2025 4:56:45 PM org.javacs.JavaLanguageServer findReferences
INFO: NOD: 15630 document: file:///C:/Users/74993/Desktop/毕设/wll论文/java-language-server2/outputDir/LOC/p/LOC_6400.java
Sep 28, 2025 4:56:45 PM org.javacs.JavaLanguageServer findReferences
INFO: DEF: 1187 document: file:///C:/Users/74993/Desktop/毕设/wll论文/java-language-server2/outputDir/LOC/p/LOC_6400.java
Sep 28, 2025 4:56:45 PM org.javacs.JavaLanguageServer findReferences
INFO: OCC: 9257 document: file:///C:/Users/74993/Desktop/毕设/wll论文/java-language-server2/outputDir/LOC/p/LOC_6400.java
Sep 28, 2025 4:56:45 PM org.javacs.JavaLanguageServer findReferences
INFO: LOC: 6367 document: file:///C:/Users/74993/Desktop/毕设/wll论文/java-language-server2/outputDir/LOC/p/LOC_6400.java
Sep 28, 2025 4:56:45 PM org.javacs.ScanClassPath jdkTopLevelClasses
INFO: Searching for top-level classes in the JDK
Sep 28, 2025 4:56:45 PM org.javacs.ScanClassPath jdkTopLevelClasses
INFO: Found 15005 classes in the java platform
Sep 28, 2025 4:56:45 PM org.javacs.ScanClassPath classPathTopLevelClasses
INFO: Searching for top-level classes in 0 classpath locations
Sep 28, 2025 4:56:45 PM org.javacs.ScanClassPath classPathTopLevelClasses
INFO: Found 0 classes in classpath
Sep 28, 2025 4:56:45 PM org.javacs.ReusableCompiler getTask
WARNING: Options changed from [-classpath, , --add-modules, ALL-MODULE-PATH, -proc:none, -g, -Xlint:cast, -Xlint:deprecation, -Xlint:empty, -Xlint:fallthrough, -Xlint:finally, -Xlint:path, -Xlint:unchecked, -Xlint:varargs, -Xlint:static] to [-classpath, , --add-modules, ALL-MODULE-PATH, -proc:none, -g, -Xlint:cast, -Xlint:deprecation, -Xlint:empty, -Xlint:fallthrough, -Xlint:finally, -Xlint:path, -Xlint:unchecked, -Xlint:varargs, -Xlint:static], creating new compiler
Sep 28, 2025 4:56:45 PM org.javacs.JavaLanguageServer findReferences
INFO: compile component: 11.0248 document: file:///C:/Users/74993/Desktop/毕设/wll论文/java-language-server2/outputDir/LOC/p/LOC_6400.java
Sep 28, 2025 4:56:45 PM org.javacs.JavaLanguageServer findReferences
INFO: locate component: 219.7388 document: file:///C:/Users/74993/Desktop/毕设/wll论文/java-language-server2/outputDir/LOC/p/LOC_6400.java
Sep 28, 2025 4:56:45 PM org.javacs.JavaLanguageServer findReferences
INFO: traverse component: 0.8162 document: file:///C:/Users/74993/Desktop/毕设/wll论文/java-language-server2/outputDir/LOC/p/LOC_6400.java
Sep 28, 2025 4:56:45 PM org.javacs.JavaLanguageServer findReferences
INFO: NOD: 15630 document: file:///C:/Users/74993/Desktop/毕设/wll论文/java-language-server2/outputDir/LOC/p/LOC_6400.java
Sep 28, 2025 4:56:45 PM org.javacs.JavaLanguageServer findReferences
INFO: DEF: 1187 document: file:///C:/Users/74993/Desktop/毕设/wll论文/java-language-server2/outputDir/LOC/p/LOC_6400.java
Sep 28, 2025 4:56:45 PM org.javacs.JavaLanguageServer findReferences
INFO: OCC: 9257 document: file:///C:/Users/74993/Desktop/毕设/wll论文/java-language-server2/outputDir/LOC/p/LOC_6400.java
Sep 28, 2025 4:56:45 PM org.javacs.JavaLanguageServer findReferences
INFO: LOC: 6367 document: file:///C:/Users/74993/Desktop/毕设/wll论文/java-language-server2/outputDir/LOC/p/LOC_6400.java
Sep 28, 2025 4:56:45 PM org.javacs.ScanClassPath jdkTopLevelClasses
INFO: Searching for top-level classes in the JDK
Sep 28, 2025 4:56:45 PM org.javacs.ScanClassPath jdkTopLevelClasses
INFO: Found 15005 classes in the java platform
Sep 28, 2025 4:56:45 PM org.javacs.ScanClassPath classPathTopLevelClasses
INFO: Searching for top-level classes in 0 classpath locations
Sep 28, 2025 4:56:45 PM org.javacs.ScanClassPath classPathTopLevelClasses
INFO: Found 0 classes in classpath
Sep 28, 2025 4:56:45 PM org.javacs.ReusableCompiler getTask
WARNING: Options changed from [-classpath, , --add-modules, ALL-MODULE-PATH, -proc:none, -g, -Xlint:cast, -Xlint:deprecation, -Xlint:empty, -Xlint:fallthrough, -Xlint:finally, -Xlint:path, -Xlint:unchecked, -Xlint:varargs, -Xlint:static] to [-classpath, , --add-modules, ALL-MODULE-PATH, -proc:none, -g, -Xlint:cast, -Xlint:deprecation, -Xlint:empty, -Xlint:fallthrough, -Xlint:finally, -Xlint:path, -Xlint:unchecked, -Xlint:varargs, -Xlint:static], creating new compiler
Sep 28, 2025 4:56:45 PM org.javacs.JavaLanguageServer findReferences
INFO: compile component: 18.0502 document: file:///C:/Users/74993/Desktop/毕设/wll论文/java-language-server2/outputDir/LOC/p/LOC_6400.java
Sep 28, 2025 4:56:45 PM org.javacs.JavaLanguageServer findReferences
INFO: locate component: 232.9032 document: file:///C:/Users/74993/Desktop/毕设/wll论文/java-language-server2/outputDir/LOC/p/LOC_6400.java
Sep 28, 2025 4:56:45 PM org.javacs.JavaLanguageServer findReferences
INFO: traverse component: 0.0 document: file:///C:/Users/74993/Desktop/毕设/wll论文/java-language-server2/outputDir/LOC/p/LOC_6400.java
Sep 28, 2025 4:56:45 PM org.javacs.JavaLanguageServer findReferences
INFO: NOD: 15630 document: file:///C:/Users/74993/Desktop/毕设/wll论文/java-language-server2/outputDir/LOC/p/LOC_6400.java
Sep 28, 2025 4:56:45 PM org.javacs.JavaLanguageServer findReferences
INFO: DEF: 1187 document: file:///C:/Users/74993/Desktop/毕设/wll论文/java-language-server2/outputDir/LOC/p/LOC_6400.java
Sep 28, 2025 4:56:45 PM org.javacs.JavaLanguageServer findReferences
INFO: OCC: 9257 document: file:///C:/Users/74993/Desktop/毕设/wll论文/java-language-server2/outputDir/LOC/p/LOC_6400.java
Sep 28, 2025 4:56:45 PM org.javacs.JavaLanguageServer findReferences
INFO: LOC: 6367 document: file:///C:/Users/74993/Desktop/毕设/wll论文/java-language-server2/outputDir/LOC/p/LOC_6400.java
Sep 28, 2025 4:56:45 PM org.javacs.JavaLanguageServer didOpenTextDocument
INFO: #didOpenTextDocument# try call goto {"context":{"includeDeclaration":false},"textDocument":{"uri":"file:///C:/Users/74993/Desktop/%E6%AF%95%E8%AE%BE/wll%E8%AE%BA%E6%96%87/java-language-server2/outputDir/LOC/p/LOC_6400.java"},"position":{"line":73,"character":31}}
Sep 28, 2025 4:56:45 PM org.javacs.JavaCompilerService compileBatch
INFO: ...using cached compile
Sep 28, 2025 4:56:46 PM org.javacs.JavaLanguageServer gotoDefinition
INFO: gotoDefinition: 243.298 document: file:///C:/Users/74993/Desktop/毕设/wll论文/java-language-server2/outputDir/LOC/p/LOC_6400.java
Sep 28, 2025 4:56:46 PM org.javacs.JavaCompilerService compileBatch
INFO: ...using cached compile
Sep 28, 2025 4:56:46 PM org.javacs.JavaLanguageServer gotoDefinition
INFO: gotoDefinition: 231.2298 document: file:///C:/Users/74993/Desktop/毕设/wll论文/java-language-server2/outputDir/LOC/p/LOC_6400.java
Sep 28, 2025 4:56:46 PM org.javacs.JavaCompilerService compileBatch
INFO: ...using cached compile
Sep 28, 2025 4:56:46 PM org.javacs.JavaLanguageServer gotoDefinition
INFO: gotoDefinition: 215.115 document: file:///C:/Users/74993/Desktop/毕设/wll论文/java-language-server2/outputDir/LOC/p/LOC_6400.java
Sep 28, 2025 4:56:46 PM org.javacs.JavaCompilerService compileBatch
INFO: ...using cached compile
Sep 28, 2025 4:56:46 PM org.javacs.JavaLanguageServer gotoDefinition
INFO: gotoDefinition: 217.4224 document: file:///C:/Users/74993/Desktop/毕设/wll论文/java-language-server2/outputDir/LOC/p/LOC_6400.java
Sep 28, 2025 4:56:46 PM org.javacs.JavaCompilerService compileBatch
INFO: ...using cached compile
Sep 28, 2025 4:56:47 PM org.javacs.JavaLanguageServer gotoDefinition
INFO: gotoDefinition: 218.526 document: file:///C:/Users/74993/Desktop/毕设/wll论文/java-language-server2/outputDir/LOC/p/LOC_6400.java
Sep 28, 2025 4:56:47 PM org.javacs.JavaLanguageServer didOpenTextDocument
INFO: #didOpenTextDocument# try call rename {"context":{"includeDeclaration":false},"textDocument":{"uri":"file:///C:/Users/74993/Desktop/%E6%AF%95%E8%AE%BE/wll%E8%AE%BA%E6%96%87/java-language-server2/outputDir/LOC/p/LOC_6400.java"},"position":{"line":73,"character":31}}
Sep 28, 2025 4:56:47 PM org.javacs.JavaCompilerService compileBatch
INFO: ...using cached compile
Sep 28, 2025 4:56:47 PM org.javacs.JavaLanguageServer rename
INFO: rename: 213.14 document: file:///C:/Users/74993/Desktop/毕设/wll论文/java-language-server2/outputDir/LOC/p/LOC_6400.java
Sep 28, 2025 4:56:47 PM org.javacs.JavaCompilerService compileBatch
INFO: ...using cached compile
Sep 28, 2025 4:56:47 PM org.javacs.JavaLanguageServer rename
INFO: rename: 234.0464 document: file:///C:/Users/74993/Desktop/毕设/wll论文/java-language-server2/outputDir/LOC/p/LOC_6400.java
Sep 28, 2025 4:56:47 PM org.javacs.JavaCompilerService compileBatch
INFO: ...using cached compile
Sep 28, 2025 4:56:47 PM org.javacs.JavaLanguageServer rename
INFO: rename: 361.931 document: file:///C:/Users/74993/Desktop/毕设/wll论文/java-language-server2/outputDir/LOC/p/LOC_6400.java
Sep 28, 2025 4:56:47 PM org.javacs.JavaCompilerService compileBatch
INFO: ...using cached compile
Sep 28, 2025 4:56:48 PM org.javacs.JavaLanguageServer rename
INFO: rename: 274.1123 document: file:///C:/Users/74993/Desktop/毕设/wll论文/java-language-server2/outputDir/LOC/p/LOC_6400.java
Sep 28, 2025 4:56:48 PM org.javacs.JavaCompilerService compileBatch
INFO: ...using cached compile
Sep 28, 2025 4:56:48 PM org.javacs.JavaLanguageServer rename
INFO: rename: 256.987 document: file:///C:/Users/74993/Desktop/毕设/wll论文/java-language-server2/outputDir/LOC/p/LOC_6400.java
Sep 28, 2025 4:56:48 PM org.javacs.JavaLanguageServer didOpenTextDocument
INFO: #didOpenTextDocument# try completion {"context":{"includeDeclaration":false},"textDocument":{"uri":"file:///C:/Users/74993/Desktop/%E6%AF%95%E8%AE%BE/wll%E8%AE%BA%E6%96%87/java-language-server2/outputDir/LOC/p/LOC_6400.java"},"position":{"line":73,"character":31}}
Sep 28, 2025 4:56:48 PM org.javacs.JavaLanguageServer completion
INFO: completion: 16.1142 document: file:///C:/Users/74993/Desktop/毕设/wll论文/java-language-server2/outputDir/LOC/p/LOC_6400.java
Sep 28, 2025 4:56:48 PM org.javacs.JavaLanguageServer completion
INFO: completion: 13.51 document: file:///C:/Users/74993/Desktop/毕设/wll论文/java-language-server2/outputDir/LOC/p/LOC_6400.java
Sep 28, 2025 4:56:48 PM org.javacs.JavaLanguageServer completion
INFO: completion: 12.5094 document: file:///C:/Users/74993/Desktop/毕设/wll论文/java-language-server2/outputDir/LOC/p/LOC_6400.java
Sep 28, 2025 4:56:48 PM org.javacs.JavaLanguageServer completion
INFO: completion: 14.0267 document: file:///C:/Users/74993/Desktop/毕设/wll论文/java-language-server2/outputDir/LOC/p/LOC_6400.java
Sep 28, 2025 4:56:48 PM org.javacs.JavaLanguageServer completion
INFO: completion: 12.6026 document: file:///C:/Users/74993/Desktop/毕设/wll论文/java-language-server2/outputDir/LOC/p/LOC_6400.java
Sep 28, 2025 4:56:48 PM org.javacs.JavaLanguageServer didOpenTextDocument
INFO: #didOpenTextDocument# try call goto {"context":{"includeDeclaration":false},"textDocument":{"uri":"file:///C:/Users/74993/Desktop/%E6%AF%95%E8%AE%BE/wll%E8%AE%BA%E6%96%87/java-language-server2/outputDir/LOC/p/LOC_6400.java"},"position":{"line":6351,"character":40}}
Sep 28, 2025 4:56:48 PM org.javacs.JavaLanguageServer gotoDefinition
INFO: gotoDefinition: 282.9388 document: file:///C:/Users/74993/Desktop/毕设/wll论文/java-language-server2/outputDir/LOC/p/LOC_6400.java
Sep 28, 2025 4:56:48 PM org.javacs.JavaCompilerService compileBatch
INFO: ...using cached compile
Sep 28, 2025 4:56:48 PM org.javacs.JavaLanguageServer gotoDefinition
INFO: gotoDefinition: 249.4893 document: file:///C:/Users/74993/Desktop/毕设/wll论文/java-language-server2/outputDir/LOC/p/LOC_6400.java
Sep 28, 2025 4:56:48 PM org.javacs.JavaCompilerService compileBatch
INFO: ...using cached compile
Sep 28, 2025 4:56:49 PM org.javacs.JavaLanguageServer gotoDefinition
INFO: gotoDefinition: 238.7886 document: file:///C:/Users/74993/Desktop/毕设/wll论文/java-language-server2/outputDir/LOC/p/LOC_6400.java
Sep 28, 2025 4:56:49 PM org.javacs.JavaCompilerService compileBatch
INFO: ...using cached compile
Sep 28, 2025 4:56:49 PM org.javacs.JavaLanguageServer gotoDefinition
INFO: gotoDefinition: 258.6633 document: file:///C:/Users/74993/Desktop/毕设/wll论文/java-language-server2/outputDir/LOC/p/LOC_6400.java
Sep 28, 2025 4:56:49 PM org.javacs.JavaCompilerService compileBatch
INFO: ...using cached compile
Sep 28, 2025 4:56:49 PM org.javacs.JavaLanguageServer gotoDefinition
INFO: gotoDefinition: 252.8184 document: file:///C:/Users/74993/Desktop/毕设/wll论文/java-language-server2/outputDir/LOC/p/LOC_6400.java
Sep 28, 2025 4:56:49 PM org.javacs.JavaLanguageServer didOpenTextDocument
INFO: #didOpenTextDocument# try call rename {"context":{"includeDeclaration":false},"textDocument":{"uri":"file:///C:/Users/74993/Desktop/%E6%AF%95%E8%AE%BE/wll%E8%AE%BA%E6%96%87/java-language-server2/outputDir/LOC/p/LOC_6400.java"},"position":{"line":6351,"character":40}}
Sep 28, 2025 4:56:49 PM org.javacs.JavaCompilerService compileBatch
INFO: ...using cached compile
Sep 28, 2025 4:56:50 PM org.javacs.JavaLanguageServer rename
INFO: rename: 266.2515 document: file:///C:/Users/74993/Desktop/毕设/wll论文/java-language-server2/outputDir/LOC/p/LOC_6400.java
Sep 28, 2025 4:56:50 PM org.javacs.JavaCompilerService compileBatch
INFO: ...using cached compile
Sep 28, 2025 4:56:50 PM org.javacs.JavaLanguageServer rename
INFO: rename: 259.6877 document: file:///C:/Users/74993/Desktop/毕设/wll论文/java-language-server2/outputDir/LOC/p/LOC_6400.java
Sep 28, 2025 4:56:50 PM org.javacs.JavaCompilerService compileBatch
INFO: ...using cached compile
Sep 28, 2025 4:56:50 PM org.javacs.JavaLanguageServer rename
INFO: rename: 262.8787 document: file:///C:/Users/74993/Desktop/毕设/wll论文/java-language-server2/outputDir/LOC/p/LOC_6400.java
Sep 28, 2025 4:56:50 PM org.javacs.JavaCompilerService compileBatch
INFO: ...using cached compile
Sep 28, 2025 4:56:50 PM org.javacs.JavaLanguageServer rename
INFO: rename: 235.5903 document: file:///C:/Users/74993/Desktop/毕设/wll论文/java-language-server2/outputDir/LOC/p/LOC_6400.java
Sep 28, 2025 4:56:50 PM org.javacs.JavaCompilerService compileBatch
INFO: ...using cached compile
Sep 28, 2025 4:56:51 PM org.javacs.JavaLanguageServer rename
INFO: rename: 279.433 document: file:///C:/Users/74993/Desktop/毕设/wll论文/java-language-server2/outputDir/LOC/p/LOC_6400.java
Sep 28, 2025 4:56:51 PM org.javacs.JavaLanguageServer didOpenTextDocument
INFO: #didOpenTextDocument# try completion {"context":{"includeDeclaration":false},"textDocument":{"uri":"file:///C:/Users/74993/Desktop/%E6%AF%95%E8%AE%BE/wll%E8%AE%BA%E6%96%87/java-language-server2/outputDir/LOC/p/LOC_6400.java"},"position":{"line":6351,"character":40}}
Sep 28, 2025 4:56:51 PM org.javacs.JavaLanguageServer completion
INFO: completion: 19.5337 document: file:///C:/Users/74993/Desktop/毕设/wll论文/java-language-server2/outputDir/LOC/p/LOC_6400.java
Sep 28, 2025 4:56:51 PM org.javacs.JavaLanguageServer completion
INFO: completion: 12.5164 document: file:///C:/Users/74993/Desktop/毕设/wll论文/java-language-server2/outputDir/LOC/p/LOC_6400.java
Sep 28, 2025 4:56:51 PM org.javacs.JavaLanguageServer completion
INFO: completion: 12.2798 document: file:///C:/Users/74993/Desktop/毕设/wll论文/java-language-server2/outputDir/LOC/p/LOC_6400.java
Sep 28, 2025 4:56:51 PM org.javacs.JavaLanguageServer completion
INFO: completion: 11.9446 document: file:///C:/Users/74993/Desktop/毕设/wll论文/java-language-server2/outputDir/LOC/p/LOC_6400.java
Sep 28, 2025 4:56:51 PM org.javacs.JavaLanguageServer completion
INFO: completion: 13.51 document: file:///C:/Users/74993/Desktop/毕设/wll论文/java-language-server2/outputDir/LOC/p/LOC_6400.java
Sep 28, 2025 4:56:51 PM org.javacs.JavaLanguageServer didOpenTextDocument
INFO: #didOpenTextDocument# try call reference {"context":{"includeDeclaration":false},"textDocument":{"uri":"file:///C:/Users/74993/Desktop/%E6%AF%95%E8%AE%BE/wll%E8%AE%BA%E6%96%87/java-language-server2/outputDir/LOC/q/LOC_6800.java"},"position":{"line":73,"character":31}}
Sep 28, 2025 4:56:51 PM org.javacs.ScanClassPath jdkTopLevelClasses
INFO: Searching for top-level classes in the JDK
Sep 28, 2025 4:56:51 PM org.javacs.ScanClassPath jdkTopLevelClasses
INFO: Found 15005 classes in the java platform
Sep 28, 2025 4:56:51 PM org.javacs.ScanClassPath classPathTopLevelClasses
INFO: Searching for top-level classes in 0 classpath locations
Sep 28, 2025 4:56:51 PM org.javacs.ScanClassPath classPathTopLevelClasses
INFO: Found 0 classes in classpath
Sep 28, 2025 4:56:51 PM org.javacs.ReusableCompiler getTask
WARNING: Options changed from [-classpath, , --add-modules, ALL-MODULE-PATH, -proc:none, -g, -Xlint:cast, -Xlint:deprecation, -Xlint:empty, -Xlint:fallthrough, -Xlint:finally, -Xlint:path, -Xlint:unchecked, -Xlint:varargs, -Xlint:static] to [-classpath, , --add-modules, ALL-MODULE-PATH, -proc:none, -g, -Xlint:cast, -Xlint:deprecation, -Xlint:empty, -Xlint:fallthrough, -Xlint:finally, -Xlint:path, -Xlint:unchecked, -Xlint:varargs, -Xlint:static], creating new compiler
Sep 28, 2025 4:56:51 PM org.javacs.JavaLanguageServer findReferences
INFO: compile component: 29.9683 document: file:///C:/Users/74993/Desktop/毕设/wll论文/java-language-server2/outputDir/LOC/q/LOC_6800.java
Sep 28, 2025 4:56:51 PM org.javacs.JavaLanguageServer findReferences
INFO: locate component: 271.4904 document: file:///C:/Users/74993/Desktop/毕设/wll论文/java-language-server2/outputDir/LOC/q/LOC_6800.java
Sep 28, 2025 4:56:51 PM org.javacs.JavaLanguageServer findReferences
INFO: traverse component: 0.0 document: file:///C:/Users/74993/Desktop/毕设/wll论文/java-language-server2/outputDir/LOC/q/LOC_6800.java
Sep 28, 2025 4:56:51 PM org.javacs.JavaLanguageServer findReferences
INFO: NOD: 16672 document: file:///C:/Users/74993/Desktop/毕设/wll论文/java-language-server2/outputDir/LOC/q/LOC_6800.java
Sep 28, 2025 4:56:51 PM org.javacs.JavaLanguageServer findReferences
INFO: DEF: 1429 document: file:///C:/Users/74993/Desktop/毕设/wll论文/java-language-server2/outputDir/LOC/q/LOC_6800.java
Sep 28, 2025 4:56:51 PM org.javacs.JavaLanguageServer findReferences
INFO: OCC: 9955 document: file:///C:/Users/74993/Desktop/毕设/wll论文/java-language-server2/outputDir/LOC/q/LOC_6800.java
Sep 28, 2025 4:56:51 PM org.javacs.JavaLanguageServer findReferences
INFO: LOC: 6795 document: file:///C:/Users/74993/Desktop/毕设/wll论文/java-language-server2/outputDir/LOC/q/LOC_6800.java
Sep 28, 2025 4:56:51 PM org.javacs.ScanClassPath jdkTopLevelClasses
INFO: Searching for top-level classes in the JDK
Sep 28, 2025 4:56:51 PM org.javacs.ScanClassPath jdkTopLevelClasses
INFO: Found 15005 classes in the java platform
Sep 28, 2025 4:56:51 PM org.javacs.ScanClassPath classPathTopLevelClasses
INFO: Searching for top-level classes in 0 classpath locations
Sep 28, 2025 4:56:51 PM org.javacs.ScanClassPath classPathTopLevelClasses
INFO: Found 0 classes in classpath
Sep 28, 2025 4:56:51 PM org.javacs.ReusableCompiler getTask
WARNING: Options changed from [-classpath, , --add-modules, ALL-MODULE-PATH, -proc:none, -g, -Xlint:cast, -Xlint:deprecation, -Xlint:empty, -Xlint:fallthrough, -Xlint:finally, -Xlint:path, -Xlint:unchecked, -Xlint:varargs, -Xlint:static] to [-classpath, , --add-modules, ALL-MODULE-PATH, -proc:none, -g, -Xlint:cast, -Xlint:deprecation, -Xlint:empty, -Xlint:fallthrough, -Xlint:finally, -Xlint:path, -Xlint:unchecked, -Xlint:varargs, -Xlint:static], creating new compiler
Sep 28, 2025 4:56:51 PM org.javacs.JavaLanguageServer findReferences
INFO: compile component: 14.1544 document: file:///C:/Users/74993/Desktop/毕设/wll论文/java-language-server2/outputDir/LOC/q/LOC_6800.java
Sep 28, 2025 4:56:52 PM org.javacs.JavaLanguageServer findReferences
INFO: locate component: 323.2016 document: file:///C:/Users/74993/Desktop/毕设/wll论文/java-language-server2/outputDir/LOC/q/LOC_6800.java
Sep 28, 2025 4:56:52 PM org.javacs.JavaLanguageServer findReferences
INFO: traverse component: 0.0 document: file:///C:/Users/74993/Desktop/毕设/wll论文/java-language-server2/outputDir/LOC/q/LOC_6800.java
Sep 28, 2025 4:56:52 PM org.javacs.JavaLanguageServer findReferences
INFO: NOD: 16672 document: file:///C:/Users/74993/Desktop/毕设/wll论文/java-language-server2/outputDir/LOC/q/LOC_6800.java
Sep 28, 2025 4:56:52 PM org.javacs.JavaLanguageServer findReferences
INFO: DEF: 1429 document: file:///C:/Users/74993/Desktop/毕设/wll论文/java-language-server2/outputDir/LOC/q/LOC_6800.java
Sep 28, 2025 4:56:52 PM org.javacs.JavaLanguageServer findReferences
INFO: OCC: 9955 document: file:///C:/Users/74993/Desktop/毕设/wll论文/java-language-server2/outputDir/LOC/q/LOC_6800.java
Sep 28, 2025 4:56:52 PM org.javacs.JavaLanguageServer findReferences
INFO: LOC: 6795 document: file:///C:/Users/74993/Desktop/毕设/wll论文/java-language-server2/outputDir/LOC/q/LOC_6800.java
Sep 28, 2025 4:56:52 PM org.javacs.ScanClassPath jdkTopLevelClasses
INFO: Searching for top-level classes in the JDK
Sep 28, 2025 4:56:52 PM org.javacs.ScanClassPath jdkTopLevelClasses
INFO: Found 15005 classes in the java platform
Sep 28, 2025 4:56:52 PM org.javacs.ScanClassPath classPathTopLevelClasses
INFO: Searching for top-level classes in 0 classpath locations
Sep 28, 2025 4:56:52 PM org.javacs.ScanClassPath classPathTopLevelClasses
INFO: Found 0 classes in classpath
Sep 28, 2025 4:56:52 PM org.javacs.ReusableCompiler getTask
WARNING: Options changed from [-classpath, , --add-modules, ALL-MODULE-PATH, -proc:none, -g, -Xlint:cast, -Xlint:deprecation, -Xlint:empty, -Xlint:fallthrough, -Xlint:finally, -Xlint:path, -Xlint:unchecked, -Xlint:varargs, -Xlint:static] to [-classpath, , --add-modules, ALL-MODULE-PATH, -proc:none, -g, -Xlint:cast, -Xlint:deprecation, -Xlint:empty, -Xlint:fallthrough, -Xlint:finally, -Xlint:path, -Xlint:unchecked, -Xlint:varargs, -Xlint:static], creating new compiler
Sep 28, 2025 4:56:52 PM org.javacs.JavaLanguageServer findReferences
INFO: compile component: 13.7191 document: file:///C:/Users/74993/Desktop/毕设/wll论文/java-language-server2/outputDir/LOC/q/LOC_6800.java
Sep 28, 2025 4:56:52 PM org.javacs.JavaLanguageServer findReferences
INFO: locate component: 312.9807 document: file:///C:/Users/74993/Desktop/毕设/wll论文/java-language-server2/outputDir/LOC/q/LOC_6800.java
Sep 28, 2025 4:56:52 PM org.javacs.JavaLanguageServer findReferences
INFO: traverse component: 1.0014 document: file:///C:/Users/74993/Desktop/毕设/wll论文/java-language-server2/outputDir/LOC/q/LOC_6800.java
Sep 28, 2025 4:56:52 PM org.javacs.JavaLanguageServer findReferences
INFO: NOD: 16672 document: file:///C:/Users/74993/Desktop/毕设/wll论文/java-language-server2/outputDir/LOC/q/LOC_6800.java
Sep 28, 2025 4:56:52 PM org.javacs.JavaLanguageServer findReferences
INFO: DEF: 1429 document: file:///C:/Users/74993/Desktop/毕设/wll论文/java-language-server2/outputDir/LOC/q/LOC_6800.java
Sep 28, 2025 4:56:52 PM org.javacs.JavaLanguageServer findReferences
INFO: OCC: 9955 document: file:///C:/Users/74993/Desktop/毕设/wll论文/java-language-server2/outputDir/LOC/q/LOC_6800.java
Sep 28, 2025 4:56:52 PM org.javacs.JavaLanguageServer findReferences
INFO: LOC: 6795 document: file:///C:/Users/74993/Desktop/毕设/wll论文/java-language-server2/outputDir/LOC/q/LOC_6800.java
Sep 28, 2025 4:56:52 PM org.javacs.ScanClassPath jdkTopLevelClasses
INFO: Searching for top-level classes in the JDK
Sep 28, 2025 4:56:52 PM org.javacs.ScanClassPath jdkTopLevelClasses
INFO: Found 15005 classes in the java platform
Sep 28, 2025 4:56:52 PM org.javacs.ScanClassPath classPathTopLevelClasses
INFO: Searching for top-level classes in 0 classpath locations
Sep 28, 2025 4:56:52 PM org.javacs.ScanClassPath classPathTopLevelClasses
INFO: Found 0 classes in classpath
Sep 28, 2025 4:56:52 PM org.javacs.ReusableCompiler getTask
WARNING: Options changed from [-classpath, , --add-modules, ALL-MODULE-PATH, -proc:none, -g, -Xlint:cast, -Xlint:deprecation, -Xlint:empty, -Xlint:fallthrough, -Xlint:finally, -Xlint:path, -Xlint:unchecked, -Xlint:varargs, -Xlint:static] to [-classpath, , --add-modules, ALL-MODULE-PATH, -proc:none, -g, -Xlint:cast, -Xlint:deprecation, -Xlint:empty, -Xlint:fallthrough, -Xlint:finally, -Xlint:path, -Xlint:unchecked, -Xlint:varargs, -Xlint:static], creating new compiler
Sep 28, 2025 4:56:52 PM org.javacs.JavaLanguageServer findReferences
INFO: compile component: 14.5199 document: file:///C:/Users/74993/Desktop/毕设/wll论文/java-language-server2/outputDir/LOC/q/LOC_6800.java
Sep 28, 2025 4:56:53 PM org.javacs.JavaLanguageServer findReferences
INFO: locate component: 269.165 document: file:///C:/Users/74993/Desktop/毕设/wll论文/java-language-server2/outputDir/LOC/q/LOC_6800.java
Sep 28, 2025 4:56:53 PM org.javacs.JavaLanguageServer findReferences
INFO: traverse component: 0.0 document: file:///C:/Users/74993/Desktop/毕设/wll论文/java-language-server2/outputDir/LOC/q/LOC_6800.java
Sep 28, 2025 4:56:53 PM org.javacs.JavaLanguageServer findReferences
INFO: NOD: 16672 document: file:///C:/Users/74993/Desktop/毕设/wll论文/java-language-server2/outputDir/LOC/q/LOC_6800.java
Sep 28, 2025 4:56:53 PM org.javacs.JavaLanguageServer findReferences
INFO: DEF: 1429 document: file:///C:/Users/74993/Desktop/毕设/wll论文/java-language-server2/outputDir/LOC/q/LOC_6800.java
Sep 28, 2025 4:56:53 PM org.javacs.JavaLanguageServer findReferences
INFO: OCC: 9955 document: file:///C:/Users/74993/Desktop/毕设/wll论文/java-language-server2/outputDir/LOC/q/LOC_6800.java
Sep 28, 2025 4:56:53 PM org.javacs.JavaLanguageServer findReferences
INFO: LOC: 6795 document: file:///C:/Users/74993/Desktop/毕设/wll论文/java-language-server2/outputDir/LOC/q/LOC_6800.java
Sep 28, 2025 4:56:53 PM org.javacs.ScanClassPath jdkTopLevelClasses
INFO: Searching for top-level classes in the JDK
Sep 28, 2025 4:56:53 PM org.javacs.ScanClassPath jdkTopLevelClasses
INFO: Found 15005 classes in the java platform
Sep 28, 2025 4:56:53 PM org.javacs.ScanClassPath classPathTopLevelClasses
INFO: Searching for top-level classes in 0 classpath locations
Sep 28, 2025 4:56:53 PM org.javacs.ScanClassPath classPathTopLevelClasses
INFO: Found 0 classes in classpath
Sep 28, 2025 4:56:53 PM org.javacs.ReusableCompiler getTask
WARNING: Options changed from [-classpath, , --add-modules, ALL-MODULE-PATH, -proc:none, -g, -Xlint:cast, -Xlint:deprecation, -Xlint:empty, -Xlint:fallthrough, -Xlint:finally, -Xlint:path, -Xlint:unchecked, -Xlint:varargs, -Xlint:static] to [-classpath, , --add-modules, ALL-MODULE-PATH, -proc:none, -g, -Xlint:cast, -Xlint:deprecation, -Xlint:empty, -Xlint:fallthrough, -Xlint:finally, -Xlint:path, -Xlint:unchecked, -Xlint:varargs, -Xlint:static], creating new compiler
Sep 28, 2025 4:56:53 PM org.javacs.JavaLanguageServer findReferences
INFO: compile component: 12.0312 document: file:///C:/Users/74993/Desktop/毕设/wll论文/java-language-server2/outputDir/LOC/q/LOC_6800.java
Sep 28, 2025 4:56:53 PM org.javacs.JavaLanguageServer findReferences
INFO: locate component: 275.9692 document: file:///C:/Users/74993/Desktop/毕设/wll论文/java-language-server2/outputDir/LOC/q/LOC_6800.java
Sep 28, 2025 4:56:53 PM org.javacs.JavaLanguageServer findReferences
INFO: traverse component: 0.0 document: file:///C:/Users/74993/Desktop/毕设/wll论文/java-language-server2/outputDir/LOC/q/LOC_6800.java
Sep 28, 2025 4:56:53 PM org.javacs.JavaLanguageServer findReferences
INFO: NOD: 16672 document: file:///C:/Users/74993/Desktop/毕设/wll论文/java-language-server2/outputDir/LOC/q/LOC_6800.java
Sep 28, 2025 4:56:53 PM org.javacs.JavaLanguageServer findReferences
INFO: DEF: 1429 document: file:///C:/Users/74993/Desktop/毕设/wll论文/java-language-server2/outputDir/LOC/q/LOC_6800.java
Sep 28, 2025 4:56:53 PM org.javacs.JavaLanguageServer findReferences
INFO: OCC: 9955 document: file:///C:/Users/74993/Desktop/毕设/wll论文/java-language-server2/outputDir/LOC/q/LOC_6800.java
Sep 28, 2025 4:56:53 PM org.javacs.JavaLanguageServer findReferences
INFO: LOC: 6795 document: file:///C:/Users/74993/Desktop/毕设/wll论文/java-language-server2/outputDir/LOC/q/LOC_6800.java
Sep 28, 2025 4:56:53 PM org.javacs.JavaLanguageServer didOpenTextDocument
INFO: #didOpenTextDocument# try call goto {"context":{"includeDeclaration":false},"textDocument":{"uri":"file:///C:/Users/74993/Desktop/%E6%AF%95%E8%AE%BE/wll%E8%AE%BA%E6%96%87/java-language-server2/outputDir/LOC/q/LOC_6800.java"},"position":{"line":73,"character":31}}
Sep 28, 2025 4:56:53 PM org.javacs.JavaCompilerService compileBatch
INFO: ...using cached compile
Sep 28, 2025 4:56:54 PM org.javacs.JavaLanguageServer gotoDefinition
INFO: gotoDefinition: 296.8163 document: file:///C:/Users/74993/Desktop/毕设/wll论文/java-language-server2/outputDir/LOC/q/LOC_6800.java
Sep 28, 2025 4:56:54 PM org.javacs.JavaCompilerService compileBatch
INFO: ...using cached compile
Sep 28, 2025 4:56:54 PM org.javacs.JavaLanguageServer gotoDefinition
INFO: gotoDefinition: 282.1118 document: file:///C:/Users/74993/Desktop/毕设/wll论文/java-language-server2/outputDir/LOC/q/LOC_6800.java
Sep 28, 2025 4:56:54 PM org.javacs.JavaCompilerService compileBatch
INFO: ...using cached compile
Sep 28, 2025 4:56:54 PM org.javacs.JavaLanguageServer gotoDefinition
INFO: gotoDefinition: 251.2987 document: file:///C:/Users/74993/Desktop/毕设/wll论文/java-language-server2/outputDir/LOC/q/LOC_6800.java
Sep 28, 2025 4:56:54 PM org.javacs.JavaCompilerService compileBatch
INFO: ...using cached compile
Sep 28, 2025 4:56:54 PM org.javacs.JavaLanguageServer gotoDefinition
INFO: gotoDefinition: 256.5684 document: file:///C:/Users/74993/Desktop/毕设/wll论文/java-language-server2/outputDir/LOC/q/LOC_6800.java
Sep 28, 2025 4:56:54 PM org.javacs.JavaCompilerService compileBatch
INFO: ...using cached compile
Sep 28, 2025 4:56:55 PM org.javacs.JavaLanguageServer gotoDefinition
INFO: gotoDefinition: 263.838 document: file:///C:/Users/74993/Desktop/毕设/wll论文/java-language-server2/outputDir/LOC/q/LOC_6800.java
Sep 28, 2025 4:56:55 PM org.javacs.JavaLanguageServer didOpenTextDocument
INFO: #didOpenTextDocument# try call rename {"context":{"includeDeclaration":false},"textDocument":{"uri":"file:///C:/Users/74993/Desktop/%E6%AF%95%E8%AE%BE/wll%E8%AE%BA%E6%96%87/java-language-server2/outputDir/LOC/q/LOC_6800.java"},"position":{"line":73,"character":31}}
Sep 28, 2025 4:56:55 PM org.javacs.JavaCompilerService compileBatch
INFO: ...using cached compile
