Sep 28, 2025 9:49:39 AM org.javacs.JavaLanguageServer didOpenTextDocument
INFO: #didOpenTextDocument# try call reference {"context":{"includeDeclaration":false},"textDocument":{"uri":"file:///C:/Users/74993/Desktop/%E6%AF%95%E8%AE%BE/wll%E8%AE%BA%E6%96%87/java-language-server2/outputDir/DEF/bx/DEF_80.java"},"position":{"line":56,"character":28}}
Sep 28, 2025 9:49:39 AM org.javacs.ScanClassPath jdkTopLevelClasses
INFO: Searching for top-level classes in the JDK
Sep 28, 2025 9:49:47 AM org.javacs.ScanClassPath jdkTopLevelClasses
INFO: Found 15005 classes in the java platform
Sep 28, 2025 9:49:48 AM org.javacs.Docs findSrcZip
INFO: Found C:\Program Files\Java\jdk-22\lib\src.zip
Sep 28, 2025 9:49:48 AM org.javacs.ScanClassPath classPathTopLevelClasses
INFO: Searching for top-level classes in 0 classpath locations
Sep 28, 2025 9:49:48 AM org.javacs.ScanClassPath classPathTopLevelClasses
INFO: Found 0 classes in classpath
Sep 28, 2025 9:49:48 AM org.javacs.ScanClassPath jdkTopLevelClasses
INFO: Searching for top-level classes in the JDK
Sep 28, 2025 9:49:49 AM org.javacs.ScanClassPath jdkTopLevelClasses
INFO: Found 15005 classes in the java platform
Sep 28, 2025 9:49:49 AM org.javacs.ScanClassPath classPathTopLevelClasses
INFO: Searching for top-level classes in 0 classpath locations
Sep 28, 2025 9:49:49 AM org.javacs.ScanClassPath classPathTopLevelClasses
INFO: Found 0 classes in classpath
Sep 28, 2025 9:49:49 AM org.javacs.ReusableCompiler getTask
WARNING: Options changed from [-classpath, , --add-modules, ALL-MODULE-PATH, -proc:none, -g] to [-classpath, , --add-modules, ALL-MODULE-PATH, -proc:none, -g], creating new compiler
Sep 28, 2025 9:49:51 AM org.javacs.JavaLanguageServer findReferences
INFO: compile component: 189 document: file:///C:/Users/74993/Desktop/毕设/wll论文/java-language-server2/outputDir/DEF/bx/DEF_80.java
Sep 28, 2025 9:49:51 AM org.javacs.JavaLanguageServer findReferences
INFO: locate component: 155 document: file:///C:/Users/74993/Desktop/毕设/wll论文/java-language-server2/outputDir/DEF/bx/DEF_80.java
Sep 28, 2025 9:49:51 AM org.javacs.JavaLanguageServer findReferences
INFO: traverse component: 2 document: file:///C:/Users/74993/Desktop/毕设/wll论文/java-language-server2/outputDir/DEF/bx/DEF_80.java
Sep 28, 2025 9:49:51 AM org.javacs.JavaLanguageServer findReferences
INFO: NOD: 1253 document: file:///C:/Users/74993/Desktop/毕设/wll论文/java-language-server2/outputDir/DEF/bx/DEF_80.java
Sep 28, 2025 9:49:51 AM org.javacs.JavaLanguageServer findReferences
INFO: DEF: 80 document: file:///C:/Users/74993/Desktop/毕设/wll论文/java-language-server2/outputDir/DEF/bx/DEF_80.java
Sep 28, 2025 9:49:51 AM org.javacs.JavaLanguageServer findReferences
INFO: OCC: 723 document: file:///C:/Users/74993/Desktop/毕设/wll论文/java-language-server2/outputDir/DEF/bx/DEF_80.java
Sep 28, 2025 9:49:51 AM org.javacs.JavaLanguageServer findReferences
INFO: LOC: 611 document: file:///C:/Users/74993/Desktop/毕设/wll论文/java-language-server2/outputDir/DEF/bx/DEF_80.java
Sep 28, 2025 9:49:51 AM org.javacs.ScanClassPath jdkTopLevelClasses
INFO: Searching for top-level classes in the JDK
Sep 28, 2025 9:49:52 AM org.javacs.ScanClassPath jdkTopLevelClasses
INFO: Found 15005 classes in the java platform
Sep 28, 2025 9:49:53 AM org.javacs.ScanClassPath classPathTopLevelClasses
INFO: Searching for top-level classes in 0 classpath locations
Sep 28, 2025 9:49:53 AM org.javacs.ScanClassPath classPathTopLevelClasses
INFO: Found 0 classes in classpath
Sep 28, 2025 9:49:53 AM org.javacs.ReusableCompiler getTask
WARNING: Options changed from [-classpath, , --add-modules, ALL-MODULE-PATH, -proc:none, -g] to [-classpath, , --add-modules, ALL-MODULE-PATH, -proc:none, -g], creating new compiler
Sep 28, 2025 9:49:53 AM org.javacs.JavaLanguageServer findReferences
INFO: compile component: 75 document: file:///C:/Users/74993/Desktop/毕设/wll论文/java-language-server2/outputDir/DEF/bx/DEF_80.java
Sep 28, 2025 9:49:53 AM org.javacs.JavaLanguageServer findReferences
INFO: locate component: 136 document: file:///C:/Users/74993/Desktop/毕设/wll论文/java-language-server2/outputDir/DEF/bx/DEF_80.java
Sep 28, 2025 9:49:54 AM org.javacs.JavaLanguageServer findReferences
INFO: traverse component: 1 document: file:///C:/Users/74993/Desktop/毕设/wll论文/java-language-server2/outputDir/DEF/bx/DEF_80.java
Sep 28, 2025 9:49:54 AM org.javacs.JavaLanguageServer findReferences
INFO: NOD: 1253 document: file:///C:/Users/74993/Desktop/毕设/wll论文/java-language-server2/outputDir/DEF/bx/DEF_80.java
Sep 28, 2025 9:49:54 AM org.javacs.JavaLanguageServer findReferences
INFO: DEF: 80 document: file:///C:/Users/74993/Desktop/毕设/wll论文/java-language-server2/outputDir/DEF/bx/DEF_80.java
Sep 28, 2025 9:49:54 AM org.javacs.JavaLanguageServer findReferences
INFO: OCC: 723 document: file:///C:/Users/74993/Desktop/毕设/wll论文/java-language-server2/outputDir/DEF/bx/DEF_80.java
Sep 28, 2025 9:49:54 AM org.javacs.JavaLanguageServer findReferences
INFO: LOC: 611 document: file:///C:/Users/74993/Desktop/毕设/wll论文/java-language-server2/outputDir/DEF/bx/DEF_80.java
Sep 28, 2025 9:49:54 AM org.javacs.ScanClassPath jdkTopLevelClasses
INFO: Searching for top-level classes in the JDK
Sep 28, 2025 9:49:55 AM org.javacs.ScanClassPath jdkTopLevelClasses
INFO: Found 15005 classes in the java platform
Sep 28, 2025 9:49:55 AM org.javacs.ScanClassPath classPathTopLevelClasses
INFO: Searching for top-level classes in 0 classpath locations
Sep 28, 2025 9:49:55 AM org.javacs.ScanClassPath classPathTopLevelClasses
INFO: Found 0 classes in classpath
Sep 28, 2025 9:49:55 AM org.javacs.ReusableCompiler getTask
WARNING: Options changed from [-classpath, , --add-modules, ALL-MODULE-PATH, -proc:none, -g] to [-classpath, , --add-modules, ALL-MODULE-PATH, -proc:none, -g], creating new compiler
Sep 28, 2025 9:49:56 AM org.javacs.JavaLanguageServer findReferences
INFO: compile component: 73 document: file:///C:/Users/74993/Desktop/毕设/wll论文/java-language-server2/outputDir/DEF/bx/DEF_80.java
Sep 28, 2025 9:49:56 AM org.javacs.JavaLanguageServer findReferences
INFO: locate component: 137 document: file:///C:/Users/74993/Desktop/毕设/wll论文/java-language-server2/outputDir/DEF/bx/DEF_80.java
Sep 28, 2025 9:49:56 AM org.javacs.JavaLanguageServer findReferences
INFO: traverse component: 0 document: file:///C:/Users/74993/Desktop/毕设/wll论文/java-language-server2/outputDir/DEF/bx/DEF_80.java
Sep 28, 2025 9:49:56 AM org.javacs.JavaLanguageServer findReferences
INFO: NOD: 1253 document: file:///C:/Users/74993/Desktop/毕设/wll论文/java-language-server2/outputDir/DEF/bx/DEF_80.java
Sep 28, 2025 9:49:56 AM org.javacs.JavaLanguageServer findReferences
INFO: DEF: 80 document: file:///C:/Users/74993/Desktop/毕设/wll论文/java-language-server2/outputDir/DEF/bx/DEF_80.java
Sep 28, 2025 9:49:56 AM org.javacs.JavaLanguageServer findReferences
INFO: OCC: 723 document: file:///C:/Users/74993/Desktop/毕设/wll论文/java-language-server2/outputDir/DEF/bx/DEF_80.java
Sep 28, 2025 9:49:56 AM org.javacs.JavaLanguageServer findReferences
INFO: LOC: 611 document: file:///C:/Users/74993/Desktop/毕设/wll论文/java-language-server2/outputDir/DEF/bx/DEF_80.java
Sep 28, 2025 9:49:56 AM org.javacs.ScanClassPath jdkTopLevelClasses
INFO: Searching for top-level classes in the JDK
Sep 28, 2025 9:49:57 AM org.javacs.ScanClassPath jdkTopLevelClasses
INFO: Found 15005 classes in the java platform
Sep 28, 2025 9:49:58 AM org.javacs.ScanClassPath classPathTopLevelClasses
INFO: Searching for top-level classes in 0 classpath locations
Sep 28, 2025 9:49:58 AM org.javacs.ScanClassPath classPathTopLevelClasses
INFO: Found 0 classes in classpath
Sep 28, 2025 9:49:58 AM org.javacs.ReusableCompiler getTask
WARNING: Options changed from [-classpath, , --add-modules, ALL-MODULE-PATH, -proc:none, -g] to [-classpath, , --add-modules, ALL-MODULE-PATH, -proc:none, -g], creating new compiler
Sep 28, 2025 9:49:58 AM org.javacs.JavaLanguageServer findReferences
INFO: compile component: 73 document: file:///C:/Users/74993/Desktop/毕设/wll论文/java-language-server2/outputDir/DEF/bx/DEF_80.java
Sep 28, 2025 9:49:59 AM org.javacs.JavaLanguageServer findReferences
INFO: locate component: 135 document: file:///C:/Users/74993/Desktop/毕设/wll论文/java-language-server2/outputDir/DEF/bx/DEF_80.java
Sep 28, 2025 9:49:59 AM org.javacs.JavaLanguageServer findReferences
INFO: traverse component: 0 document: file:///C:/Users/74993/Desktop/毕设/wll论文/java-language-server2/outputDir/DEF/bx/DEF_80.java
Sep 28, 2025 9:49:59 AM org.javacs.JavaLanguageServer findReferences
INFO: NOD: 1253 document: file:///C:/Users/74993/Desktop/毕设/wll论文/java-language-server2/outputDir/DEF/bx/DEF_80.java
Sep 28, 2025 9:49:59 AM org.javacs.JavaLanguageServer findReferences
INFO: DEF: 80 document: file:///C:/Users/74993/Desktop/毕设/wll论文/java-language-server2/outputDir/DEF/bx/DEF_80.java
Sep 28, 2025 9:49:59 AM org.javacs.JavaLanguageServer findReferences
INFO: OCC: 723 document: file:///C:/Users/74993/Desktop/毕设/wll论文/java-language-server2/outputDir/DEF/bx/DEF_80.java
Sep 28, 2025 9:49:59 AM org.javacs.JavaLanguageServer findReferences
INFO: LOC: 611 document: file:///C:/Users/74993/Desktop/毕设/wll论文/java-language-server2/outputDir/DEF/bx/DEF_80.java
Sep 28, 2025 9:49:59 AM org.javacs.ScanClassPath jdkTopLevelClasses
INFO: Searching for top-level classes in the JDK
Sep 28, 2025 9:50:00 AM org.javacs.ScanClassPath jdkTopLevelClasses
INFO: Found 15005 classes in the java platform
Sep 28, 2025 9:50:00 AM org.javacs.ScanClassPath classPathTopLevelClasses
INFO: Searching for top-level classes in 0 classpath locations
Sep 28, 2025 9:50:00 AM org.javacs.ScanClassPath classPathTopLevelClasses
INFO: Found 0 classes in classpath
Sep 28, 2025 9:50:00 AM org.javacs.ReusableCompiler getTask
WARNING: Options changed from [-classpath, , --add-modules, ALL-MODULE-PATH, -proc:none, -g] to [-classpath, , --add-modules, ALL-MODULE-PATH, -proc:none, -g], creating new compiler
Sep 28, 2025 9:50:01 AM org.javacs.JavaLanguageServer findReferences
INFO: compile component: 79 document: file:///C:/Users/74993/Desktop/毕设/wll论文/java-language-server2/outputDir/DEF/bx/DEF_80.java
Sep 28, 2025 9:50:01 AM org.javacs.JavaLanguageServer findReferences
INFO: locate component: 152 document: file:///C:/Users/74993/Desktop/毕设/wll论文/java-language-server2/outputDir/DEF/bx/DEF_80.java
Sep 28, 2025 9:50:01 AM org.javacs.JavaLanguageServer findReferences
INFO: traverse component: 1 document: file:///C:/Users/74993/Desktop/毕设/wll论文/java-language-server2/outputDir/DEF/bx/DEF_80.java
Sep 28, 2025 9:50:01 AM org.javacs.JavaLanguageServer findReferences
INFO: NOD: 1253 document: file:///C:/Users/74993/Desktop/毕设/wll论文/java-language-server2/outputDir/DEF/bx/DEF_80.java
Sep 28, 2025 9:50:01 AM org.javacs.JavaLanguageServer findReferences
INFO: DEF: 80 document: file:///C:/Users/74993/Desktop/毕设/wll论文/java-language-server2/outputDir/DEF/bx/DEF_80.java
Sep 28, 2025 9:50:01 AM org.javacs.JavaLanguageServer findReferences
INFO: OCC: 723 document: file:///C:/Users/74993/Desktop/毕设/wll论文/java-language-server2/outputDir/DEF/bx/DEF_80.java
Sep 28, 2025 9:50:01 AM org.javacs.JavaLanguageServer findReferences
INFO: LOC: 611 document: file:///C:/Users/74993/Desktop/毕设/wll论文/java-language-server2/outputDir/DEF/bx/DEF_80.java
Sep 28, 2025 9:50:01 AM org.javacs.JavaLanguageServer didOpenTextDocument
INFO: #didOpenTextDocument# try call goto {"context":{"includeDeclaration":false},"textDocument":{"uri":"file:///C:/Users/74993/Desktop/%E6%AF%95%E8%AE%BE/wll%E8%AE%BA%E6%96%87/java-language-server2/outputDir/DEF/bx/DEF_80.java"},"position":{"line":56,"character":28}}
Sep 28, 2025 9:50:01 AM org.javacs.JavaCompilerService compileBatch
INFO: ...using cached compile
Sep 28, 2025 9:50:01 AM org.javacs.JavaLanguageServer gotoDefinition
INFO: gotoDefinition: 232 document: file:///C:/Users/74993/Desktop/毕设/wll论文/java-language-server2/outputDir/DEF/bx/DEF_80.java
Sep 28, 2025 9:50:01 AM org.javacs.JavaCompilerService compileBatch
INFO: ...using cached compile
Sep 28, 2025 9:50:02 AM org.javacs.JavaLanguageServer gotoDefinition
INFO: gotoDefinition: 230 document: file:///C:/Users/74993/Desktop/毕设/wll论文/java-language-server2/outputDir/DEF/bx/DEF_80.java
Sep 28, 2025 9:50:02 AM org.javacs.JavaCompilerService compileBatch
INFO: ...using cached compile
Sep 28, 2025 9:50:02 AM org.javacs.JavaLanguageServer gotoDefinition
INFO: gotoDefinition: 226 document: file:///C:/Users/74993/Desktop/毕设/wll论文/java-language-server2/outputDir/DEF/bx/DEF_80.java
Sep 28, 2025 9:50:02 AM org.javacs.JavaCompilerService compileBatch
INFO: ...using cached compile
Sep 28, 2025 9:50:02 AM org.javacs.JavaLanguageServer gotoDefinition
INFO: gotoDefinition: 227 document: file:///C:/Users/74993/Desktop/毕设/wll论文/java-language-server2/outputDir/DEF/bx/DEF_80.java
Sep 28, 2025 9:50:02 AM org.javacs.JavaCompilerService compileBatch
INFO: ...using cached compile
Sep 28, 2025 9:50:02 AM org.javacs.JavaLanguageServer gotoDefinition
INFO: gotoDefinition: 229 document: file:///C:/Users/74993/Desktop/毕设/wll论文/java-language-server2/outputDir/DEF/bx/DEF_80.java
Sep 28, 2025 9:50:02 AM org.javacs.JavaLanguageServer didOpenTextDocument
INFO: #didOpenTextDocument# try call rename {"context":{"includeDeclaration":false},"textDocument":{"uri":"file:///C:/Users/74993/Desktop/%E6%AF%95%E8%AE%BE/wll%E8%AE%BA%E6%96%87/java-language-server2/outputDir/DEF/bx/DEF_80.java"},"position":{"line":56,"character":28}}
Sep 28, 2025 9:50:02 AM org.javacs.JavaCompilerService compileBatch
INFO: ...using cached compile
Sep 28, 2025 9:50:02 AM org.javacs.JavaLanguageServer rename
INFO: rename: 146 document: file:///C:/Users/74993/Desktop/毕设/wll论文/java-language-server2/outputDir/DEF/bx/DEF_80.java
Sep 28, 2025 9:50:02 AM org.javacs.JavaCompilerService compileBatch
INFO: ...using cached compile
Sep 28, 2025 9:50:03 AM org.javacs.JavaLanguageServer rename
INFO: rename: 145 document: file:///C:/Users/74993/Desktop/毕设/wll论文/java-language-server2/outputDir/DEF/bx/DEF_80.java
Sep 28, 2025 9:50:03 AM org.javacs.JavaCompilerService compileBatch
INFO: ...using cached compile
Sep 28, 2025 9:50:03 AM org.javacs.JavaLanguageServer rename
INFO: rename: 143 document: file:///C:/Users/74993/Desktop/毕设/wll论文/java-language-server2/outputDir/DEF/bx/DEF_80.java
Sep 28, 2025 9:50:03 AM org.javacs.JavaCompilerService compileBatch
INFO: ...using cached compile
Sep 28, 2025 9:50:03 AM org.javacs.JavaLanguageServer rename
INFO: rename: 138 document: file:///C:/Users/74993/Desktop/毕设/wll论文/java-language-server2/outputDir/DEF/bx/DEF_80.java
Sep 28, 2025 9:50:03 AM org.javacs.JavaCompilerService compileBatch
INFO: ...using cached compile
Sep 28, 2025 9:50:03 AM org.javacs.JavaLanguageServer rename
INFO: rename: 139 document: file:///C:/Users/74993/Desktop/毕设/wll论文/java-language-server2/outputDir/DEF/bx/DEF_80.java
Sep 28, 2025 9:50:03 AM org.javacs.JavaLanguageServer didOpenTextDocument
INFO: #didOpenTextDocument# try completion {"context":{"includeDeclaration":false},"textDocument":{"uri":"file:///C:/Users/74993/Desktop/%E6%AF%95%E8%AE%BE/wll%E8%AE%BA%E6%96%87/java-language-server2/outputDir/DEF/bx/DEF_80.java"},"position":{"line":56,"character":28}}
Sep 28, 2025 9:50:03 AM org.javacs.JavaLanguageServer completion
INFO: completion: 83 document: file:///C:/Users/74993/Desktop/毕设/wll论文/java-language-server2/outputDir/DEF/bx/DEF_80.java
Sep 28, 2025 9:50:03 AM org.javacs.JavaLanguageServer completion
INFO: completion: 79 document: file:///C:/Users/74993/Desktop/毕设/wll论文/java-language-server2/outputDir/DEF/bx/DEF_80.java
Sep 28, 2025 9:50:03 AM org.javacs.JavaLanguageServer completion
INFO: completion: 78 document: file:///C:/Users/74993/Desktop/毕设/wll论文/java-language-server2/outputDir/DEF/bx/DEF_80.java
Sep 28, 2025 9:50:03 AM org.javacs.JavaLanguageServer completion
INFO: completion: 80 document: file:///C:/Users/74993/Desktop/毕设/wll论文/java-language-server2/outputDir/DEF/bx/DEF_80.java
Sep 28, 2025 9:50:03 AM org.javacs.JavaLanguageServer completion
INFO: completion: 82 document: file:///C:/Users/74993/Desktop/毕设/wll论文/java-language-server2/outputDir/DEF/bx/DEF_80.java
Sep 28, 2025 9:50:03 AM org.javacs.JavaLanguageServer didOpenTextDocument
INFO: #didOpenTextDocument# try call goto {"context":{"includeDeclaration":false},"textDocument":{"uri":"file:///C:/Users/74993/Desktop/%E6%AF%95%E8%AE%BE/wll%E8%AE%BA%E6%96%87/java-language-server2/outputDir/DEF/bx/DEF_80.java"},"position":{"line":596,"character":36}}
Sep 28, 2025 9:50:04 AM org.javacs.JavaCompilerService findPublicTypeDeclarationInJdk
INFO: ...found jar:file:///C:/Program%20Files/Java/jdk-22/lib/src.zip!/java.base/java/lang/String.java in module java.base of jdk
Sep 28, 2025 9:50:04 AM org.javacs.JavaLanguageServer gotoDefinition
INFO: gotoDefinition: 314 document: file:///C:/Users/74993/Desktop/毕设/wll论文/java-language-server2/outputDir/DEF/bx/DEF_80.java
Sep 28, 2025 9:50:04 AM org.javacs.JavaCompilerService compileBatch
INFO: ...using cached compile
Sep 28, 2025 9:50:04 AM org.javacs.JavaCompilerService findPublicTypeDeclarationInJdk
INFO: ...found jar:file:///C:/Program%20Files/Java/jdk-22/lib/src.zip!/java.base/java/lang/String.java in module java.base of jdk
Sep 28, 2025 9:50:04 AM org.javacs.JavaLanguageServer gotoDefinition
INFO: gotoDefinition: 177 document: file:///C:/Users/74993/Desktop/毕设/wll论文/java-language-server2/outputDir/DEF/bx/DEF_80.java
Sep 28, 2025 9:50:04 AM org.javacs.JavaCompilerService compileBatch
INFO: ...using cached compile
Sep 28, 2025 9:50:04 AM org.javacs.JavaCompilerService findPublicTypeDeclarationInJdk
INFO: ...found jar:file:///C:/Program%20Files/Java/jdk-22/lib/src.zip!/java.base/java/lang/String.java in module java.base of jdk
Sep 28, 2025 9:50:04 AM org.javacs.JavaLanguageServer gotoDefinition
INFO: gotoDefinition: 172 document: file:///C:/Users/74993/Desktop/毕设/wll论文/java-language-server2/outputDir/DEF/bx/DEF_80.java
Sep 28, 2025 9:50:04 AM org.javacs.JavaCompilerService compileBatch
INFO: ...using cached compile
Sep 28, 2025 9:50:04 AM org.javacs.JavaCompilerService findPublicTypeDeclarationInJdk
INFO: ...found jar:file:///C:/Program%20Files/Java/jdk-22/lib/src.zip!/java.base/java/lang/String.java in module java.base of jdk
Sep 28, 2025 9:50:04 AM org.javacs.JavaLanguageServer gotoDefinition
INFO: gotoDefinition: 171 document: file:///C:/Users/74993/Desktop/毕设/wll论文/java-language-server2/outputDir/DEF/bx/DEF_80.java
Sep 28, 2025 9:50:04 AM org.javacs.JavaCompilerService compileBatch
INFO: ...using cached compile
Sep 28, 2025 9:50:04 AM org.javacs.JavaCompilerService findPublicTypeDeclarationInJdk
INFO: ...found jar:file:///C:/Program%20Files/Java/jdk-22/lib/src.zip!/java.base/java/lang/String.java in module java.base of jdk
Sep 28, 2025 9:50:04 AM org.javacs.JavaLanguageServer gotoDefinition
INFO: gotoDefinition: 173 document: file:///C:/Users/74993/Desktop/毕设/wll论文/java-language-server2/outputDir/DEF/bx/DEF_80.java
Sep 28, 2025 9:50:04 AM org.javacs.JavaLanguageServer didOpenTextDocument
INFO: #didOpenTextDocument# try call rename {"context":{"includeDeclaration":false},"textDocument":{"uri":"file:///C:/Users/74993/Desktop/%E6%AF%95%E8%AE%BE/wll%E8%AE%BA%E6%96%87/java-language-server2/outputDir/DEF/bx/DEF_80.java"},"position":{"line":596,"character":36}}
Sep 28, 2025 9:50:04 AM org.javacs.JavaCompilerService compileBatch
INFO: ...using cached compile
Sep 28, 2025 9:50:05 AM org.javacs.JavaLanguageServer rename
INFO: rename: 139 document: file:///C:/Users/74993/Desktop/毕设/wll论文/java-language-server2/outputDir/DEF/bx/DEF_80.java
Sep 28, 2025 9:50:05 AM org.javacs.JavaCompilerService compileBatch
INFO: ...using cached compile
Sep 28, 2025 9:50:05 AM org.javacs.JavaLanguageServer rename
INFO: rename: 141 document: file:///C:/Users/74993/Desktop/毕设/wll论文/java-language-server2/outputDir/DEF/bx/DEF_80.java
Sep 28, 2025 9:50:05 AM org.javacs.JavaCompilerService compileBatch
INFO: ...using cached compile
Sep 28, 2025 9:50:05 AM org.javacs.JavaLanguageServer rename
INFO: rename: 141 document: file:///C:/Users/74993/Desktop/毕设/wll论文/java-language-server2/outputDir/DEF/bx/DEF_80.java
Sep 28, 2025 9:50:05 AM org.javacs.JavaCompilerService compileBatch
INFO: ...using cached compile
Sep 28, 2025 9:50:05 AM org.javacs.JavaLanguageServer rename
INFO: rename: 139 document: file:///C:/Users/74993/Desktop/毕设/wll论文/java-language-server2/outputDir/DEF/bx/DEF_80.java
Sep 28, 2025 9:50:05 AM org.javacs.JavaCompilerService compileBatch
INFO: ...using cached compile
Sep 28, 2025 9:50:05 AM org.javacs.JavaLanguageServer rename
INFO: rename: 136 document: file:///C:/Users/74993/Desktop/毕设/wll论文/java-language-server2/outputDir/DEF/bx/DEF_80.java
Sep 28, 2025 9:50:05 AM org.javacs.JavaLanguageServer didOpenTextDocument
INFO: #didOpenTextDocument# try completion {"context":{"includeDeclaration":false},"textDocument":{"uri":"file:///C:/Users/74993/Desktop/%E6%AF%95%E8%AE%BE/wll%E8%AE%BA%E6%96%87/java-language-server2/outputDir/DEF/bx/DEF_80.java"},"position":{"line":596,"character":36}}
Sep 28, 2025 9:50:05 AM org.javacs.JavaLanguageServer completion
INFO: completion: 89 document: file:///C:/Users/74993/Desktop/毕设/wll论文/java-language-server2/outputDir/DEF/bx/DEF_80.java
Sep 28, 2025 9:50:05 AM org.javacs.JavaLanguageServer completion
INFO: completion: 80 document: file:///C:/Users/74993/Desktop/毕设/wll论文/java-language-server2/outputDir/DEF/bx/DEF_80.java
Sep 28, 2025 9:50:05 AM org.javacs.JavaLanguageServer completion
INFO: completion: 78 document: file:///C:/Users/74993/Desktop/毕设/wll论文/java-language-server2/outputDir/DEF/bx/DEF_80.java
Sep 28, 2025 9:50:05 AM org.javacs.JavaLanguageServer completion
INFO: completion: 79 document: file:///C:/Users/74993/Desktop/毕设/wll论文/java-language-server2/outputDir/DEF/bx/DEF_80.java
Sep 28, 2025 9:50:06 AM org.javacs.JavaLanguageServer completion
INFO: completion: 80 document: file:///C:/Users/74993/Desktop/毕设/wll论文/java-language-server2/outputDir/DEF/bx/DEF_80.java
Sep 28, 2025 9:50:06 AM org.javacs.JavaLanguageServer didOpenTextDocument
INFO: #didOpenTextDocument# try call reference {"context":{"includeDeclaration":false},"textDocument":{"uri":"file:///C:/Users/74993/Desktop/%E6%AF%95%E8%AE%BE/wll%E8%AE%BA%E6%96%87/java-language-server2/outputDir/DEF/by/DEF_160.java"},"position":{"line":61,"character":31}}
Sep 28, 2025 9:50:06 AM org.javacs.ScanClassPath jdkTopLevelClasses
INFO: Searching for top-level classes in the JDK
Sep 28, 2025 9:50:07 AM org.javacs.ScanClassPath jdkTopLevelClasses
INFO: Found 15005 classes in the java platform
Sep 28, 2025 9:50:08 AM org.javacs.ScanClassPath classPathTopLevelClasses
INFO: Searching for top-level classes in 0 classpath locations
Sep 28, 2025 9:50:08 AM org.javacs.ScanClassPath classPathTopLevelClasses
INFO: Found 0 classes in classpath
Sep 28, 2025 9:50:08 AM org.javacs.ReusableCompiler getTask
WARNING: Options changed from [-classpath, , --add-modules, ALL-MODULE-PATH, -proc:none, -g] to [-classpath, , --add-modules, ALL-MODULE-PATH, -proc:none, -g], creating new compiler
Sep 28, 2025 9:50:08 AM org.javacs.JavaLanguageServer findReferences
INFO: compile component: 187 document: file:///C:/Users/74993/Desktop/毕设/wll论文/java-language-server2/outputDir/DEF/by/DEF_160.java
Sep 28, 2025 9:50:09 AM org.javacs.JavaLanguageServer findReferences
INFO: locate component: 211 document: file:///C:/Users/74993/Desktop/毕设/wll论文/java-language-server2/outputDir/DEF/by/DEF_160.java
Sep 28, 2025 9:50:09 AM org.javacs.JavaLanguageServer findReferences
INFO: traverse component: 0 document: file:///C:/Users/74993/Desktop/毕设/wll论文/java-language-server2/outputDir/DEF/by/DEF_160.java
Sep 28, 2025 9:50:09 AM org.javacs.JavaLanguageServer findReferences
INFO: NOD: 1889 document: file:///C:/Users/74993/Desktop/毕设/wll论文/java-language-server2/outputDir/DEF/by/DEF_160.java
Sep 28, 2025 9:50:09 AM org.javacs.JavaLanguageServer findReferences
INFO: DEF: 160 document: file:///C:/Users/74993/Desktop/毕设/wll论文/java-language-server2/outputDir/DEF/by/DEF_160.java
Sep 28, 2025 9:50:09 AM org.javacs.JavaLanguageServer findReferences
INFO: OCC: 1053 document: file:///C:/Users/74993/Desktop/毕设/wll论文/java-language-server2/outputDir/DEF/by/DEF_160.java
Sep 28, 2025 9:50:09 AM org.javacs.JavaLanguageServer findReferences
INFO: LOC: 1011 document: file:///C:/Users/74993/Desktop/毕设/wll论文/java-language-server2/outputDir/DEF/by/DEF_160.java
Sep 28, 2025 9:50:09 AM org.javacs.ScanClassPath jdkTopLevelClasses
INFO: Searching for top-level classes in the JDK
Sep 28, 2025 9:50:10 AM org.javacs.ScanClassPath jdkTopLevelClasses
INFO: Found 15005 classes in the java platform
Sep 28, 2025 9:50:11 AM org.javacs.ScanClassPath classPathTopLevelClasses
INFO: Searching for top-level classes in 0 classpath locations
Sep 28, 2025 9:50:11 AM org.javacs.ScanClassPath classPathTopLevelClasses
INFO: Found 0 classes in classpath
Sep 28, 2025 9:50:11 AM org.javacs.ReusableCompiler getTask
WARNING: Options changed from [-classpath, , --add-modules, ALL-MODULE-PATH, -proc:none, -g] to [-classpath, , --add-modules, ALL-MODULE-PATH, -proc:none, -g], creating new compiler
Sep 28, 2025 9:50:11 AM org.javacs.JavaLanguageServer findReferences
INFO: compile component: 107 document: file:///C:/Users/74993/Desktop/毕设/wll论文/java-language-server2/outputDir/DEF/by/DEF_160.java
Sep 28, 2025 9:50:12 AM org.javacs.JavaLanguageServer findReferences
INFO: locate component: 206 document: file:///C:/Users/74993/Desktop/毕设/wll论文/java-language-server2/outputDir/DEF/by/DEF_160.java
Sep 28, 2025 9:50:12 AM org.javacs.JavaLanguageServer findReferences
INFO: traverse component: 1 document: file:///C:/Users/74993/Desktop/毕设/wll论文/java-language-server2/outputDir/DEF/by/DEF_160.java
Sep 28, 2025 9:50:12 AM org.javacs.JavaLanguageServer findReferences
INFO: NOD: 1889 document: file:///C:/Users/74993/Desktop/毕设/wll论文/java-language-server2/outputDir/DEF/by/DEF_160.java
Sep 28, 2025 9:50:12 AM org.javacs.JavaLanguageServer findReferences
INFO: DEF: 160 document: file:///C:/Users/74993/Desktop/毕设/wll论文/java-language-server2/outputDir/DEF/by/DEF_160.java
Sep 28, 2025 9:50:12 AM org.javacs.JavaLanguageServer findReferences
INFO: OCC: 1053 document: file:///C:/Users/74993/Desktop/毕设/wll论文/java-language-server2/outputDir/DEF/by/DEF_160.java
Sep 28, 2025 9:50:12 AM org.javacs.JavaLanguageServer findReferences
INFO: LOC: 1011 document: file:///C:/Users/74993/Desktop/毕设/wll论文/java-language-server2/outputDir/DEF/by/DEF_160.java
Sep 28, 2025 9:50:12 AM org.javacs.ScanClassPath jdkTopLevelClasses
INFO: Searching for top-level classes in the JDK
Sep 28, 2025 9:50:13 AM org.javacs.ScanClassPath jdkTopLevelClasses
INFO: Found 15005 classes in the java platform
Sep 28, 2025 9:50:13 AM org.javacs.ScanClassPath classPathTopLevelClasses
INFO: Searching for top-level classes in 0 classpath locations
Sep 28, 2025 9:50:13 AM org.javacs.ScanClassPath classPathTopLevelClasses
INFO: Found 0 classes in classpath
Sep 28, 2025 9:50:13 AM org.javacs.ReusableCompiler getTask
WARNING: Options changed from [-classpath, , --add-modules, ALL-MODULE-PATH, -proc:none, -g] to [-classpath, , --add-modules, ALL-MODULE-PATH, -proc:none, -g], creating new compiler
Sep 28, 2025 9:50:14 AM org.javacs.JavaLanguageServer findReferences
INFO: compile component: 105 document: file:///C:/Users/74993/Desktop/毕设/wll论文/java-language-server2/outputDir/DEF/by/DEF_160.java
Sep 28, 2025 9:50:15 AM org.javacs.JavaLanguageServer findReferences
INFO: locate component: 214 document: file:///C:/Users/74993/Desktop/毕设/wll论文/java-language-server2/outputDir/DEF/by/DEF_160.java
Sep 28, 2025 9:50:15 AM org.javacs.JavaLanguageServer findReferences
INFO: traverse component: 1 document: file:///C:/Users/74993/Desktop/毕设/wll论文/java-language-server2/outputDir/DEF/by/DEF_160.java
Sep 28, 2025 9:50:15 AM org.javacs.JavaLanguageServer findReferences
INFO: NOD: 1889 document: file:///C:/Users/74993/Desktop/毕设/wll论文/java-language-server2/outputDir/DEF/by/DEF_160.java
Sep 28, 2025 9:50:15 AM org.javacs.JavaLanguageServer findReferences
INFO: DEF: 160 document: file:///C:/Users/74993/Desktop/毕设/wll论文/java-language-server2/outputDir/DEF/by/DEF_160.java
Sep 28, 2025 9:50:15 AM org.javacs.JavaLanguageServer findReferences
INFO: OCC: 1053 document: file:///C:/Users/74993/Desktop/毕设/wll论文/java-language-server2/outputDir/DEF/by/DEF_160.java
Sep 28, 2025 9:50:15 AM org.javacs.JavaLanguageServer findReferences
INFO: LOC: 1011 document: file:///C:/Users/74993/Desktop/毕设/wll论文/java-language-server2/outputDir/DEF/by/DEF_160.java
Sep 28, 2025 9:50:15 AM org.javacs.ScanClassPath jdkTopLevelClasses
INFO: Searching for top-level classes in the JDK
Sep 28, 2025 9:50:16 AM org.javacs.ScanClassPath jdkTopLevelClasses
INFO: Found 15005 classes in the java platform
Sep 28, 2025 9:50:16 AM org.javacs.ScanClassPath classPathTopLevelClasses
INFO: Searching for top-level classes in 0 classpath locations
Sep 28, 2025 9:50:16 AM org.javacs.ScanClassPath classPathTopLevelClasses
INFO: Found 0 classes in classpath
Sep 28, 2025 9:50:16 AM org.javacs.ReusableCompiler getTask
WARNING: Options changed from [-classpath, , --add-modules, ALL-MODULE-PATH, -proc:none, -g] to [-classpath, , --add-modules, ALL-MODULE-PATH, -proc:none, -g], creating new compiler
Sep 28, 2025 9:50:17 AM org.javacs.JavaLanguageServer findReferences
INFO: compile component: 103 document: file:///C:/Users/74993/Desktop/毕设/wll论文/java-language-server2/outputDir/DEF/by/DEF_160.java
Sep 28, 2025 9:50:18 AM org.javacs.JavaLanguageServer findReferences
INFO: locate component: 217 document: file:///C:/Users/74993/Desktop/毕设/wll论文/java-language-server2/outputDir/DEF/by/DEF_160.java
Sep 28, 2025 9:50:18 AM org.javacs.JavaLanguageServer findReferences
INFO: traverse component: 1 document: file:///C:/Users/74993/Desktop/毕设/wll论文/java-language-server2/outputDir/DEF/by/DEF_160.java
Sep 28, 2025 9:50:18 AM org.javacs.JavaLanguageServer findReferences
INFO: NOD: 1889 document: file:///C:/Users/74993/Desktop/毕设/wll论文/java-language-server2/outputDir/DEF/by/DEF_160.java
Sep 28, 2025 9:50:18 AM org.javacs.JavaLanguageServer findReferences
INFO: DEF: 160 document: file:///C:/Users/74993/Desktop/毕设/wll论文/java-language-server2/outputDir/DEF/by/DEF_160.java
Sep 28, 2025 9:50:18 AM org.javacs.JavaLanguageServer findReferences
INFO: OCC: 1053 document: file:///C:/Users/74993/Desktop/毕设/wll论文/java-language-server2/outputDir/DEF/by/DEF_160.java
Sep 28, 2025 9:50:18 AM org.javacs.JavaLanguageServer findReferences
INFO: LOC: 1011 document: file:///C:/Users/74993/Desktop/毕设/wll论文/java-language-server2/outputDir/DEF/by/DEF_160.java
Sep 28, 2025 9:50:18 AM org.javacs.ScanClassPath jdkTopLevelClasses
INFO: Searching for top-level classes in the JDK
Sep 28, 2025 9:50:19 AM org.javacs.ScanClassPath jdkTopLevelClasses
INFO: Found 15005 classes in the java platform
Sep 28, 2025 9:50:19 AM org.javacs.ScanClassPath classPathTopLevelClasses
INFO: Searching for top-level classes in 0 classpath locations
Sep 28, 2025 9:50:19 AM org.javacs.ScanClassPath classPathTopLevelClasses
INFO: Found 0 classes in classpath
Sep 28, 2025 9:50:19 AM org.javacs.ReusableCompiler getTask
WARNING: Options changed from [-classpath, , --add-modules, ALL-MODULE-PATH, -proc:none, -g] to [-classpath, , --add-modules, ALL-MODULE-PATH, -proc:none, -g], creating new compiler
Sep 28, 2025 9:50:20 AM org.javacs.JavaLanguageServer findReferences
INFO: compile component: 104 document: file:///C:/Users/74993/Desktop/毕设/wll论文/java-language-server2/outputDir/DEF/by/DEF_160.java
Sep 28, 2025 9:50:20 AM org.javacs.JavaLanguageServer findReferences
INFO: locate component: 212 document: file:///C:/Users/74993/Desktop/毕设/wll论文/java-language-server2/outputDir/DEF/by/DEF_160.java
Sep 28, 2025 9:50:20 AM org.javacs.JavaLanguageServer findReferences
INFO: traverse component: 1 document: file:///C:/Users/74993/Desktop/毕设/wll论文/java-language-server2/outputDir/DEF/by/DEF_160.java
Sep 28, 2025 9:50:20 AM org.javacs.JavaLanguageServer findReferences
INFO: NOD: 1889 document: file:///C:/Users/74993/Desktop/毕设/wll论文/java-language-server2/outputDir/DEF/by/DEF_160.java
Sep 28, 2025 9:50:20 AM org.javacs.JavaLanguageServer findReferences
INFO: DEF: 160 document: file:///C:/Users/74993/Desktop/毕设/wll论文/java-language-server2/outputDir/DEF/by/DEF_160.java
Sep 28, 2025 9:50:20 AM org.javacs.JavaLanguageServer findReferences
INFO: OCC: 1053 document: file:///C:/Users/74993/Desktop/毕设/wll论文/java-language-server2/outputDir/DEF/by/DEF_160.java
Sep 28, 2025 9:50:20 AM org.javacs.JavaLanguageServer findReferences
INFO: LOC: 1011 document: file:///C:/Users/74993/Desktop/毕设/wll论文/java-language-server2/outputDir/DEF/by/DEF_160.java
Sep 28, 2025 9:50:20 AM org.javacs.JavaLanguageServer didOpenTextDocument
INFO: #didOpenTextDocument# try call goto {"context":{"includeDeclaration":false},"textDocument":{"uri":"file:///C:/Users/74993/Desktop/%E6%AF%95%E8%AE%BE/wll%E8%AE%BA%E6%96%87/java-language-server2/outputDir/DEF/by/DEF_160.java"},"position":{"line":61,"character":31}}
Sep 28, 2025 9:50:20 AM org.javacs.JavaCompilerService compileBatch
INFO: ...using cached compile
Sep 28, 2025 9:50:21 AM org.javacs.JavaLanguageServer gotoDefinition
INFO: gotoDefinition: 287 document: file:///C:/Users/74993/Desktop/毕设/wll论文/java-language-server2/outputDir/DEF/by/DEF_160.java
Sep 28, 2025 9:50:21 AM org.javacs.JavaCompilerService compileBatch
INFO: ...using cached compile
Sep 28, 2025 9:50:21 AM org.javacs.JavaLanguageServer gotoDefinition
INFO: gotoDefinition: 280 document: file:///C:/Users/74993/Desktop/毕设/wll论文/java-language-server2/outputDir/DEF/by/DEF_160.java
Sep 28, 2025 9:50:21 AM org.javacs.JavaCompilerService compileBatch
INFO: ...using cached compile
Sep 28, 2025 9:50:21 AM org.javacs.JavaLanguageServer gotoDefinition
INFO: gotoDefinition: 299 document: file:///C:/Users/74993/Desktop/毕设/wll论文/java-language-server2/outputDir/DEF/by/DEF_160.java
Sep 28, 2025 9:50:21 AM org.javacs.JavaCompilerService compileBatch
INFO: ...using cached compile
Sep 28, 2025 9:50:22 AM org.javacs.JavaLanguageServer gotoDefinition
INFO: gotoDefinition: 291 document: file:///C:/Users/74993/Desktop/毕设/wll论文/java-language-server2/outputDir/DEF/by/DEF_160.java
Sep 28, 2025 9:50:22 AM org.javacs.JavaCompilerService compileBatch
INFO: ...using cached compile
Sep 28, 2025 9:50:22 AM org.javacs.JavaLanguageServer gotoDefinition
INFO: gotoDefinition: 300 document: file:///C:/Users/74993/Desktop/毕设/wll论文/java-language-server2/outputDir/DEF/by/DEF_160.java
Sep 28, 2025 9:50:22 AM org.javacs.JavaLanguageServer didOpenTextDocument
INFO: #didOpenTextDocument# try call rename {"context":{"includeDeclaration":false},"textDocument":{"uri":"file:///C:/Users/74993/Desktop/%E6%AF%95%E8%AE%BE/wll%E8%AE%BA%E6%96%87/java-language-server2/outputDir/DEF/by/DEF_160.java"},"position":{"line":61,"character":31}}
Sep 28, 2025 9:50:22 AM org.javacs.JavaCompilerService compileBatch
INFO: ...using cached compile
Sep 28, 2025 9:50:22 AM org.javacs.JavaLanguageServer rename
INFO: rename: 224 document: file:///C:/Users/74993/Desktop/毕设/wll论文/java-language-server2/outputDir/DEF/by/DEF_160.java
Sep 28, 2025 9:50:22 AM org.javacs.JavaCompilerService compileBatch
INFO: ...using cached compile
Sep 28, 2025 9:50:22 AM org.javacs.JavaLanguageServer rename
INFO: rename: 213 document: file:///C:/Users/74993/Desktop/毕设/wll论文/java-language-server2/outputDir/DEF/by/DEF_160.java
Sep 28, 2025 9:50:22 AM org.javacs.JavaCompilerService compileBatch
INFO: ...using cached compile
Sep 28, 2025 9:50:23 AM org.javacs.JavaLanguageServer rename
INFO: rename: 209 document: file:///C:/Users/74993/Desktop/毕设/wll论文/java-language-server2/outputDir/DEF/by/DEF_160.java
Sep 28, 2025 9:50:23 AM org.javacs.JavaCompilerService compileBatch
INFO: ...using cached compile
Sep 28, 2025 9:50:23 AM org.javacs.JavaLanguageServer rename
INFO: rename: 215 document: file:///C:/Users/74993/Desktop/毕设/wll论文/java-language-server2/outputDir/DEF/by/DEF_160.java
Sep 28, 2025 9:50:23 AM org.javacs.JavaCompilerService compileBatch
INFO: ...using cached compile
Sep 28, 2025 9:50:23 AM org.javacs.JavaLanguageServer rename
INFO: rename: 212 document: file:///C:/Users/74993/Desktop/毕设/wll论文/java-language-server2/outputDir/DEF/by/DEF_160.java
Sep 28, 2025 9:50:23 AM org.javacs.JavaLanguageServer didOpenTextDocument
INFO: #didOpenTextDocument# try completion {"context":{"includeDeclaration":false},"textDocument":{"uri":"file:///C:/Users/74993/Desktop/%E6%AF%95%E8%AE%BE/wll%E8%AE%BA%E6%96%87/java-language-server2/outputDir/DEF/by/DEF_160.java"},"position":{"line":61,"character":31}}
Sep 28, 2025 9:50:23 AM org.javacs.JavaLanguageServer completion
INFO: completion: 105 document: file:///C:/Users/74993/Desktop/毕设/wll论文/java-language-server2/outputDir/DEF/by/DEF_160.java
Sep 28, 2025 9:50:23 AM org.javacs.JavaLanguageServer completion
INFO: completion: 103 document: file:///C:/Users/74993/Desktop/毕设/wll论文/java-language-server2/outputDir/DEF/by/DEF_160.java
Sep 28, 2025 9:50:23 AM org.javacs.JavaLanguageServer completion
INFO: completion: 108 document: file:///C:/Users/74993/Desktop/毕设/wll论文/java-language-server2/outputDir/DEF/by/DEF_160.java
Sep 28, 2025 9:50:23 AM org.javacs.JavaLanguageServer completion
INFO: completion: 107 document: file:///C:/Users/74993/Desktop/毕设/wll论文/java-language-server2/outputDir/DEF/by/DEF_160.java
Sep 28, 2025 9:50:24 AM org.javacs.JavaLanguageServer completion
INFO: completion: 106 document: file:///C:/Users/74993/Desktop/毕设/wll论文/java-language-server2/outputDir/DEF/by/DEF_160.java
Sep 28, 2025 9:50:24 AM org.javacs.JavaLanguageServer didOpenTextDocument
INFO: #didOpenTextDocument# try call goto {"context":{"includeDeclaration":false},"textDocument":{"uri":"file:///C:/Users/74993/Desktop/%E6%AF%95%E8%AE%BE/wll%E8%AE%BA%E6%96%87/java-language-server2/outputDir/DEF/by/DEF_160.java"},"position":{"line":1009,"character":11}}
Sep 28, 2025 9:50:24 AM org.javacs.JavaLanguageServer gotoDefinition
INFO: gotoDefinition: 473 document: file:///C:/Users/74993/Desktop/毕设/wll论文/java-language-server2/outputDir/DEF/by/DEF_160.java
Sep 28, 2025 9:50:24 AM org.javacs.JavaCompilerService compileBatch
INFO: ...using cached compile
Sep 28, 2025 9:50:24 AM org.javacs.JavaLanguageServer gotoDefinition
INFO: gotoDefinition: 298 document: file:///C:/Users/74993/Desktop/毕设/wll论文/java-language-server2/outputDir/DEF/by/DEF_160.java
Sep 28, 2025 9:50:24 AM org.javacs.JavaCompilerService compileBatch
INFO: ...using cached compile
Sep 28, 2025 9:50:25 AM org.javacs.JavaLanguageServer gotoDefinition
INFO: gotoDefinition: 295 document: file:///C:/Users/74993/Desktop/毕设/wll论文/java-language-server2/outputDir/DEF/by/DEF_160.java
Sep 28, 2025 9:50:25 AM org.javacs.JavaCompilerService compileBatch
INFO: ...using cached compile
Sep 28, 2025 9:50:25 AM org.javacs.JavaLanguageServer gotoDefinition
INFO: gotoDefinition: 306 document: file:///C:/Users/74993/Desktop/毕设/wll论文/java-language-server2/outputDir/DEF/by/DEF_160.java
Sep 28, 2025 9:50:25 AM org.javacs.JavaCompilerService compileBatch
INFO: ...using cached compile
Sep 28, 2025 9:50:25 AM org.javacs.JavaLanguageServer gotoDefinition
INFO: gotoDefinition: 300 document: file:///C:/Users/74993/Desktop/毕设/wll论文/java-language-server2/outputDir/DEF/by/DEF_160.java
Sep 28, 2025 9:50:25 AM org.javacs.JavaLanguageServer didOpenTextDocument
INFO: #didOpenTextDocument# try call rename {"context":{"includeDeclaration":false},"textDocument":{"uri":"file:///C:/Users/74993/Desktop/%E6%AF%95%E8%AE%BE/wll%E8%AE%BA%E6%96%87/java-language-server2/outputDir/DEF/by/DEF_160.java"},"position":{"line":1009,"character":11}}
Sep 28, 2025 9:50:25 AM org.javacs.JavaCompilerService compileBatch
INFO: ...using cached compile
Sep 28, 2025 9:50:25 AM org.javacs.JavaLanguageServer rename
INFO: rename: 209 document: file:///C:/Users/74993/Desktop/毕设/wll论文/java-language-server2/outputDir/DEF/by/DEF_160.java
Sep 28, 2025 9:50:25 AM org.javacs.JavaCompilerService compileBatch
INFO: ...using cached compile
Sep 28, 2025 9:50:26 AM org.javacs.JavaLanguageServer rename
INFO: rename: 214 document: file:///C:/Users/74993/Desktop/毕设/wll论文/java-language-server2/outputDir/DEF/by/DEF_160.java
Sep 28, 2025 9:50:26 AM org.javacs.JavaCompilerService compileBatch
INFO: ...using cached compile
Sep 28, 2025 9:50:26 AM org.javacs.JavaLanguageServer rename
INFO: rename: 230 document: file:///C:/Users/74993/Desktop/毕设/wll论文/java-language-server2/outputDir/DEF/by/DEF_160.java
Sep 28, 2025 9:50:26 AM org.javacs.JavaCompilerService compileBatch
INFO: ...using cached compile
Sep 28, 2025 9:50:26 AM org.javacs.JavaLanguageServer rename
INFO: rename: 221 document: file:///C:/Users/74993/Desktop/毕设/wll论文/java-language-server2/outputDir/DEF/by/DEF_160.java
Sep 28, 2025 9:50:26 AM org.javacs.JavaCompilerService compileBatch
INFO: ...using cached compile
Sep 28, 2025 9:50:26 AM org.javacs.JavaLanguageServer rename
INFO: rename: 209 document: file:///C:/Users/74993/Desktop/毕设/wll论文/java-language-server2/outputDir/DEF/by/DEF_160.java
Sep 28, 2025 9:50:26 AM org.javacs.JavaLanguageServer didOpenTextDocument
INFO: #didOpenTextDocument# try completion {"context":{"includeDeclaration":false},"textDocument":{"uri":"file:///C:/Users/74993/Desktop/%E6%AF%95%E8%AE%BE/wll%E8%AE%BA%E6%96%87/java-language-server2/outputDir/DEF/by/DEF_160.java"},"position":{"line":1009,"character":11}}
Sep 28, 2025 9:50:26 AM org.javacs.JavaLanguageServer completion
INFO: completion: 107 document: file:///C:/Users/74993/Desktop/毕设/wll论文/java-language-server2/outputDir/DEF/by/DEF_160.java
Sep 28, 2025 9:50:27 AM org.javacs.JavaLanguageServer completion
INFO: completion: 104 document: file:///C:/Users/74993/Desktop/毕设/wll论文/java-language-server2/outputDir/DEF/by/DEF_160.java
Sep 28, 2025 9:50:27 AM org.javacs.JavaLanguageServer completion
INFO: completion: 105 document: file:///C:/Users/74993/Desktop/毕设/wll论文/java-language-server2/outputDir/DEF/by/DEF_160.java
Sep 28, 2025 9:50:27 AM org.javacs.JavaLanguageServer completion
INFO: completion: 105 document: file:///C:/Users/74993/Desktop/毕设/wll论文/java-language-server2/outputDir/DEF/by/DEF_160.java
Sep 28, 2025 9:50:27 AM org.javacs.JavaLanguageServer completion
INFO: completion: 106 document: file:///C:/Users/74993/Desktop/毕设/wll论文/java-language-server2/outputDir/DEF/by/DEF_160.java
Sep 28, 2025 9:50:27 AM org.javacs.JavaLanguageServer didOpenTextDocument
INFO: #didOpenTextDocument# try call reference {"context":{"includeDeclaration":false},"textDocument":{"uri":"file:///C:/Users/74993/Desktop/%E6%AF%95%E8%AE%BE/wll%E8%AE%BA%E6%96%87/java-language-server2/outputDir/DEF/bz/DEF_240.java"},"position":{"line":77,"character":29}}
Sep 28, 2025 9:50:27 AM org.javacs.ScanClassPath jdkTopLevelClasses
INFO: Searching for top-level classes in the JDK
Sep 28, 2025 9:50:29 AM org.javacs.ScanClassPath jdkTopLevelClasses
INFO: Found 15005 classes in the java platform
Sep 28, 2025 9:50:29 AM org.javacs.ScanClassPath classPathTopLevelClasses
INFO: Searching for top-level classes in 0 classpath locations
Sep 28, 2025 9:50:29 AM org.javacs.ScanClassPath classPathTopLevelClasses
INFO: Found 0 classes in classpath
Sep 28, 2025 9:50:29 AM org.javacs.ReusableCompiler getTask
WARNING: Options changed from [-classpath, , --add-modules, ALL-MODULE-PATH, -proc:none, -g] to [-classpath, , --add-modules, ALL-MODULE-PATH, -proc:none, -g], creating new compiler
Sep 28, 2025 9:50:30 AM org.javacs.JavaLanguageServer findReferences
INFO: compile component: 323 document: file:///C:/Users/74993/Desktop/毕设/wll论文/java-language-server2/outputDir/DEF/bz/DEF_240.java
Sep 28, 2025 9:50:31 AM org.javacs.JavaLanguageServer findReferences
INFO: locate component: 419 document: file:///C:/Users/74993/Desktop/毕设/wll论文/java-language-server2/outputDir/DEF/bz/DEF_240.java
Sep 28, 2025 9:50:31 AM org.javacs.JavaLanguageServer findReferences
INFO: traverse component: 0 document: file:///C:/Users/74993/Desktop/毕设/wll论文/java-language-server2/outputDir/DEF/bz/DEF_240.java
Sep 28, 2025 9:50:31 AM org.javacs.JavaLanguageServer findReferences
INFO: NOD: 3294 document: file:///C:/Users/74993/Desktop/毕设/wll论文/java-language-server2/outputDir/DEF/bz/DEF_240.java
Sep 28, 2025 9:50:31 AM org.javacs.JavaLanguageServer findReferences
INFO: DEF: 240 document: file:///C:/Users/74993/Desktop/毕设/wll论文/java-language-server2/outputDir/DEF/bz/DEF_240.java
Sep 28, 2025 9:50:31 AM org.javacs.JavaLanguageServer findReferences
INFO: OCC: 2050 document: file:///C:/Users/74993/Desktop/毕设/wll论文/java-language-server2/outputDir/DEF/bz/DEF_240.java
Sep 28, 2025 9:50:31 AM org.javacs.JavaLanguageServer findReferences
INFO: LOC: 1617 document: file:///C:/Users/74993/Desktop/毕设/wll论文/java-language-server2/outputDir/DEF/bz/DEF_240.java
Sep 28, 2025 9:50:31 AM org.javacs.ScanClassPath jdkTopLevelClasses
INFO: Searching for top-level classes in the JDK
Sep 28, 2025 9:50:33 AM org.javacs.ScanClassPath jdkTopLevelClasses
INFO: Found 15005 classes in the java platform
Sep 28, 2025 9:50:33 AM org.javacs.ScanClassPath classPathTopLevelClasses
INFO: Searching for top-level classes in 0 classpath locations
Sep 28, 2025 9:50:33 AM org.javacs.ScanClassPath classPathTopLevelClasses
INFO: Found 0 classes in classpath
Sep 28, 2025 9:50:33 AM org.javacs.ReusableCompiler getTask
WARNING: Options changed from [-classpath, , --add-modules, ALL-MODULE-PATH, -proc:none, -g] to [-classpath, , --add-modules, ALL-MODULE-PATH, -proc:none, -g], creating new compiler
Sep 28, 2025 9:50:34 AM org.javacs.JavaLanguageServer findReferences
INFO: compile component: 175 document: file:///C:/Users/74993/Desktop/毕设/wll论文/java-language-server2/outputDir/DEF/bz/DEF_240.java
Sep 28, 2025 9:50:35 AM org.javacs.JavaLanguageServer findReferences
INFO: locate component: 377 document: file:///C:/Users/74993/Desktop/毕设/wll论文/java-language-server2/outputDir/DEF/bz/DEF_240.java
Sep 28, 2025 9:50:35 AM org.javacs.JavaLanguageServer findReferences
INFO: traverse component: 0 document: file:///C:/Users/74993/Desktop/毕设/wll论文/java-language-server2/outputDir/DEF/bz/DEF_240.java
Sep 28, 2025 9:50:35 AM org.javacs.JavaLanguageServer findReferences
INFO: NOD: 3294 document: file:///C:/Users/74993/Desktop/毕设/wll论文/java-language-server2/outputDir/DEF/bz/DEF_240.java
Sep 28, 2025 9:50:35 AM org.javacs.JavaLanguageServer findReferences
INFO: DEF: 240 document: file:///C:/Users/74993/Desktop/毕设/wll论文/java-language-server2/outputDir/DEF/bz/DEF_240.java
Sep 28, 2025 9:50:35 AM org.javacs.JavaLanguageServer findReferences
INFO: OCC: 2050 document: file:///C:/Users/74993/Desktop/毕设/wll论文/java-language-server2/outputDir/DEF/bz/DEF_240.java
Sep 28, 2025 9:50:35 AM org.javacs.JavaLanguageServer findReferences
INFO: LOC: 1617 document: file:///C:/Users/74993/Desktop/毕设/wll论文/java-language-server2/outputDir/DEF/bz/DEF_240.java
Sep 28, 2025 9:50:35 AM org.javacs.ScanClassPath jdkTopLevelClasses
INFO: Searching for top-level classes in the JDK
Sep 28, 2025 9:50:36 AM org.javacs.ScanClassPath jdkTopLevelClasses
INFO: Found 15005 classes in the java platform
Sep 28, 2025 9:50:36 AM org.javacs.ScanClassPath classPathTopLevelClasses
INFO: Searching for top-level classes in 0 classpath locations
Sep 28, 2025 9:50:36 AM org.javacs.ScanClassPath classPathTopLevelClasses
INFO: Found 0 classes in classpath
Sep 28, 2025 9:50:36 AM org.javacs.ReusableCompiler getTask
WARNING: Options changed from [-classpath, , --add-modules, ALL-MODULE-PATH, -proc:none, -g] to [-classpath, , --add-modules, ALL-MODULE-PATH, -proc:none, -g], creating new compiler
Sep 28, 2025 9:50:38 AM org.javacs.JavaLanguageServer findReferences
INFO: compile component: 168 document: file:///C:/Users/74993/Desktop/毕设/wll论文/java-language-server2/outputDir/DEF/bz/DEF_240.java
Sep 28, 2025 9:50:38 AM org.javacs.JavaLanguageServer findReferences
INFO: locate component: 415 document: file:///C:/Users/74993/Desktop/毕设/wll论文/java-language-server2/outputDir/DEF/bz/DEF_240.java
Sep 28, 2025 9:50:38 AM org.javacs.JavaLanguageServer findReferences
INFO: traverse component: 1 document: file:///C:/Users/74993/Desktop/毕设/wll论文/java-language-server2/outputDir/DEF/bz/DEF_240.java
Sep 28, 2025 9:50:38 AM org.javacs.JavaLanguageServer findReferences
INFO: NOD: 3294 document: file:///C:/Users/74993/Desktop/毕设/wll论文/java-language-server2/outputDir/DEF/bz/DEF_240.java
Sep 28, 2025 9:50:38 AM org.javacs.JavaLanguageServer findReferences
INFO: DEF: 240 document: file:///C:/Users/74993/Desktop/毕设/wll论文/java-language-server2/outputDir/DEF/bz/DEF_240.java
Sep 28, 2025 9:50:38 AM org.javacs.JavaLanguageServer findReferences
INFO: OCC: 2050 document: file:///C:/Users/74993/Desktop/毕设/wll论文/java-language-server2/outputDir/DEF/bz/DEF_240.java
Sep 28, 2025 9:50:38 AM org.javacs.JavaLanguageServer findReferences
INFO: LOC: 1617 document: file:///C:/Users/74993/Desktop/毕设/wll论文/java-language-server2/outputDir/DEF/bz/DEF_240.java
Sep 28, 2025 9:50:38 AM org.javacs.ScanClassPath jdkTopLevelClasses
INFO: Searching for top-level classes in the JDK
Sep 28, 2025 9:50:40 AM org.javacs.ScanClassPath jdkTopLevelClasses
INFO: Found 15005 classes in the java platform
Sep 28, 2025 9:50:40 AM org.javacs.ScanClassPath classPathTopLevelClasses
INFO: Searching for top-level classes in 0 classpath locations
Sep 28, 2025 9:50:40 AM org.javacs.ScanClassPath classPathTopLevelClasses
INFO: Found 0 classes in classpath
Sep 28, 2025 9:50:40 AM org.javacs.ReusableCompiler getTask
WARNING: Options changed from [-classpath, , --add-modules, ALL-MODULE-PATH, -proc:none, -g] to [-classpath, , --add-modules, ALL-MODULE-PATH, -proc:none, -g], creating new compiler
Sep 28, 2025 9:50:41 AM org.javacs.JavaLanguageServer findReferences
INFO: compile component: 172 document: file:///C:/Users/74993/Desktop/毕设/wll论文/java-language-server2/outputDir/DEF/bz/DEF_240.java
Sep 28, 2025 9:50:42 AM org.javacs.JavaLanguageServer findReferences
INFO: locate component: 412 document: file:///C:/Users/74993/Desktop/毕设/wll论文/java-language-server2/outputDir/DEF/bz/DEF_240.java
Sep 28, 2025 9:50:42 AM org.javacs.JavaLanguageServer findReferences
INFO: traverse component: 1 document: file:///C:/Users/74993/Desktop/毕设/wll论文/java-language-server2/outputDir/DEF/bz/DEF_240.java
Sep 28, 2025 9:50:42 AM org.javacs.JavaLanguageServer findReferences
INFO: NOD: 3294 document: file:///C:/Users/74993/Desktop/毕设/wll论文/java-language-server2/outputDir/DEF/bz/DEF_240.java
Sep 28, 2025 9:50:42 AM org.javacs.JavaLanguageServer findReferences
INFO: DEF: 240 document: file:///C:/Users/74993/Desktop/毕设/wll论文/java-language-server2/outputDir/DEF/bz/DEF_240.java
Sep 28, 2025 9:50:42 AM org.javacs.JavaLanguageServer findReferences
INFO: OCC: 2050 document: file:///C:/Users/74993/Desktop/毕设/wll论文/java-language-server2/outputDir/DEF/bz/DEF_240.java
Sep 28, 2025 9:50:42 AM org.javacs.JavaLanguageServer findReferences
INFO: LOC: 1617 document: file:///C:/Users/74993/Desktop/毕设/wll论文/java-language-server2/outputDir/DEF/bz/DEF_240.java
Sep 28, 2025 9:50:42 AM org.javacs.ScanClassPath jdkTopLevelClasses
INFO: Searching for top-level classes in the JDK
Sep 28, 2025 9:50:43 AM org.javacs.ScanClassPath jdkTopLevelClasses
INFO: Found 15005 classes in the java platform
Sep 28, 2025 9:50:44 AM org.javacs.ScanClassPath classPathTopLevelClasses
INFO: Searching for top-level classes in 0 classpath locations
Sep 28, 2025 9:50:44 AM org.javacs.ScanClassPath classPathTopLevelClasses
INFO: Found 0 classes in classpath
Sep 28, 2025 9:50:44 AM org.javacs.ReusableCompiler getTask
WARNING: Options changed from [-classpath, , --add-modules, ALL-MODULE-PATH, -proc:none, -g] to [-classpath, , --add-modules, ALL-MODULE-PATH, -proc:none, -g], creating new compiler
Sep 28, 2025 9:50:45 AM org.javacs.JavaLanguageServer findReferences
INFO: compile component: 176 document: file:///C:/Users/74993/Desktop/毕设/wll论文/java-language-server2/outputDir/DEF/bz/DEF_240.java
Sep 28, 2025 9:50:46 AM org.javacs.JavaLanguageServer findReferences
INFO: locate component: 433 document: file:///C:/Users/74993/Desktop/毕设/wll论文/java-language-server2/outputDir/DEF/bz/DEF_240.java
Sep 28, 2025 9:50:46 AM org.javacs.JavaLanguageServer findReferences
INFO: traverse component: 0 document: file:///C:/Users/74993/Desktop/毕设/wll论文/java-language-server2/outputDir/DEF/bz/DEF_240.java
Sep 28, 2025 9:50:46 AM org.javacs.JavaLanguageServer findReferences
INFO: NOD: 3294 document: file:///C:/Users/74993/Desktop/毕设/wll论文/java-language-server2/outputDir/DEF/bz/DEF_240.java
Sep 28, 2025 9:50:46 AM org.javacs.JavaLanguageServer findReferences
INFO: DEF: 240 document: file:///C:/Users/74993/Desktop/毕设/wll论文/java-language-server2/outputDir/DEF/bz/DEF_240.java
Sep 28, 2025 9:50:46 AM org.javacs.JavaLanguageServer findReferences
INFO: OCC: 2050 document: file:///C:/Users/74993/Desktop/毕设/wll论文/java-language-server2/outputDir/DEF/bz/DEF_240.java
Sep 28, 2025 9:50:46 AM org.javacs.JavaLanguageServer findReferences
INFO: LOC: 1617 document: file:///C:/Users/74993/Desktop/毕设/wll论文/java-language-server2/outputDir/DEF/bz/DEF_240.java
Sep 28, 2025 9:50:46 AM org.javacs.JavaLanguageServer didOpenTextDocument
INFO: #didOpenTextDocument# try call goto {"context":{"includeDeclaration":false},"textDocument":{"uri":"file:///C:/Users/74993/Desktop/%E6%AF%95%E8%AE%BE/wll%E8%AE%BA%E6%96%87/java-language-server2/outputDir/DEF/bz/DEF_240.java"},"position":{"line":77,"character":29}}
Sep 28, 2025 9:50:46 AM org.javacs.JavaCompilerService compileBatch
INFO: ...using cached compile
Sep 28, 2025 9:50:46 AM org.javacs.JavaLanguageServer gotoDefinition
INFO: gotoDefinition: 497 document: file:///C:/Users/74993/Desktop/毕设/wll论文/java-language-server2/outputDir/DEF/bz/DEF_240.java
Sep 28, 2025 9:50:46 AM org.javacs.JavaCompilerService compileBatch
INFO: ...using cached compile
Sep 28, 2025 9:50:47 AM org.javacs.JavaLanguageServer gotoDefinition
INFO: gotoDefinition: 487 document: file:///C:/Users/74993/Desktop/毕设/wll论文/java-language-server2/outputDir/DEF/bz/DEF_240.java
Sep 28, 2025 9:50:47 AM org.javacs.JavaCompilerService compileBatch
INFO: ...using cached compile
Sep 28, 2025 9:50:47 AM org.javacs.JavaLanguageServer gotoDefinition
INFO: gotoDefinition: 486 document: file:///C:/Users/74993/Desktop/毕设/wll论文/java-language-server2/outputDir/DEF/bz/DEF_240.java
Sep 28, 2025 9:50:47 AM org.javacs.JavaCompilerService compileBatch
INFO: ...using cached compile
Sep 28, 2025 9:50:48 AM org.javacs.JavaLanguageServer gotoDefinition
INFO: gotoDefinition: 485 document: file:///C:/Users/74993/Desktop/毕设/wll论文/java-language-server2/outputDir/DEF/bz/DEF_240.java
Sep 28, 2025 9:50:48 AM org.javacs.JavaCompilerService compileBatch
INFO: ...using cached compile
Sep 28, 2025 9:50:48 AM org.javacs.JavaLanguageServer gotoDefinition
INFO: gotoDefinition: 483 document: file:///C:/Users/74993/Desktop/毕设/wll论文/java-language-server2/outputDir/DEF/bz/DEF_240.java
Sep 28, 2025 9:50:48 AM org.javacs.JavaLanguageServer didOpenTextDocument
INFO: #didOpenTextDocument# try call rename {"context":{"includeDeclaration":false},"textDocument":{"uri":"file:///C:/Users/74993/Desktop/%E6%AF%95%E8%AE%BE/wll%E8%AE%BA%E6%96%87/java-language-server2/outputDir/DEF/bz/DEF_240.java"},"position":{"line":77,"character":29}}
Sep 28, 2025 9:50:48 AM org.javacs.JavaCompilerService compileBatch
INFO: ...using cached compile
Sep 28, 2025 9:50:49 AM org.javacs.JavaLanguageServer rename
INFO: rename: 394 document: file:///C:/Users/74993/Desktop/毕设/wll论文/java-language-server2/outputDir/DEF/bz/DEF_240.java
Sep 28, 2025 9:50:49 AM org.javacs.JavaCompilerService compileBatch
INFO: ...using cached compile
Sep 28, 2025 9:50:49 AM org.javacs.JavaLanguageServer rename
INFO: rename: 392 document: file:///C:/Users/74993/Desktop/毕设/wll论文/java-language-server2/outputDir/DEF/bz/DEF_240.java
Sep 28, 2025 9:50:49 AM org.javacs.JavaCompilerService compileBatch
INFO: ...using cached compile
Sep 28, 2025 9:50:49 AM org.javacs.JavaLanguageServer rename
INFO: rename: 389 document: file:///C:/Users/74993/Desktop/毕设/wll论文/java-language-server2/outputDir/DEF/bz/DEF_240.java
Sep 28, 2025 9:50:49 AM org.javacs.JavaCompilerService compileBatch
INFO: ...using cached compile
Sep 28, 2025 9:50:50 AM org.javacs.JavaLanguageServer rename
INFO: rename: 391 document: file:///C:/Users/74993/Desktop/毕设/wll论文/java-language-server2/outputDir/DEF/bz/DEF_240.java
Sep 28, 2025 9:50:50 AM org.javacs.JavaCompilerService compileBatch
INFO: ...using cached compile
Sep 28, 2025 9:50:50 AM org.javacs.JavaLanguageServer rename
INFO: rename: 391 document: file:///C:/Users/74993/Desktop/毕设/wll论文/java-language-server2/outputDir/DEF/bz/DEF_240.java
Sep 28, 2025 9:50:50 AM org.javacs.JavaLanguageServer didOpenTextDocument
INFO: #didOpenTextDocument# try completion {"context":{"includeDeclaration":false},"textDocument":{"uri":"file:///C:/Users/74993/Desktop/%E6%AF%95%E8%AE%BE/wll%E8%AE%BA%E6%96%87/java-language-server2/outputDir/DEF/bz/DEF_240.java"},"position":{"line":77,"character":29}}
Sep 28, 2025 9:50:50 AM org.javacs.JavaLanguageServer completion
INFO: completion: 173 document: file:///C:/Users/74993/Desktop/毕设/wll论文/java-language-server2/outputDir/DEF/bz/DEF_240.java
Sep 28, 2025 9:50:50 AM org.javacs.JavaLanguageServer completion
INFO: completion: 172 document: file:///C:/Users/74993/Desktop/毕设/wll论文/java-language-server2/outputDir/DEF/bz/DEF_240.java
Sep 28, 2025 9:50:51 AM org.javacs.JavaLanguageServer completion
INFO: completion: 170 document: file:///C:/Users/74993/Desktop/毕设/wll论文/java-language-server2/outputDir/DEF/bz/DEF_240.java
Sep 28, 2025 9:50:51 AM org.javacs.JavaLanguageServer completion
INFO: completion: 172 document: file:///C:/Users/74993/Desktop/毕设/wll论文/java-language-server2/outputDir/DEF/bz/DEF_240.java
Sep 28, 2025 9:50:51 AM org.javacs.JavaLanguageServer completion
INFO: completion: 175 document: file:///C:/Users/74993/Desktop/毕设/wll论文/java-language-server2/outputDir/DEF/bz/DEF_240.java
Sep 28, 2025 9:50:51 AM org.javacs.JavaLanguageServer didOpenTextDocument
INFO: #didOpenTextDocument# try call goto {"context":{"includeDeclaration":false},"textDocument":{"uri":"file:///C:/Users/74993/Desktop/%E6%AF%95%E8%AE%BE/wll%E8%AE%BA%E6%96%87/java-language-server2/outputDir/DEF/bz/DEF_240.java"},"position":{"line":1601,"character":45}}
Sep 28, 2025 9:50:52 AM org.javacs.JavaLanguageServer gotoDefinition
INFO: gotoDefinition: 727 document: file:///C:/Users/74993/Desktop/毕设/wll论文/java-language-server2/outputDir/DEF/bz/DEF_240.java
Sep 28, 2025 9:50:52 AM org.javacs.JavaCompilerService compileBatch
INFO: ...using cached compile
Sep 28, 2025 9:50:52 AM org.javacs.JavaLanguageServer gotoDefinition
INFO: gotoDefinition: 390 document: file:///C:/Users/74993/Desktop/毕设/wll论文/java-language-server2/outputDir/DEF/bz/DEF_240.java
Sep 28, 2025 9:50:52 AM org.javacs.JavaCompilerService compileBatch
INFO: ...using cached compile
Sep 28, 2025 9:50:53 AM org.javacs.JavaLanguageServer gotoDefinition
INFO: gotoDefinition: 391 document: file:///C:/Users/74993/Desktop/毕设/wll论文/java-language-server2/outputDir/DEF/bz/DEF_240.java
Sep 28, 2025 9:50:53 AM org.javacs.JavaCompilerService compileBatch
INFO: ...using cached compile
Sep 28, 2025 9:50:53 AM org.javacs.JavaLanguageServer gotoDefinition
INFO: gotoDefinition: 391 document: file:///C:/Users/74993/Desktop/毕设/wll论文/java-language-server2/outputDir/DEF/bz/DEF_240.java
Sep 28, 2025 9:50:53 AM org.javacs.JavaCompilerService compileBatch
INFO: ...using cached compile
Sep 28, 2025 9:50:53 AM org.javacs.JavaLanguageServer gotoDefinition
INFO: gotoDefinition: 392 document: file:///C:/Users/74993/Desktop/毕设/wll论文/java-language-server2/outputDir/DEF/bz/DEF_240.java
Sep 28, 2025 9:50:53 AM org.javacs.JavaLanguageServer didOpenTextDocument
INFO: #didOpenTextDocument# try call rename {"context":{"includeDeclaration":false},"textDocument":{"uri":"file:///C:/Users/74993/Desktop/%E6%AF%95%E8%AE%BE/wll%E8%AE%BA%E6%96%87/java-language-server2/outputDir/DEF/bz/DEF_240.java"},"position":{"line":1601,"character":45}}
Sep 28, 2025 9:50:53 AM org.javacs.JavaCompilerService compileBatch
INFO: ...using cached compile
Sep 28, 2025 9:50:54 AM org.javacs.JavaLanguageServer rename
INFO: rename: 422 document: file:///C:/Users/74993/Desktop/毕设/wll论文/java-language-server2/outputDir/DEF/bz/DEF_240.java
Sep 28, 2025 9:50:54 AM org.javacs.JavaCompilerService compileBatch
INFO: ...using cached compile
Sep 28, 2025 9:50:54 AM org.javacs.JavaLanguageServer rename
INFO: rename: 410 document: file:///C:/Users/74993/Desktop/毕设/wll论文/java-language-server2/outputDir/DEF/bz/DEF_240.java
Sep 28, 2025 9:50:54 AM org.javacs.JavaCompilerService compileBatch
INFO: ...using cached compile
Sep 28, 2025 9:50:55 AM org.javacs.JavaLanguageServer rename
INFO: rename: 420 document: file:///C:/Users/74993/Desktop/毕设/wll论文/java-language-server2/outputDir/DEF/bz/DEF_240.java
Sep 28, 2025 9:50:55 AM org.javacs.JavaCompilerService compileBatch
INFO: ...using cached compile
Sep 28, 2025 9:50:55 AM org.javacs.JavaLanguageServer rename
INFO: rename: 382 document: file:///C:/Users/74993/Desktop/毕设/wll论文/java-language-server2/outputDir/DEF/bz/DEF_240.java
Sep 28, 2025 9:50:55 AM org.javacs.JavaCompilerService compileBatch
INFO: ...using cached compile
Sep 28, 2025 9:50:55 AM org.javacs.JavaLanguageServer rename
INFO: rename: 380 document: file:///C:/Users/74993/Desktop/毕设/wll论文/java-language-server2/outputDir/DEF/bz/DEF_240.java
Sep 28, 2025 9:50:55 AM org.javacs.JavaLanguageServer didOpenTextDocument
INFO: #didOpenTextDocument# try completion {"context":{"includeDeclaration":false},"textDocument":{"uri":"file:///C:/Users/74993/Desktop/%E6%AF%95%E8%AE%BE/wll%E8%AE%BA%E6%96%87/java-language-server2/outputDir/DEF/bz/DEF_240.java"},"position":{"line":1601,"character":45}}
Sep 28, 2025 9:50:56 AM org.javacs.JavaLanguageServer completion
INFO: completion: 207 document: file:///C:/Users/74993/Desktop/毕设/wll论文/java-language-server2/outputDir/DEF/bz/DEF_240.java
Sep 28, 2025 9:50:56 AM org.javacs.JavaLanguageServer completion
INFO: completion: 190 document: file:///C:/Users/74993/Desktop/毕设/wll论文/java-language-server2/outputDir/DEF/bz/DEF_240.java
Sep 28, 2025 9:50:56 AM org.javacs.JavaLanguageServer completion
INFO: completion: 194 document: file:///C:/Users/74993/Desktop/毕设/wll论文/java-language-server2/outputDir/DEF/bz/DEF_240.java
Sep 28, 2025 9:50:56 AM org.javacs.JavaLanguageServer completion
INFO: completion: 192 document: file:///C:/Users/74993/Desktop/毕设/wll论文/java-language-server2/outputDir/DEF/bz/DEF_240.java
Sep 28, 2025 9:50:56 AM org.javacs.JavaLanguageServer completion
INFO: completion: 182 document: file:///C:/Users/74993/Desktop/毕设/wll论文/java-language-server2/outputDir/DEF/bz/DEF_240.java
Sep 28, 2025 9:50:57 AM org.javacs.JavaLanguageServer didOpenTextDocument
INFO: #didOpenTextDocument# try call reference {"context":{"includeDeclaration":false},"textDocument":{"uri":"file:///C:/Users/74993/Desktop/%E6%AF%95%E8%AE%BE/wll%E8%AE%BA%E6%96%87/java-language-server2/outputDir/DEF/ca/DEF_320.java"},"position":{"line":50,"character":31}}
Sep 28, 2025 9:50:57 AM org.javacs.ScanClassPath jdkTopLevelClasses
INFO: Searching for top-level classes in the JDK
Sep 28, 2025 9:50:58 AM org.javacs.ScanClassPath jdkTopLevelClasses
INFO: Found 15005 classes in the java platform
Sep 28, 2025 9:50:59 AM org.javacs.ScanClassPath classPathTopLevelClasses
INFO: Searching for top-level classes in 0 classpath locations
Sep 28, 2025 9:50:59 AM org.javacs.ScanClassPath classPathTopLevelClasses
INFO: Found 0 classes in classpath
Sep 28, 2025 9:50:59 AM org.javacs.ReusableCompiler getTask
WARNING: Options changed from [-classpath, , --add-modules, ALL-MODULE-PATH, -proc:none, -g] to [-classpath, , --add-modules, ALL-MODULE-PATH, -proc:none, -g], creating new compiler
Sep 28, 2025 9:51:00 AM org.javacs.JavaLanguageServer findReferences
INFO: compile component: 307 document: file:///C:/Users/74993/Desktop/毕设/wll论文/java-language-server2/outputDir/DEF/ca/DEF_320.java
Sep 28, 2025 9:51:01 AM org.javacs.JavaLanguageServer findReferences
INFO: locate component: 477 document: file:///C:/Users/74993/Desktop/毕设/wll论文/java-language-server2/outputDir/DEF/ca/DEF_320.java
Sep 28, 2025 9:51:01 AM org.javacs.JavaLanguageServer findReferences
INFO: traverse component: 1 document: file:///C:/Users/74993/Desktop/毕设/wll论文/java-language-server2/outputDir/DEF/ca/DEF_320.java
Sep 28, 2025 9:51:01 AM org.javacs.JavaLanguageServer findReferences
INFO: NOD: 3753 document: file:///C:/Users/74993/Desktop/毕设/wll论文/java-language-server2/outputDir/DEF/ca/DEF_320.java
Sep 28, 2025 9:51:01 AM org.javacs.JavaLanguageServer findReferences
INFO: DEF: 320 document: file:///C:/Users/74993/Desktop/毕设/wll论文/java-language-server2/outputDir/DEF/ca/DEF_320.java
Sep 28, 2025 9:51:01 AM org.javacs.JavaLanguageServer findReferences
INFO: OCC: 2231 document: file:///C:/Users/74993/Desktop/毕设/wll论文/java-language-server2/outputDir/DEF/ca/DEF_320.java
Sep 28, 2025 9:51:01 AM org.javacs.JavaLanguageServer findReferences
INFO: LOC: 1626 document: file:///C:/Users/74993/Desktop/毕设/wll论文/java-language-server2/outputDir/DEF/ca/DEF_320.java
Sep 28, 2025 9:51:01 AM org.javacs.ScanClassPath jdkTopLevelClasses
INFO: Searching for top-level classes in the JDK
Sep 28, 2025 9:51:02 AM org.javacs.ScanClassPath jdkTopLevelClasses
INFO: Found 15005 classes in the java platform
Sep 28, 2025 9:51:03 AM org.javacs.ScanClassPath classPathTopLevelClasses
INFO: Searching for top-level classes in 0 classpath locations
Sep 28, 2025 9:51:03 AM org.javacs.ScanClassPath classPathTopLevelClasses
INFO: Found 0 classes in classpath
Sep 28, 2025 9:51:03 AM org.javacs.ReusableCompiler getTask
WARNING: Options changed from [-classpath, , --add-modules, ALL-MODULE-PATH, -proc:none, -g] to [-classpath, , --add-modules, ALL-MODULE-PATH, -proc:none, -g], creating new compiler
Sep 28, 2025 9:51:04 AM org.javacs.JavaLanguageServer findReferences
INFO: compile component: 163 document: file:///C:/Users/74993/Desktop/毕设/wll论文/java-language-server2/outputDir/DEF/ca/DEF_320.java
Sep 28, 2025 9:51:05 AM org.javacs.JavaLanguageServer findReferences
INFO: locate component: 472 document: file:///C:/Users/74993/Desktop/毕设/wll论文/java-language-server2/outputDir/DEF/ca/DEF_320.java
Sep 28, 2025 9:51:05 AM org.javacs.JavaLanguageServer findReferences
INFO: traverse component: 1 document: file:///C:/Users/74993/Desktop/毕设/wll论文/java-language-server2/outputDir/DEF/ca/DEF_320.java
Sep 28, 2025 9:51:05 AM org.javacs.JavaLanguageServer findReferences
INFO: NOD: 3753 document: file:///C:/Users/74993/Desktop/毕设/wll论文/java-language-server2/outputDir/DEF/ca/DEF_320.java
Sep 28, 2025 9:51:05 AM org.javacs.JavaLanguageServer findReferences
INFO: DEF: 320 document: file:///C:/Users/74993/Desktop/毕设/wll论文/java-language-server2/outputDir/DEF/ca/DEF_320.java
Sep 28, 2025 9:51:05 AM org.javacs.JavaLanguageServer findReferences
INFO: OCC: 2231 document: file:///C:/Users/74993/Desktop/毕设/wll论文/java-language-server2/outputDir/DEF/ca/DEF_320.java
Sep 28, 2025 9:51:05 AM org.javacs.JavaLanguageServer findReferences
INFO: LOC: 1626 document: file:///C:/Users/74993/Desktop/毕设/wll论文/java-language-server2/outputDir/DEF/ca/DEF_320.java
Sep 28, 2025 9:51:05 AM org.javacs.ScanClassPath jdkTopLevelClasses
INFO: Searching for top-level classes in the JDK
Sep 28, 2025 9:51:06 AM org.javacs.ScanClassPath jdkTopLevelClasses
INFO: Found 15005 classes in the java platform
Sep 28, 2025 9:51:06 AM org.javacs.ScanClassPath classPathTopLevelClasses
INFO: Searching for top-level classes in 0 classpath locations
Sep 28, 2025 9:51:06 AM org.javacs.ScanClassPath classPathTopLevelClasses
INFO: Found 0 classes in classpath
Sep 28, 2025 9:51:06 AM org.javacs.ReusableCompiler getTask
WARNING: Options changed from [-classpath, , --add-modules, ALL-MODULE-PATH, -proc:none, -g] to [-classpath, , --add-modules, ALL-MODULE-PATH, -proc:none, -g], creating new compiler
Sep 28, 2025 9:51:08 AM org.javacs.JavaLanguageServer findReferences
INFO: compile component: 162 document: file:///C:/Users/74993/Desktop/毕设/wll论文/java-language-server2/outputDir/DEF/ca/DEF_320.java
Sep 28, 2025 9:51:08 AM org.javacs.JavaLanguageServer findReferences
INFO: locate component: 442 document: file:///C:/Users/74993/Desktop/毕设/wll论文/java-language-server2/outputDir/DEF/ca/DEF_320.java
Sep 28, 2025 9:51:08 AM org.javacs.JavaLanguageServer findReferences
INFO: traverse component: 1 document: file:///C:/Users/74993/Desktop/毕设/wll论文/java-language-server2/outputDir/DEF/ca/DEF_320.java
Sep 28, 2025 9:51:08 AM org.javacs.JavaLanguageServer findReferences
INFO: NOD: 3753 document: file:///C:/Users/74993/Desktop/毕设/wll论文/java-language-server2/outputDir/DEF/ca/DEF_320.java
Sep 28, 2025 9:51:08 AM org.javacs.JavaLanguageServer findReferences
INFO: DEF: 320 document: file:///C:/Users/74993/Desktop/毕设/wll论文/java-language-server2/outputDir/DEF/ca/DEF_320.java
Sep 28, 2025 9:51:08 AM org.javacs.JavaLanguageServer findReferences
INFO: OCC: 2231 document: file:///C:/Users/74993/Desktop/毕设/wll论文/java-language-server2/outputDir/DEF/ca/DEF_320.java
Sep 28, 2025 9:51:08 AM org.javacs.JavaLanguageServer findReferences
INFO: LOC: 1626 document: file:///C:/Users/74993/Desktop/毕设/wll论文/java-language-server2/outputDir/DEF/ca/DEF_320.java
Sep 28, 2025 9:51:08 AM org.javacs.ScanClassPath jdkTopLevelClasses
INFO: Searching for top-level classes in the JDK
Sep 28, 2025 9:51:10 AM org.javacs.ScanClassPath jdkTopLevelClasses
INFO: Found 15005 classes in the java platform
Sep 28, 2025 9:51:10 AM org.javacs.ScanClassPath classPathTopLevelClasses
INFO: Searching for top-level classes in 0 classpath locations
Sep 28, 2025 9:51:10 AM org.javacs.ScanClassPath classPathTopLevelClasses
INFO: Found 0 classes in classpath
Sep 28, 2025 9:51:10 AM org.javacs.ReusableCompiler getTask
WARNING: Options changed from [-classpath, , --add-modules, ALL-MODULE-PATH, -proc:none, -g] to [-classpath, , --add-modules, ALL-MODULE-PATH, -proc:none, -g], creating new compiler
Sep 28, 2025 9:51:11 AM org.javacs.JavaLanguageServer findReferences
INFO: compile component: 164 document: file:///C:/Users/74993/Desktop/毕设/wll论文/java-language-server2/outputDir/DEF/ca/DEF_320.java
Sep 28, 2025 9:51:12 AM org.javacs.JavaLanguageServer findReferences
INFO: locate component: 440 document: file:///C:/Users/74993/Desktop/毕设/wll论文/java-language-server2/outputDir/DEF/ca/DEF_320.java
Sep 28, 2025 9:51:12 AM org.javacs.JavaLanguageServer findReferences
INFO: traverse component: 1 document: file:///C:/Users/74993/Desktop/毕设/wll论文/java-language-server2/outputDir/DEF/ca/DEF_320.java
Sep 28, 2025 9:51:12 AM org.javacs.JavaLanguageServer findReferences
INFO: NOD: 3753 document: file:///C:/Users/74993/Desktop/毕设/wll论文/java-language-server2/outputDir/DEF/ca/DEF_320.java
Sep 28, 2025 9:51:12 AM org.javacs.JavaLanguageServer findReferences
INFO: DEF: 320 document: file:///C:/Users/74993/Desktop/毕设/wll论文/java-language-server2/outputDir/DEF/ca/DEF_320.java
Sep 28, 2025 9:51:12 AM org.javacs.JavaLanguageServer findReferences
INFO: OCC: 2231 document: file:///C:/Users/74993/Desktop/毕设/wll论文/java-language-server2/outputDir/DEF/ca/DEF_320.java
Sep 28, 2025 9:51:12 AM org.javacs.JavaLanguageServer findReferences
INFO: LOC: 1626 document: file:///C:/Users/74993/Desktop/毕设/wll论文/java-language-server2/outputDir/DEF/ca/DEF_320.java
Sep 28, 2025 9:51:12 AM org.javacs.ScanClassPath jdkTopLevelClasses
INFO: Searching for top-level classes in the JDK
Sep 28, 2025 9:51:14 AM org.javacs.ScanClassPath jdkTopLevelClasses
INFO: Found 15005 classes in the java platform
Sep 28, 2025 9:51:14 AM org.javacs.ScanClassPath classPathTopLevelClasses
INFO: Searching for top-level classes in 0 classpath locations
Sep 28, 2025 9:51:14 AM org.javacs.ScanClassPath classPathTopLevelClasses
INFO: Found 0 classes in classpath
Sep 28, 2025 9:51:14 AM org.javacs.ReusableCompiler getTask
WARNING: Options changed from [-classpath, , --add-modules, ALL-MODULE-PATH, -proc:none, -g] to [-classpath, , --add-modules, ALL-MODULE-PATH, -proc:none, -g], creating new compiler
Sep 28, 2025 9:51:15 AM org.javacs.JavaLanguageServer findReferences
INFO: compile component: 166 document: file:///C:/Users/74993/Desktop/毕设/wll论文/java-language-server2/outputDir/DEF/ca/DEF_320.java
Sep 28, 2025 9:51:16 AM org.javacs.JavaLanguageServer findReferences
INFO: locate component: 450 document: file:///C:/Users/74993/Desktop/毕设/wll论文/java-language-server2/outputDir/DEF/ca/DEF_320.java
Sep 28, 2025 9:51:16 AM org.javacs.JavaLanguageServer findReferences
INFO: traverse component: 0 document: file:///C:/Users/74993/Desktop/毕设/wll论文/java-language-server2/outputDir/DEF/ca/DEF_320.java
Sep 28, 2025 9:51:16 AM org.javacs.JavaLanguageServer findReferences
INFO: NOD: 3753 document: file:///C:/Users/74993/Desktop/毕设/wll论文/java-language-server2/outputDir/DEF/ca/DEF_320.java
Sep 28, 2025 9:51:16 AM org.javacs.JavaLanguageServer findReferences
INFO: DEF: 320 document: file:///C:/Users/74993/Desktop/毕设/wll论文/java-language-server2/outputDir/DEF/ca/DEF_320.java
Sep 28, 2025 9:51:16 AM org.javacs.JavaLanguageServer findReferences
INFO: OCC: 2231 document: file:///C:/Users/74993/Desktop/毕设/wll论文/java-language-server2/outputDir/DEF/ca/DEF_320.java
Sep 28, 2025 9:51:16 AM org.javacs.JavaLanguageServer findReferences
INFO: LOC: 1626 document: file:///C:/Users/74993/Desktop/毕设/wll论文/java-language-server2/outputDir/DEF/ca/DEF_320.java
Sep 28, 2025 9:51:16 AM org.javacs.JavaLanguageServer didOpenTextDocument
INFO: #didOpenTextDocument# try call goto {"context":{"includeDeclaration":false},"textDocument":{"uri":"file:///C:/Users/74993/Desktop/%E6%AF%95%E8%AE%BE/wll%E8%AE%BA%E6%96%87/java-language-server2/outputDir/DEF/ca/DEF_320.java"},"position":{"line":50,"character":31}}
Sep 28, 2025 9:51:16 AM org.javacs.JavaCompilerService compileBatch
INFO: ...using cached compile
Sep 28, 2025 9:51:16 AM org.javacs.JavaLanguageServer gotoDefinition
INFO: gotoDefinition: 552 document: file:///C:/Users/74993/Desktop/毕设/wll论文/java-language-server2/outputDir/DEF/ca/DEF_320.java
Sep 28, 2025 9:51:16 AM org.javacs.JavaCompilerService compileBatch
INFO: ...using cached compile
Sep 28, 2025 9:51:17 AM org.javacs.JavaLanguageServer gotoDefinition
INFO: gotoDefinition: 538 document: file:///C:/Users/74993/Desktop/毕设/wll论文/java-language-server2/outputDir/DEF/ca/DEF_320.java
Sep 28, 2025 9:51:17 AM org.javacs.JavaCompilerService compileBatch
INFO: ...using cached compile
Sep 28, 2025 9:51:17 AM org.javacs.JavaLanguageServer gotoDefinition
INFO: gotoDefinition: 524 document: file:///C:/Users/74993/Desktop/毕设/wll论文/java-language-server2/outputDir/DEF/ca/DEF_320.java
Sep 28, 2025 9:51:17 AM org.javacs.JavaCompilerService compileBatch
INFO: ...using cached compile
Sep 28, 2025 9:51:18 AM org.javacs.JavaLanguageServer gotoDefinition
INFO: gotoDefinition: 530 document: file:///C:/Users/74993/Desktop/毕设/wll论文/java-language-server2/outputDir/DEF/ca/DEF_320.java
Sep 28, 2025 9:51:18 AM org.javacs.JavaCompilerService compileBatch
INFO: ...using cached compile
Sep 28, 2025 9:51:19 AM org.javacs.JavaLanguageServer gotoDefinition
INFO: gotoDefinition: 527 document: file:///C:/Users/74993/Desktop/毕设/wll论文/java-language-server2/outputDir/DEF/ca/DEF_320.java
Sep 28, 2025 9:51:19 AM org.javacs.JavaLanguageServer didOpenTextDocument
INFO: #didOpenTextDocument# try call rename {"context":{"includeDeclaration":false},"textDocument":{"uri":"file:///C:/Users/74993/Desktop/%E6%AF%95%E8%AE%BE/wll%E8%AE%BA%E6%96%87/java-language-server2/outputDir/DEF/ca/DEF_320.java"},"position":{"line":50,"character":31}}
Sep 28, 2025 9:51:19 AM org.javacs.JavaCompilerService compileBatch
INFO: ...using cached compile
Sep 28, 2025 9:51:19 AM org.javacs.JavaLanguageServer rename
INFO: rename: 475 document: file:///C:/Users/74993/Desktop/毕设/wll论文/java-language-server2/outputDir/DEF/ca/DEF_320.java
Sep 28, 2025 9:51:19 AM org.javacs.JavaCompilerService compileBatch
INFO: ...using cached compile
Sep 28, 2025 9:51:19 AM org.javacs.JavaLanguageServer rename
INFO: rename: 473 document: file:///C:/Users/74993/Desktop/毕设/wll论文/java-language-server2/outputDir/DEF/ca/DEF_320.java
Sep 28, 2025 9:51:19 AM org.javacs.JavaCompilerService compileBatch
INFO: ...using cached compile
Sep 28, 2025 9:51:20 AM org.javacs.JavaLanguageServer rename
INFO: rename: 473 document: file:///C:/Users/74993/Desktop/毕设/wll论文/java-language-server2/outputDir/DEF/ca/DEF_320.java
Sep 28, 2025 9:51:20 AM org.javacs.JavaCompilerService compileBatch
INFO: ...using cached compile
Sep 28, 2025 9:51:20 AM org.javacs.JavaLanguageServer rename
INFO: rename: 480 document: file:///C:/Users/74993/Desktop/毕设/wll论文/java-language-server2/outputDir/DEF/ca/DEF_320.java
Sep 28, 2025 9:51:20 AM org.javacs.JavaCompilerService compileBatch
INFO: ...using cached compile
Sep 28, 2025 9:51:21 AM org.javacs.JavaLanguageServer rename
INFO: rename: 458 document: file:///C:/Users/74993/Desktop/毕设/wll论文/java-language-server2/outputDir/DEF/ca/DEF_320.java
Sep 28, 2025 9:51:21 AM org.javacs.JavaLanguageServer didOpenTextDocument
INFO: #didOpenTextDocument# try completion {"context":{"includeDeclaration":false},"textDocument":{"uri":"file:///C:/Users/74993/Desktop/%E6%AF%95%E8%AE%BE/wll%E8%AE%BA%E6%96%87/java-language-server2/outputDir/DEF/ca/DEF_320.java"},"position":{"line":50,"character":31}}
Sep 28, 2025 9:51:21 AM org.javacs.JavaLanguageServer completion
INFO: completion: 171 document: file:///C:/Users/74993/Desktop/毕设/wll论文/java-language-server2/outputDir/DEF/ca/DEF_320.java
Sep 28, 2025 9:51:21 AM org.javacs.JavaLanguageServer completion
INFO: completion: 162 document: file:///C:/Users/74993/Desktop/毕设/wll论文/java-language-server2/outputDir/DEF/ca/DEF_320.java
Sep 28, 2025 9:51:21 AM org.javacs.JavaLanguageServer completion
INFO: completion: 164 document: file:///C:/Users/74993/Desktop/毕设/wll论文/java-language-server2/outputDir/DEF/ca/DEF_320.java
Sep 28, 2025 9:51:22 AM org.javacs.JavaLanguageServer completion
INFO: completion: 165 document: file:///C:/Users/74993/Desktop/毕设/wll论文/java-language-server2/outputDir/DEF/ca/DEF_320.java
Sep 28, 2025 9:51:22 AM org.javacs.JavaLanguageServer completion
INFO: completion: 165 document: file:///C:/Users/74993/Desktop/毕设/wll论文/java-language-server2/outputDir/DEF/ca/DEF_320.java
Sep 28, 2025 9:51:22 AM org.javacs.JavaLanguageServer didOpenTextDocument
INFO: #didOpenTextDocument# try call goto {"context":{"includeDeclaration":false},"textDocument":{"uri":"file:///C:/Users/74993/Desktop/%E6%AF%95%E8%AE%BE/wll%E8%AE%BA%E6%96%87/java-language-server2/outputDir/DEF/ca/DEF_320.java"},"position":{"line":1604,"character":56}}
Sep 28, 2025 9:51:23 AM org.javacs.JavaLanguageServer gotoDefinition
INFO: gotoDefinition: 803 document: file:///C:/Users/74993/Desktop/毕设/wll论文/java-language-server2/outputDir/DEF/ca/DEF_320.java
Sep 28, 2025 9:51:23 AM org.javacs.JavaCompilerService compileBatch
INFO: ...using cached compile
Sep 28, 2025 9:51:23 AM org.javacs.JavaLanguageServer gotoDefinition
INFO: gotoDefinition: 455 document: file:///C:/Users/74993/Desktop/毕设/wll论文/java-language-server2/outputDir/DEF/ca/DEF_320.java
Sep 28, 2025 9:51:23 AM org.javacs.JavaCompilerService compileBatch
INFO: ...using cached compile
Sep 28, 2025 9:51:23 AM org.javacs.JavaLanguageServer gotoDefinition
INFO: gotoDefinition: 450 document: file:///C:/Users/74993/Desktop/毕设/wll论文/java-language-server2/outputDir/DEF/ca/DEF_320.java
Sep 28, 2025 9:51:23 AM org.javacs.JavaCompilerService compileBatch
INFO: ...using cached compile
Sep 28, 2025 9:51:24 AM org.javacs.JavaLanguageServer gotoDefinition
INFO: gotoDefinition: 452 document: file:///C:/Users/74993/Desktop/毕设/wll论文/java-language-server2/outputDir/DEF/ca/DEF_320.java
Sep 28, 2025 9:51:24 AM org.javacs.JavaCompilerService compileBatch
INFO: ...using cached compile
Sep 28, 2025 9:51:24 AM org.javacs.JavaLanguageServer gotoDefinition
INFO: gotoDefinition: 456 document: file:///C:/Users/74993/Desktop/毕设/wll论文/java-language-server2/outputDir/DEF/ca/DEF_320.java
Sep 28, 2025 9:51:24 AM org.javacs.JavaLanguageServer didOpenTextDocument
INFO: #didOpenTextDocument# try call rename {"context":{"includeDeclaration":false},"textDocument":{"uri":"file:///C:/Users/74993/Desktop/%E6%AF%95%E8%AE%BE/wll%E8%AE%BA%E6%96%87/java-language-server2/outputDir/DEF/ca/DEF_320.java"},"position":{"line":1604,"character":56}}
Sep 28, 2025 9:51:24 AM org.javacs.JavaCompilerService compileBatch
INFO: ...using cached compile
Sep 28, 2025 9:51:25 AM org.javacs.JavaLanguageServer rename
INFO: rename: 455 document: file:///C:/Users/74993/Desktop/毕设/wll论文/java-language-server2/outputDir/DEF/ca/DEF_320.java
Sep 28, 2025 9:51:25 AM org.javacs.JavaCompilerService compileBatch
INFO: ...using cached compile
Sep 28, 2025 9:51:25 AM org.javacs.JavaLanguageServer rename
INFO: rename: 454 document: file:///C:/Users/74993/Desktop/毕设/wll论文/java-language-server2/outputDir/DEF/ca/DEF_320.java
Sep 28, 2025 9:51:25 AM org.javacs.JavaCompilerService compileBatch
INFO: ...using cached compile
Sep 28, 2025 9:51:26 AM org.javacs.JavaLanguageServer rename
INFO: rename: 452 document: file:///C:/Users/74993/Desktop/毕设/wll论文/java-language-server2/outputDir/DEF/ca/DEF_320.java
Sep 28, 2025 9:51:26 AM org.javacs.JavaCompilerService compileBatch
INFO: ...using cached compile
Sep 28, 2025 9:51:26 AM org.javacs.JavaLanguageServer rename
INFO: rename: 454 document: file:///C:/Users/74993/Desktop/毕设/wll论文/java-language-server2/outputDir/DEF/ca/DEF_320.java
Sep 28, 2025 9:51:26 AM org.javacs.JavaCompilerService compileBatch
INFO: ...using cached compile
Sep 28, 2025 9:51:27 AM org.javacs.JavaLanguageServer rename
INFO: rename: 461 document: file:///C:/Users/74993/Desktop/毕设/wll论文/java-language-server2/outputDir/DEF/ca/DEF_320.java
Sep 28, 2025 9:51:27 AM org.javacs.JavaLanguageServer didOpenTextDocument
INFO: #didOpenTextDocument# try completion {"context":{"includeDeclaration":false},"textDocument":{"uri":"file:///C:/Users/74993/Desktop/%E6%AF%95%E8%AE%BE/wll%E8%AE%BA%E6%96%87/java-language-server2/outputDir/DEF/ca/DEF_320.java"},"position":{"line":1604,"character":56}}
Sep 28, 2025 9:51:27 AM org.javacs.JavaLanguageServer completion
INFO: completion: 173 document: file:///C:/Users/74993/Desktop/毕设/wll论文/java-language-server2/outputDir/DEF/ca/DEF_320.java
Sep 28, 2025 9:51:27 AM org.javacs.JavaLanguageServer completion
INFO: completion: 174 document: file:///C:/Users/74993/Desktop/毕设/wll论文/java-language-server2/outputDir/DEF/ca/DEF_320.java
Sep 28, 2025 9:51:27 AM org.javacs.JavaLanguageServer completion
INFO: completion: 173 document: file:///C:/Users/74993/Desktop/毕设/wll论文/java-language-server2/outputDir/DEF/ca/DEF_320.java
Sep 28, 2025 9:51:27 AM org.javacs.JavaLanguageServer completion
INFO: completion: 167 document: file:///C:/Users/74993/Desktop/毕设/wll论文/java-language-server2/outputDir/DEF/ca/DEF_320.java
Sep 28, 2025 9:51:28 AM org.javacs.JavaLanguageServer completion
INFO: completion: 169 document: file:///C:/Users/74993/Desktop/毕设/wll论文/java-language-server2/outputDir/DEF/ca/DEF_320.java
Sep 28, 2025 9:51:28 AM org.javacs.JavaLanguageServer didOpenTextDocument
INFO: #didOpenTextDocument# try call reference {"context":{"includeDeclaration":false},"textDocument":{"uri":"file:///C:/Users/74993/Desktop/%E6%AF%95%E8%AE%BE/wll%E8%AE%BA%E6%96%87/java-language-server2/outputDir/DEF/cb/DEF_400.java"},"position":{"line":85,"character":17}}
Sep 28, 2025 9:51:28 AM org.javacs.ScanClassPath jdkTopLevelClasses
INFO: Searching for top-level classes in the JDK
Sep 28, 2025 9:51:29 AM org.javacs.ScanClassPath jdkTopLevelClasses
INFO: Found 15005 classes in the java platform
Sep 28, 2025 9:51:30 AM org.javacs.ScanClassPath classPathTopLevelClasses
INFO: Searching for top-level classes in 0 classpath locations
Sep 28, 2025 9:51:30 AM org.javacs.ScanClassPath classPathTopLevelClasses
INFO: Found 0 classes in classpath
Sep 28, 2025 9:51:30 AM org.javacs.ReusableCompiler getTask
WARNING: Options changed from [-classpath, , --add-modules, ALL-MODULE-PATH, -proc:none, -g] to [-classpath, , --add-modules, ALL-MODULE-PATH, -proc:none, -g], creating new compiler
Sep 28, 2025 9:51:30 AM org.javacs.JavaLanguageServer findReferences
INFO: compile component: 338 document: file:///C:/Users/74993/Desktop/毕设/wll论文/java-language-server2/outputDir/DEF/cb/DEF_400.java
Sep 28, 2025 9:51:31 AM org.javacs.JavaLanguageServer findReferences
INFO: locate component: 142 document: file:///C:/Users/74993/Desktop/毕设/wll论文/java-language-server2/outputDir/DEF/cb/DEF_400.java
Sep 28, 2025 9:51:31 AM org.javacs.JavaLanguageServer findReferences
INFO: traverse component: 1 document: file:///C:/Users/74993/Desktop/毕设/wll论文/java-language-server2/outputDir/DEF/cb/DEF_400.java
Sep 28, 2025 9:51:31 AM org.javacs.JavaLanguageServer findReferences
INFO: NOD: 1294 document: file:///C:/Users/74993/Desktop/毕设/wll论文/java-language-server2/outputDir/DEF/cb/DEF_400.java
Sep 28, 2025 9:51:31 AM org.javacs.JavaLanguageServer findReferences
INFO: DEF: 400 document: file:///C:/Users/74993/Desktop/毕设/wll论文/java-language-server2/outputDir/DEF/cb/DEF_400.java
Sep 28, 2025 9:51:31 AM org.javacs.JavaLanguageServer findReferences
INFO: OCC: 592 document: file:///C:/Users/74993/Desktop/毕设/wll论文/java-language-server2/outputDir/DEF/cb/DEF_400.java
Sep 28, 2025 9:51:31 AM org.javacs.JavaLanguageServer findReferences
INFO: LOC: 1727 document: file:///C:/Users/74993/Desktop/毕设/wll论文/java-language-server2/outputDir/DEF/cb/DEF_400.java
Sep 28, 2025 9:51:31 AM org.javacs.ScanClassPath jdkTopLevelClasses
INFO: Searching for top-level classes in the JDK
Sep 28, 2025 9:51:32 AM org.javacs.ScanClassPath jdkTopLevelClasses
INFO: Found 15005 classes in the java platform
Sep 28, 2025 9:51:32 AM org.javacs.ScanClassPath classPathTopLevelClasses
INFO: Searching for top-level classes in 0 classpath locations
Sep 28, 2025 9:51:32 AM org.javacs.ScanClassPath classPathTopLevelClasses
INFO: Found 0 classes in classpath
Sep 28, 2025 9:51:32 AM org.javacs.ReusableCompiler getTask
WARNING: Options changed from [-classpath, , --add-modules, ALL-MODULE-PATH, -proc:none, -g] to [-classpath, , --add-modules, ALL-MODULE-PATH, -proc:none, -g], creating new compiler
Sep 28, 2025 9:51:33 AM org.javacs.JavaLanguageServer findReferences
INFO: compile component: 185 document: file:///C:/Users/74993/Desktop/毕设/wll论文/java-language-server2/outputDir/DEF/cb/DEF_400.java
Sep 28, 2025 9:51:33 AM org.javacs.JavaLanguageServer findReferences
INFO: locate component: 145 document: file:///C:/Users/74993/Desktop/毕设/wll论文/java-language-server2/outputDir/DEF/cb/DEF_400.java
Sep 28, 2025 9:51:33 AM org.javacs.JavaLanguageServer findReferences
INFO: traverse component: 0 document: file:///C:/Users/74993/Desktop/毕设/wll论文/java-language-server2/outputDir/DEF/cb/DEF_400.java
Sep 28, 2025 9:51:33 AM org.javacs.JavaLanguageServer findReferences
INFO: NOD: 1294 document: file:///C:/Users/74993/Desktop/毕设/wll论文/java-language-server2/outputDir/DEF/cb/DEF_400.java
Sep 28, 2025 9:51:33 AM org.javacs.JavaLanguageServer findReferences
INFO: DEF: 400 document: file:///C:/Users/74993/Desktop/毕设/wll论文/java-language-server2/outputDir/DEF/cb/DEF_400.java
Sep 28, 2025 9:51:33 AM org.javacs.JavaLanguageServer findReferences
INFO: OCC: 592 document: file:///C:/Users/74993/Desktop/毕设/wll论文/java-language-server2/outputDir/DEF/cb/DEF_400.java
Sep 28, 2025 9:51:33 AM org.javacs.JavaLanguageServer findReferences
INFO: LOC: 1727 document: file:///C:/Users/74993/Desktop/毕设/wll论文/java-language-server2/outputDir/DEF/cb/DEF_400.java
Sep 28, 2025 9:51:33 AM org.javacs.ScanClassPath jdkTopLevelClasses
INFO: Searching for top-level classes in the JDK
Sep 28, 2025 9:51:35 AM org.javacs.ScanClassPath jdkTopLevelClasses
INFO: Found 15005 classes in the java platform
Sep 28, 2025 9:51:35 AM org.javacs.ScanClassPath classPathTopLevelClasses
INFO: Searching for top-level classes in 0 classpath locations
Sep 28, 2025 9:51:35 AM org.javacs.ScanClassPath classPathTopLevelClasses
INFO: Found 0 classes in classpath
Sep 28, 2025 9:51:35 AM org.javacs.ReusableCompiler getTask
WARNING: Options changed from [-classpath, , --add-modules, ALL-MODULE-PATH, -proc:none, -g] to [-classpath, , --add-modules, ALL-MODULE-PATH, -proc:none, -g], creating new compiler
Sep 28, 2025 9:51:36 AM org.javacs.JavaLanguageServer findReferences
INFO: compile component: 188 document: file:///C:/Users/74993/Desktop/毕设/wll论文/java-language-server2/outputDir/DEF/cb/DEF_400.java
Sep 28, 2025 9:51:36 AM org.javacs.JavaLanguageServer findReferences
INFO: locate component: 147 document: file:///C:/Users/74993/Desktop/毕设/wll论文/java-language-server2/outputDir/DEF/cb/DEF_400.java
Sep 28, 2025 9:51:36 AM org.javacs.JavaLanguageServer findReferences
INFO: traverse component: 0 document: file:///C:/Users/74993/Desktop/毕设/wll论文/java-language-server2/outputDir/DEF/cb/DEF_400.java
Sep 28, 2025 9:51:36 AM org.javacs.JavaLanguageServer findReferences
INFO: NOD: 1294 document: file:///C:/Users/74993/Desktop/毕设/wll论文/java-language-server2/outputDir/DEF/cb/DEF_400.java
Sep 28, 2025 9:51:36 AM org.javacs.JavaLanguageServer findReferences
INFO: DEF: 400 document: file:///C:/Users/74993/Desktop/毕设/wll论文/java-language-server2/outputDir/DEF/cb/DEF_400.java
Sep 28, 2025 9:51:36 AM org.javacs.JavaLanguageServer findReferences
INFO: OCC: 592 document: file:///C:/Users/74993/Desktop/毕设/wll论文/java-language-server2/outputDir/DEF/cb/DEF_400.java
Sep 28, 2025 9:51:36 AM org.javacs.JavaLanguageServer findReferences
INFO: LOC: 1727 document: file:///C:/Users/74993/Desktop/毕设/wll论文/java-language-server2/outputDir/DEF/cb/DEF_400.java
Sep 28, 2025 9:51:36 AM org.javacs.ScanClassPath jdkTopLevelClasses
INFO: Searching for top-level classes in the JDK
Sep 28, 2025 9:51:38 AM org.javacs.ScanClassPath jdkTopLevelClasses
INFO: Found 15005 classes in the java platform
Sep 28, 2025 9:51:38 AM org.javacs.ScanClassPath classPathTopLevelClasses
INFO: Searching for top-level classes in 0 classpath locations
Sep 28, 2025 9:51:38 AM org.javacs.ScanClassPath classPathTopLevelClasses
INFO: Found 0 classes in classpath
Sep 28, 2025 9:51:38 AM org.javacs.ReusableCompiler getTask
WARNING: Options changed from [-classpath, , --add-modules, ALL-MODULE-PATH, -proc:none, -g] to [-classpath, , --add-modules, ALL-MODULE-PATH, -proc:none, -g], creating new compiler
Sep 28, 2025 9:51:39 AM org.javacs.JavaLanguageServer findReferences
INFO: compile component: 202 document: file:///C:/Users/74993/Desktop/毕设/wll论文/java-language-server2/outputDir/DEF/cb/DEF_400.java
Sep 28, 2025 9:51:39 AM org.javacs.JavaLanguageServer findReferences
INFO: locate component: 150 document: file:///C:/Users/74993/Desktop/毕设/wll论文/java-language-server2/outputDir/DEF/cb/DEF_400.java
Sep 28, 2025 9:51:39 AM org.javacs.JavaLanguageServer findReferences
INFO: traverse component: 1 document: file:///C:/Users/74993/Desktop/毕设/wll论文/java-language-server2/outputDir/DEF/cb/DEF_400.java
Sep 28, 2025 9:51:39 AM org.javacs.JavaLanguageServer findReferences
INFO: NOD: 1294 document: file:///C:/Users/74993/Desktop/毕设/wll论文/java-language-server2/outputDir/DEF/cb/DEF_400.java
Sep 28, 2025 9:51:39 AM org.javacs.JavaLanguageServer findReferences
INFO: DEF: 400 document: file:///C:/Users/74993/Desktop/毕设/wll论文/java-language-server2/outputDir/DEF/cb/DEF_400.java
Sep 28, 2025 9:51:39 AM org.javacs.JavaLanguageServer findReferences
INFO: OCC: 592 document: file:///C:/Users/74993/Desktop/毕设/wll论文/java-language-server2/outputDir/DEF/cb/DEF_400.java
Sep 28, 2025 9:51:39 AM org.javacs.JavaLanguageServer findReferences
INFO: LOC: 1727 document: file:///C:/Users/74993/Desktop/毕设/wll论文/java-language-server2/outputDir/DEF/cb/DEF_400.java
Sep 28, 2025 9:51:39 AM org.javacs.ScanClassPath jdkTopLevelClasses
INFO: Searching for top-level classes in the JDK
Sep 28, 2025 9:51:40 AM org.javacs.ScanClassPath jdkTopLevelClasses
INFO: Found 15005 classes in the java platform
Sep 28, 2025 9:51:41 AM org.javacs.ScanClassPath classPathTopLevelClasses
INFO: Searching for top-level classes in 0 classpath locations
Sep 28, 2025 9:51:41 AM org.javacs.ScanClassPath classPathTopLevelClasses
INFO: Found 0 classes in classpath
Sep 28, 2025 9:51:41 AM org.javacs.ReusableCompiler getTask
WARNING: Options changed from [-classpath, , --add-modules, ALL-MODULE-PATH, -proc:none, -g] to [-classpath, , --add-modules, ALL-MODULE-PATH, -proc:none, -g], creating new compiler
Sep 28, 2025 9:51:41 AM org.javacs.JavaLanguageServer findReferences
INFO: compile component: 202 document: file:///C:/Users/74993/Desktop/毕设/wll论文/java-language-server2/outputDir/DEF/cb/DEF_400.java
Sep 28, 2025 9:51:42 AM org.javacs.JavaLanguageServer findReferences
INFO: locate component: 145 document: file:///C:/Users/74993/Desktop/毕设/wll论文/java-language-server2/outputDir/DEF/cb/DEF_400.java
Sep 28, 2025 9:51:42 AM org.javacs.JavaLanguageServer findReferences
INFO: traverse component: 0 document: file:///C:/Users/74993/Desktop/毕设/wll论文/java-language-server2/outputDir/DEF/cb/DEF_400.java
Sep 28, 2025 9:51:42 AM org.javacs.JavaLanguageServer findReferences
INFO: NOD: 1294 document: file:///C:/Users/74993/Desktop/毕设/wll论文/java-language-server2/outputDir/DEF/cb/DEF_400.java
Sep 28, 2025 9:51:42 AM org.javacs.JavaLanguageServer findReferences
INFO: DEF: 400 document: file:///C:/Users/74993/Desktop/毕设/wll论文/java-language-server2/outputDir/DEF/cb/DEF_400.java
Sep 28, 2025 9:51:42 AM org.javacs.JavaLanguageServer findReferences
INFO: OCC: 592 document: file:///C:/Users/74993/Desktop/毕设/wll论文/java-language-server2/outputDir/DEF/cb/DEF_400.java
Sep 28, 2025 9:51:42 AM org.javacs.JavaLanguageServer findReferences
INFO: LOC: 1727 document: file:///C:/Users/74993/Desktop/毕设/wll论文/java-language-server2/outputDir/DEF/cb/DEF_400.java
Sep 28, 2025 9:51:42 AM org.javacs.JavaLanguageServer didOpenTextDocument
INFO: #didOpenTextDocument# try call goto {"context":{"includeDeclaration":false},"textDocument":{"uri":"file:///C:/Users/74993/Desktop/%E6%AF%95%E8%AE%BE/wll%E8%AE%BA%E6%96%87/java-language-server2/outputDir/DEF/cb/DEF_400.java"},"position":{"line":85,"character":17}}
Sep 28, 2025 9:51:42 AM org.javacs.JavaCompilerService compileBatch
INFO: ...using cached compile
Sep 28, 2025 9:51:42 AM org.javacs.JavaLanguageServer gotoDefinition
INFO: gotoDefinition: 148 document: file:///C:/Users/74993/Desktop/毕设/wll论文/java-language-server2/outputDir/DEF/cb/DEF_400.java
Sep 28, 2025 9:51:42 AM org.javacs.JavaCompilerService compileBatch
INFO: ...using cached compile
Sep 28, 2025 9:51:42 AM org.javacs.JavaLanguageServer gotoDefinition
INFO: gotoDefinition: 149 document: file:///C:/Users/74993/Desktop/毕设/wll论文/java-language-server2/outputDir/DEF/cb/DEF_400.java
Sep 28, 2025 9:51:42 AM org.javacs.JavaCompilerService compileBatch
INFO: ...using cached compile
Sep 28, 2025 9:51:42 AM org.javacs.JavaLanguageServer gotoDefinition
INFO: gotoDefinition: 145 document: file:///C:/Users/74993/Desktop/毕设/wll论文/java-language-server2/outputDir/DEF/cb/DEF_400.java
Sep 28, 2025 9:51:42 AM org.javacs.JavaCompilerService compileBatch
INFO: ...using cached compile
Sep 28, 2025 9:51:42 AM org.javacs.JavaLanguageServer gotoDefinition
INFO: gotoDefinition: 150 document: file:///C:/Users/74993/Desktop/毕设/wll论文/java-language-server2/outputDir/DEF/cb/DEF_400.java
Sep 28, 2025 9:51:42 AM org.javacs.JavaCompilerService compileBatch
INFO: ...using cached compile
Sep 28, 2025 9:51:43 AM org.javacs.JavaLanguageServer gotoDefinition
INFO: gotoDefinition: 145 document: file:///C:/Users/74993/Desktop/毕设/wll论文/java-language-server2/outputDir/DEF/cb/DEF_400.java
Sep 28, 2025 9:51:43 AM org.javacs.JavaLanguageServer didOpenTextDocument
INFO: #didOpenTextDocument# try call rename {"context":{"includeDeclaration":false},"textDocument":{"uri":"file:///C:/Users/74993/Desktop/%E6%AF%95%E8%AE%BE/wll%E8%AE%BA%E6%96%87/java-language-server2/outputDir/DEF/cb/DEF_400.java"},"position":{"line":85,"character":17}}
Sep 28, 2025 9:51:43 AM org.javacs.JavaCompilerService compileBatch
INFO: ...using cached compile
Sep 28, 2025 9:51:43 AM org.javacs.JavaLanguageServer rename
INFO: rename: 142 document: file:///C:/Users/74993/Desktop/毕设/wll论文/java-language-server2/outputDir/DEF/cb/DEF_400.java
Sep 28, 2025 9:51:43 AM org.javacs.JavaCompilerService compileBatch
INFO: ...using cached compile
Sep 28, 2025 9:51:43 AM org.javacs.JavaLanguageServer rename
INFO: rename: 142 document: file:///C:/Users/74993/Desktop/毕设/wll论文/java-language-server2/outputDir/DEF/cb/DEF_400.java
Sep 28, 2025 9:51:43 AM org.javacs.JavaCompilerService compileBatch
INFO: ...using cached compile
Sep 28, 2025 9:51:43 AM org.javacs.JavaLanguageServer rename
INFO: rename: 142 document: file:///C:/Users/74993/Desktop/毕设/wll论文/java-language-server2/outputDir/DEF/cb/DEF_400.java
Sep 28, 2025 9:51:43 AM org.javacs.JavaCompilerService compileBatch
INFO: ...using cached compile
Sep 28, 2025 9:51:43 AM org.javacs.JavaLanguageServer rename
INFO: rename: 142 document: file:///C:/Users/74993/Desktop/毕设/wll论文/java-language-server2/outputDir/DEF/cb/DEF_400.java
Sep 28, 2025 9:51:43 AM org.javacs.JavaCompilerService compileBatch
INFO: ...using cached compile
Sep 28, 2025 9:51:43 AM org.javacs.JavaLanguageServer rename
INFO: rename: 141 document: file:///C:/Users/74993/Desktop/毕设/wll论文/java-language-server2/outputDir/DEF/cb/DEF_400.java
Sep 28, 2025 9:51:43 AM org.javacs.JavaLanguageServer didOpenTextDocument
INFO: #didOpenTextDocument# try completion {"context":{"includeDeclaration":false},"textDocument":{"uri":"file:///C:/Users/74993/Desktop/%E6%AF%95%E8%AE%BE/wll%E8%AE%BA%E6%96%87/java-language-server2/outputDir/DEF/cb/DEF_400.java"},"position":{"line":85,"character":17}}
Sep 28, 2025 9:51:44 AM org.javacs.JavaLanguageServer completion
INFO: completion: 295 document: file:///C:/Users/74993/Desktop/毕设/wll论文/java-language-server2/outputDir/DEF/cb/DEF_400.java
Sep 28, 2025 9:51:44 AM org.javacs.JavaLanguageServer completion
INFO: completion: 212 document: file:///C:/Users/74993/Desktop/毕设/wll论文/java-language-server2/outputDir/DEF/cb/DEF_400.java
Sep 28, 2025 9:51:44 AM org.javacs.JavaLanguageServer completion
INFO: completion: 220 document: file:///C:/Users/74993/Desktop/毕设/wll论文/java-language-server2/outputDir/DEF/cb/DEF_400.java
Sep 28, 2025 9:51:44 AM org.javacs.JavaLanguageServer completion
INFO: completion: 217 document: file:///C:/Users/74993/Desktop/毕设/wll论文/java-language-server2/outputDir/DEF/cb/DEF_400.java
Sep 28, 2025 9:51:44 AM org.javacs.JavaLanguageServer completion
INFO: completion: 214 document: file:///C:/Users/74993/Desktop/毕设/wll论文/java-language-server2/outputDir/DEF/cb/DEF_400.java
Sep 28, 2025 9:51:44 AM org.javacs.JavaLanguageServer didOpenTextDocument
INFO: #didOpenTextDocument# try call goto {"context":{"includeDeclaration":false},"textDocument":{"uri":"file:///C:/Users/74993/Desktop/%E6%AF%95%E8%AE%BE/wll%E8%AE%BA%E6%96%87/java-language-server2/outputDir/DEF/cb/DEF_400.java"},"position":{"line":1723,"character":100}}
Sep 28, 2025 9:51:45 AM org.javacs.JavaLanguageServer gotoDefinition
INFO: gotoDefinition: 338 document: file:///C:/Users/74993/Desktop/毕设/wll论文/java-language-server2/outputDir/DEF/cb/DEF_400.java
Sep 28, 2025 9:51:45 AM org.javacs.JavaCompilerService compileBatch
INFO: ...using cached compile
Sep 28, 2025 9:51:45 AM org.javacs.JavaLanguageServer gotoDefinition
INFO: gotoDefinition: 144 document: file:///C:/Users/74993/Desktop/毕设/wll论文/java-language-server2/outputDir/DEF/cb/DEF_400.java
Sep 28, 2025 9:51:45 AM org.javacs.JavaCompilerService compileBatch
INFO: ...using cached compile
Sep 28, 2025 9:51:45 AM org.javacs.JavaLanguageServer gotoDefinition
INFO: gotoDefinition: 145 document: file:///C:/Users/74993/Desktop/毕设/wll论文/java-language-server2/outputDir/DEF/cb/DEF_400.java
Sep 28, 2025 9:51:45 AM org.javacs.JavaCompilerService compileBatch
INFO: ...using cached compile
Sep 28, 2025 9:51:45 AM org.javacs.JavaLanguageServer gotoDefinition
INFO: gotoDefinition: 141 document: file:///C:/Users/74993/Desktop/毕设/wll论文/java-language-server2/outputDir/DEF/cb/DEF_400.java
Sep 28, 2025 9:51:45 AM org.javacs.JavaCompilerService compileBatch
INFO: ...using cached compile
Sep 28, 2025 9:51:45 AM org.javacs.JavaLanguageServer gotoDefinition
INFO: gotoDefinition: 139 document: file:///C:/Users/74993/Desktop/毕设/wll论文/java-language-server2/outputDir/DEF/cb/DEF_400.java
Sep 28, 2025 9:51:45 AM org.javacs.JavaLanguageServer didOpenTextDocument
INFO: #didOpenTextDocument# try call rename {"context":{"includeDeclaration":false},"textDocument":{"uri":"file:///C:/Users/74993/Desktop/%E6%AF%95%E8%AE%BE/wll%E8%AE%BA%E6%96%87/java-language-server2/outputDir/DEF/cb/DEF_400.java"},"position":{"line":1723,"character":100}}
Sep 28, 2025 9:51:45 AM org.javacs.JavaCompilerService compileBatch
INFO: ...using cached compile
Sep 28, 2025 9:51:45 AM org.javacs.JavaLanguageServer rename
INFO: rename: 141 document: file:///C:/Users/74993/Desktop/毕设/wll论文/java-language-server2/outputDir/DEF/cb/DEF_400.java
Sep 28, 2025 9:51:45 AM org.javacs.JavaCompilerService compileBatch
INFO: ...using cached compile
Sep 28, 2025 9:51:46 AM org.javacs.JavaLanguageServer rename
INFO: rename: 142 document: file:///C:/Users/74993/Desktop/毕设/wll论文/java-language-server2/outputDir/DEF/cb/DEF_400.java
Sep 28, 2025 9:51:46 AM org.javacs.JavaCompilerService compileBatch
INFO: ...using cached compile
Sep 28, 2025 9:51:46 AM org.javacs.JavaLanguageServer rename
INFO: rename: 141 document: file:///C:/Users/74993/Desktop/毕设/wll论文/java-language-server2/outputDir/DEF/cb/DEF_400.java
Sep 28, 2025 9:51:46 AM org.javacs.JavaCompilerService compileBatch
INFO: ...using cached compile
Sep 28, 2025 9:51:46 AM org.javacs.JavaLanguageServer rename
INFO: rename: 143 document: file:///C:/Users/74993/Desktop/毕设/wll论文/java-language-server2/outputDir/DEF/cb/DEF_400.java
Sep 28, 2025 9:51:46 AM org.javacs.JavaCompilerService compileBatch
INFO: ...using cached compile
Sep 28, 2025 9:51:46 AM org.javacs.JavaLanguageServer rename
INFO: rename: 144 document: file:///C:/Users/74993/Desktop/毕设/wll论文/java-language-server2/outputDir/DEF/cb/DEF_400.java
Sep 28, 2025 9:51:46 AM org.javacs.JavaLanguageServer didOpenTextDocument
INFO: #didOpenTextDocument# try completion {"context":{"includeDeclaration":false},"textDocument":{"uri":"file:///C:/Users/74993/Desktop/%E6%AF%95%E8%AE%BE/wll%E8%AE%BA%E6%96%87/java-language-server2/outputDir/DEF/cb/DEF_400.java"},"position":{"line":1723,"character":100}}
Sep 28, 2025 9:51:46 AM org.javacs.JavaLanguageServer completion
INFO: completion: 200 document: file:///C:/Users/74993/Desktop/毕设/wll论文/java-language-server2/outputDir/DEF/cb/DEF_400.java
Sep 28, 2025 9:51:46 AM org.javacs.JavaLanguageServer completion
INFO: completion: 196 document: file:///C:/Users/74993/Desktop/毕设/wll论文/java-language-server2/outputDir/DEF/cb/DEF_400.java
Sep 28, 2025 9:51:47 AM org.javacs.JavaLanguageServer completion
INFO: completion: 207 document: file:///C:/Users/74993/Desktop/毕设/wll论文/java-language-server2/outputDir/DEF/cb/DEF_400.java
Sep 28, 2025 9:51:47 AM org.javacs.JavaLanguageServer completion
INFO: completion: 208 document: file:///C:/Users/74993/Desktop/毕设/wll论文/java-language-server2/outputDir/DEF/cb/DEF_400.java
Sep 28, 2025 9:51:47 AM org.javacs.JavaLanguageServer completion
INFO: completion: 205 document: file:///C:/Users/74993/Desktop/毕设/wll论文/java-language-server2/outputDir/DEF/cb/DEF_400.java
Sep 28, 2025 9:51:48 AM org.javacs.JavaLanguageServer didOpenTextDocument
INFO: #didOpenTextDocument# try call reference {"context":{"includeDeclaration":false},"textDocument":{"uri":"file:///C:/Users/74993/Desktop/%E6%AF%95%E8%AE%BE/wll%E8%AE%BA%E6%96%87/java-language-server2/outputDir/DEF/cc/DEF_480.java"},"position":{"line":61,"character":31}}
Sep 28, 2025 9:51:48 AM org.javacs.ScanClassPath jdkTopLevelClasses
INFO: Searching for top-level classes in the JDK
Sep 28, 2025 9:51:50 AM org.javacs.ScanClassPath jdkTopLevelClasses
INFO: Found 15005 classes in the java platform
Sep 28, 2025 9:51:50 AM org.javacs.ScanClassPath classPathTopLevelClasses
INFO: Searching for top-level classes in 0 classpath locations
Sep 28, 2025 9:51:50 AM org.javacs.ScanClassPath classPathTopLevelClasses
INFO: Found 0 classes in classpath
Sep 28, 2025 9:51:50 AM org.javacs.ReusableCompiler getTask
WARNING: Options changed from [-classpath, , --add-modules, ALL-MODULE-PATH, -proc:none, -g] to [-classpath, , --add-modules, ALL-MODULE-PATH, -proc:none, -g], creating new compiler
Sep 28, 2025 9:51:51 AM org.javacs.JavaLanguageServer findReferences
INFO: compile component: 509 document: file:///C:/Users/74993/Desktop/毕设/wll论文/java-language-server2/outputDir/DEF/cc/DEF_480.java
Sep 28, 2025 9:51:53 AM org.javacs.JavaLanguageServer findReferences
INFO: locate component: 644 document: file:///C:/Users/74993/Desktop/毕设/wll论文/java-language-server2/outputDir/DEF/cc/DEF_480.java
Sep 28, 2025 9:51:53 AM org.javacs.JavaLanguageServer findReferences
INFO: traverse component: 1 document: file:///C:/Users/74993/Desktop/毕设/wll论文/java-language-server2/outputDir/DEF/cc/DEF_480.java
Sep 28, 2025 9:51:53 AM org.javacs.JavaLanguageServer findReferences
INFO: NOD: 5617 document: file:///C:/Users/74993/Desktop/毕设/wll论文/java-language-server2/outputDir/DEF/cc/DEF_480.java
Sep 28, 2025 9:51:53 AM org.javacs.JavaLanguageServer findReferences
INFO: DEF: 478 document: file:///C:/Users/74993/Desktop/毕设/wll论文/java-language-server2/outputDir/DEF/cc/DEF_480.java
Sep 28, 2025 9:51:53 AM org.javacs.JavaLanguageServer findReferences
INFO: OCC: 3278 document: file:///C:/Users/74993/Desktop/毕设/wll论文/java-language-server2/outputDir/DEF/cc/DEF_480.java
Sep 28, 2025 9:51:53 AM org.javacs.JavaLanguageServer findReferences
INFO: LOC: 3107 document: file:///C:/Users/74993/Desktop/毕设/wll论文/java-language-server2/outputDir/DEF/cc/DEF_480.java
Sep 28, 2025 9:51:53 AM org.javacs.ScanClassPath jdkTopLevelClasses
INFO: Searching for top-level classes in the JDK
Sep 28, 2025 9:51:54 AM org.javacs.ScanClassPath jdkTopLevelClasses
INFO: Found 15005 classes in the java platform
Sep 28, 2025 9:51:54 AM org.javacs.ScanClassPath classPathTopLevelClasses
INFO: Searching for top-level classes in 0 classpath locations
Sep 28, 2025 9:51:54 AM org.javacs.ScanClassPath classPathTopLevelClasses
INFO: Found 0 classes in classpath
Sep 28, 2025 9:51:54 AM org.javacs.ReusableCompiler getTask
WARNING: Options changed from [-classpath, , --add-modules, ALL-MODULE-PATH, -proc:none, -g] to [-classpath, , --add-modules, ALL-MODULE-PATH, -proc:none, -g], creating new compiler
Sep 28, 2025 9:51:56 AM org.javacs.JavaLanguageServer findReferences
INFO: compile component: 280 document: file:///C:/Users/74993/Desktop/毕设/wll论文/java-language-server2/outputDir/DEF/cc/DEF_480.java
Sep 28, 2025 9:51:57 AM org.javacs.JavaLanguageServer findReferences
INFO: locate component: 641 document: file:///C:/Users/74993/Desktop/毕设/wll论文/java-language-server2/outputDir/DEF/cc/DEF_480.java
Sep 28, 2025 9:51:57 AM org.javacs.JavaLanguageServer findReferences
INFO: traverse component: 0 document: file:///C:/Users/74993/Desktop/毕设/wll论文/java-language-server2/outputDir/DEF/cc/DEF_480.java
Sep 28, 2025 9:51:57 AM org.javacs.JavaLanguageServer findReferences
INFO: NOD: 5617 document: file:///C:/Users/74993/Desktop/毕设/wll论文/java-language-server2/outputDir/DEF/cc/DEF_480.java
Sep 28, 2025 9:51:57 AM org.javacs.JavaLanguageServer findReferences
INFO: DEF: 478 document: file:///C:/Users/74993/Desktop/毕设/wll论文/java-language-server2/outputDir/DEF/cc/DEF_480.java
Sep 28, 2025 9:51:57 AM org.javacs.JavaLanguageServer findReferences
INFO: OCC: 3278 document: file:///C:/Users/74993/Desktop/毕设/wll论文/java-language-server2/outputDir/DEF/cc/DEF_480.java
Sep 28, 2025 9:51:57 AM org.javacs.JavaLanguageServer findReferences
INFO: LOC: 3107 document: file:///C:/Users/74993/Desktop/毕设/wll论文/java-language-server2/outputDir/DEF/cc/DEF_480.java
Sep 28, 2025 9:51:57 AM org.javacs.ScanClassPath jdkTopLevelClasses
INFO: Searching for top-level classes in the JDK
Sep 28, 2025 9:51:58 AM org.javacs.ScanClassPath jdkTopLevelClasses
INFO: Found 15005 classes in the java platform
Sep 28, 2025 9:51:59 AM org.javacs.ScanClassPath classPathTopLevelClasses
INFO: Searching for top-level classes in 0 classpath locations
Sep 28, 2025 9:51:59 AM org.javacs.ScanClassPath classPathTopLevelClasses
INFO: Found 0 classes in classpath
Sep 28, 2025 9:51:59 AM org.javacs.ReusableCompiler getTask
WARNING: Options changed from [-classpath, , --add-modules, ALL-MODULE-PATH, -proc:none, -g] to [-classpath, , --add-modules, ALL-MODULE-PATH, -proc:none, -g], creating new compiler
Sep 28, 2025 9:52:00 AM org.javacs.JavaLanguageServer findReferences
INFO: compile component: 283 document: file:///C:/Users/74993/Desktop/毕设/wll论文/java-language-server2/outputDir/DEF/cc/DEF_480.java
Sep 28, 2025 9:52:01 AM org.javacs.JavaLanguageServer findReferences
INFO: locate component: 652 document: file:///C:/Users/74993/Desktop/毕设/wll论文/java-language-server2/outputDir/DEF/cc/DEF_480.java
Sep 28, 2025 9:52:01 AM org.javacs.JavaLanguageServer findReferences
INFO: traverse component: 1 document: file:///C:/Users/74993/Desktop/毕设/wll论文/java-language-server2/outputDir/DEF/cc/DEF_480.java
Sep 28, 2025 9:52:01 AM org.javacs.JavaLanguageServer findReferences
INFO: NOD: 5617 document: file:///C:/Users/74993/Desktop/毕设/wll论文/java-language-server2/outputDir/DEF/cc/DEF_480.java
Sep 28, 2025 9:52:01 AM org.javacs.JavaLanguageServer findReferences
INFO: DEF: 478 document: file:///C:/Users/74993/Desktop/毕设/wll论文/java-language-server2/outputDir/DEF/cc/DEF_480.java
Sep 28, 2025 9:52:01 AM org.javacs.JavaLanguageServer findReferences
INFO: OCC: 3278 document: file:///C:/Users/74993/Desktop/毕设/wll论文/java-language-server2/outputDir/DEF/cc/DEF_480.java
Sep 28, 2025 9:52:01 AM org.javacs.JavaLanguageServer findReferences
INFO: LOC: 3107 document: file:///C:/Users/74993/Desktop/毕设/wll论文/java-language-server2/outputDir/DEF/cc/DEF_480.java
Sep 28, 2025 9:52:01 AM org.javacs.ScanClassPath jdkTopLevelClasses
INFO: Searching for top-level classes in the JDK
Sep 28, 2025 9:52:03 AM org.javacs.ScanClassPath jdkTopLevelClasses
INFO: Found 15005 classes in the java platform
Sep 28, 2025 9:52:03 AM org.javacs.ScanClassPath classPathTopLevelClasses
INFO: Searching for top-level classes in 0 classpath locations
Sep 28, 2025 9:52:03 AM org.javacs.ScanClassPath classPathTopLevelClasses
INFO: Found 0 classes in classpath
Sep 28, 2025 9:52:03 AM org.javacs.ReusableCompiler getTask
WARNING: Options changed from [-classpath, , --add-modules, ALL-MODULE-PATH, -proc:none, -g] to [-classpath, , --add-modules, ALL-MODULE-PATH, -proc:none, -g], creating new compiler
Sep 28, 2025 9:52:05 AM org.javacs.JavaLanguageServer findReferences
INFO: compile component: 277 document: file:///C:/Users/74993/Desktop/毕设/wll论文/java-language-server2/outputDir/DEF/cc/DEF_480.java
Sep 28, 2025 9:52:06 AM org.javacs.JavaLanguageServer findReferences
INFO: locate component: 650 document: file:///C:/Users/74993/Desktop/毕设/wll论文/java-language-server2/outputDir/DEF/cc/DEF_480.java
Sep 28, 2025 9:52:06 AM org.javacs.JavaLanguageServer findReferences
INFO: traverse component: 0 document: file:///C:/Users/74993/Desktop/毕设/wll论文/java-language-server2/outputDir/DEF/cc/DEF_480.java
Sep 28, 2025 9:52:06 AM org.javacs.JavaLanguageServer findReferences
INFO: NOD: 5617 document: file:///C:/Users/74993/Desktop/毕设/wll论文/java-language-server2/outputDir/DEF/cc/DEF_480.java
Sep 28, 2025 9:52:06 AM org.javacs.JavaLanguageServer findReferences
INFO: DEF: 478 document: file:///C:/Users/74993/Desktop/毕设/wll论文/java-language-server2/outputDir/DEF/cc/DEF_480.java
Sep 28, 2025 9:52:06 AM org.javacs.JavaLanguageServer findReferences
INFO: OCC: 3278 document: file:///C:/Users/74993/Desktop/毕设/wll论文/java-language-server2/outputDir/DEF/cc/DEF_480.java
Sep 28, 2025 9:52:06 AM org.javacs.JavaLanguageServer findReferences
INFO: LOC: 3107 document: file:///C:/Users/74993/Desktop/毕设/wll论文/java-language-server2/outputDir/DEF/cc/DEF_480.java
Sep 28, 2025 9:52:06 AM org.javacs.ScanClassPath jdkTopLevelClasses
INFO: Searching for top-level classes in the JDK
Sep 28, 2025 9:52:07 AM org.javacs.ScanClassPath jdkTopLevelClasses
INFO: Found 15005 classes in the java platform
Sep 28, 2025 9:52:08 AM org.javacs.ScanClassPath classPathTopLevelClasses
INFO: Searching for top-level classes in 0 classpath locations
Sep 28, 2025 9:52:08 AM org.javacs.ScanClassPath classPathTopLevelClasses
INFO: Found 0 classes in classpath
Sep 28, 2025 9:52:08 AM org.javacs.ReusableCompiler getTask
WARNING: Options changed from [-classpath, , --add-modules, ALL-MODULE-PATH, -proc:none, -g] to [-classpath, , --add-modules, ALL-MODULE-PATH, -proc:none, -g], creating new compiler
Sep 28, 2025 9:52:09 AM org.javacs.JavaLanguageServer findReferences
INFO: compile component: 290 document: file:///C:/Users/74993/Desktop/毕设/wll论文/java-language-server2/outputDir/DEF/cc/DEF_480.java
Sep 28, 2025 9:52:10 AM org.javacs.JavaLanguageServer findReferences
INFO: locate component: 693 document: file:///C:/Users/74993/Desktop/毕设/wll论文/java-language-server2/outputDir/DEF/cc/DEF_480.java
Sep 28, 2025 9:52:10 AM org.javacs.JavaLanguageServer findReferences
INFO: traverse component: 1 document: file:///C:/Users/74993/Desktop/毕设/wll论文/java-language-server2/outputDir/DEF/cc/DEF_480.java
Sep 28, 2025 9:52:10 AM org.javacs.JavaLanguageServer findReferences
INFO: NOD: 5617 document: file:///C:/Users/74993/Desktop/毕设/wll论文/java-language-server2/outputDir/DEF/cc/DEF_480.java
Sep 28, 2025 9:52:11 AM org.javacs.JavaLanguageServer findReferences
INFO: DEF: 478 document: file:///C:/Users/74993/Desktop/毕设/wll论文/java-language-server2/outputDir/DEF/cc/DEF_480.java
Sep 28, 2025 9:52:11 AM org.javacs.JavaLanguageServer findReferences
INFO: OCC: 3278 document: file:///C:/Users/74993/Desktop/毕设/wll论文/java-language-server2/outputDir/DEF/cc/DEF_480.java
Sep 28, 2025 9:52:11 AM org.javacs.JavaLanguageServer findReferences
INFO: LOC: 3107 document: file:///C:/Users/74993/Desktop/毕设/wll论文/java-language-server2/outputDir/DEF/cc/DEF_480.java
Sep 28, 2025 9:52:11 AM org.javacs.JavaLanguageServer didOpenTextDocument
INFO: #didOpenTextDocument# try call goto {"context":{"includeDeclaration":false},"textDocument":{"uri":"file:///C:/Users/74993/Desktop/%E6%AF%95%E8%AE%BE/wll%E8%AE%BA%E6%96%87/java-language-server2/outputDir/DEF/cc/DEF_480.java"},"position":{"line":61,"character":31}}
Sep 28, 2025 9:52:11 AM org.javacs.JavaCompilerService compileBatch
INFO: ...using cached compile
Sep 28, 2025 9:52:11 AM org.javacs.JavaLanguageServer gotoDefinition
INFO: gotoDefinition: 775 document: file:///C:/Users/74993/Desktop/毕设/wll论文/java-language-server2/outputDir/DEF/cc/DEF_480.java
Sep 28, 2025 9:52:11 AM org.javacs.JavaCompilerService compileBatch
INFO: ...using cached compile
Sep 28, 2025 9:52:12 AM org.javacs.JavaLanguageServer gotoDefinition
INFO: gotoDefinition: 777 document: file:///C:/Users/74993/Desktop/毕设/wll论文/java-language-server2/outputDir/DEF/cc/DEF_480.java
Sep 28, 2025 9:52:12 AM org.javacs.JavaCompilerService compileBatch
INFO: ...using cached compile
Sep 28, 2025 9:52:13 AM org.javacs.JavaLanguageServer gotoDefinition
INFO: gotoDefinition: 763 document: file:///C:/Users/74993/Desktop/毕设/wll论文/java-language-server2/outputDir/DEF/cc/DEF_480.java
Sep 28, 2025 9:52:13 AM org.javacs.JavaCompilerService compileBatch
INFO: ...using cached compile
Sep 28, 2025 9:52:14 AM org.javacs.JavaLanguageServer gotoDefinition
INFO: gotoDefinition: 739 document: file:///C:/Users/74993/Desktop/毕设/wll论文/java-language-server2/outputDir/DEF/cc/DEF_480.java
Sep 28, 2025 9:52:14 AM org.javacs.JavaCompilerService compileBatch
INFO: ...using cached compile
Sep 28, 2025 9:52:14 AM org.javacs.JavaLanguageServer gotoDefinition
INFO: gotoDefinition: 735 document: file:///C:/Users/74993/Desktop/毕设/wll论文/java-language-server2/outputDir/DEF/cc/DEF_480.java
Sep 28, 2025 9:52:14 AM org.javacs.JavaLanguageServer didOpenTextDocument
INFO: #didOpenTextDocument# try call rename {"context":{"includeDeclaration":false},"textDocument":{"uri":"file:///C:/Users/74993/Desktop/%E6%AF%95%E8%AE%BE/wll%E8%AE%BA%E6%96%87/java-language-server2/outputDir/DEF/cc/DEF_480.java"},"position":{"line":61,"character":31}}
Sep 28, 2025 9:52:14 AM org.javacs.JavaCompilerService compileBatch
INFO: ...using cached compile
Sep 28, 2025 9:52:15 AM org.javacs.JavaLanguageServer rename
INFO: rename: 646 document: file:///C:/Users/74993/Desktop/毕设/wll论文/java-language-server2/outputDir/DEF/cc/DEF_480.java
Sep 28, 2025 9:52:15 AM org.javacs.JavaCompilerService compileBatch
INFO: ...using cached compile
Sep 28, 2025 9:52:16 AM org.javacs.JavaLanguageServer rename
INFO: rename: 653 document: file:///C:/Users/74993/Desktop/毕设/wll论文/java-language-server2/outputDir/DEF/cc/DEF_480.java
Sep 28, 2025 9:52:16 AM org.javacs.JavaCompilerService compileBatch
INFO: ...using cached compile
Sep 28, 2025 9:52:16 AM org.javacs.JavaLanguageServer rename
INFO: rename: 653 document: file:///C:/Users/74993/Desktop/毕设/wll论文/java-language-server2/outputDir/DEF/cc/DEF_480.java
Sep 28, 2025 9:52:16 AM org.javacs.JavaCompilerService compileBatch
INFO: ...using cached compile
Sep 28, 2025 9:52:17 AM org.javacs.JavaLanguageServer rename
INFO: rename: 653 document: file:///C:/Users/74993/Desktop/毕设/wll论文/java-language-server2/outputDir/DEF/cc/DEF_480.java
Sep 28, 2025 9:52:17 AM org.javacs.JavaCompilerService compileBatch
INFO: ...using cached compile
Sep 28, 2025 9:52:18 AM org.javacs.JavaLanguageServer rename
INFO: rename: 655 document: file:///C:/Users/74993/Desktop/毕设/wll论文/java-language-server2/outputDir/DEF/cc/DEF_480.java
Sep 28, 2025 9:52:18 AM org.javacs.JavaLanguageServer didOpenTextDocument
INFO: #didOpenTextDocument# try completion {"context":{"includeDeclaration":false},"textDocument":{"uri":"file:///C:/Users/74993/Desktop/%E6%AF%95%E8%AE%BE/wll%E8%AE%BA%E6%96%87/java-language-server2/outputDir/DEF/cc/DEF_480.java"},"position":{"line":61,"character":31}}
Sep 28, 2025 9:52:18 AM org.javacs.JavaLanguageServer completion
INFO: completion: 288 document: file:///C:/Users/74993/Desktop/毕设/wll论文/java-language-server2/outputDir/DEF/cc/DEF_480.java
Sep 28, 2025 9:52:18 AM org.javacs.JavaLanguageServer completion
INFO: completion: 292 document: file:///C:/Users/74993/Desktop/毕设/wll论文/java-language-server2/outputDir/DEF/cc/DEF_480.java
Sep 28, 2025 9:52:19 AM org.javacs.JavaLanguageServer completion
INFO: completion: 287 document: file:///C:/Users/74993/Desktop/毕设/wll论文/java-language-server2/outputDir/DEF/cc/DEF_480.java
Sep 28, 2025 9:52:19 AM org.javacs.JavaLanguageServer completion
INFO: completion: 289 document: file:///C:/Users/74993/Desktop/毕设/wll论文/java-language-server2/outputDir/DEF/cc/DEF_480.java
Sep 28, 2025 9:52:19 AM org.javacs.JavaLanguageServer completion
INFO: completion: 289 document: file:///C:/Users/74993/Desktop/毕设/wll论文/java-language-server2/outputDir/DEF/cc/DEF_480.java
Sep 28, 2025 9:52:19 AM org.javacs.JavaLanguageServer didOpenTextDocument
INFO: #didOpenTextDocument# try call goto {"context":{"includeDeclaration":false},"textDocument":{"uri":"file:///C:/Users/74993/Desktop/%E6%AF%95%E8%AE%BE/wll%E8%AE%BA%E6%96%87/java-language-server2/outputDir/DEF/cc/DEF_480.java"},"position":{"line":3084,"character":28}}
Sep 28, 2025 9:52:20 AM org.javacs.JavaLanguageServer gotoDefinition
INFO: gotoDefinition: 1293 document: file:///C:/Users/74993/Desktop/毕设/wll论文/java-language-server2/outputDir/DEF/cc/DEF_480.java
Sep 28, 2025 9:52:20 AM org.javacs.JavaCompilerService compileBatch
INFO: ...using cached compile
Sep 28, 2025 9:52:21 AM org.javacs.JavaLanguageServer gotoDefinition
INFO: gotoDefinition: 696 document: file:///C:/Users/74993/Desktop/毕设/wll论文/java-language-server2/outputDir/DEF/cc/DEF_480.java
Sep 28, 2025 9:52:21 AM org.javacs.JavaCompilerService compileBatch
INFO: ...using cached compile
Sep 28, 2025 9:52:22 AM org.javacs.JavaLanguageServer gotoDefinition
INFO: gotoDefinition: 676 document: file:///C:/Users/74993/Desktop/毕设/wll论文/java-language-server2/outputDir/DEF/cc/DEF_480.java
Sep 28, 2025 9:52:22 AM org.javacs.JavaCompilerService compileBatch
INFO: ...using cached compile
Sep 28, 2025 9:52:22 AM org.javacs.JavaLanguageServer gotoDefinition
INFO: gotoDefinition: 655 document: file:///C:/Users/74993/Desktop/毕设/wll论文/java-language-server2/outputDir/DEF/cc/DEF_480.java
Sep 28, 2025 9:52:22 AM org.javacs.JavaCompilerService compileBatch
INFO: ...using cached compile
Sep 28, 2025 9:52:23 AM org.javacs.JavaLanguageServer gotoDefinition
INFO: gotoDefinition: 662 document: file:///C:/Users/74993/Desktop/毕设/wll论文/java-language-server2/outputDir/DEF/cc/DEF_480.java
Sep 28, 2025 9:52:23 AM org.javacs.JavaLanguageServer didOpenTextDocument
INFO: #didOpenTextDocument# try call rename {"context":{"includeDeclaration":false},"textDocument":{"uri":"file:///C:/Users/74993/Desktop/%E6%AF%95%E8%AE%BE/wll%E8%AE%BA%E6%96%87/java-language-server2/outputDir/DEF/cc/DEF_480.java"},"position":{"line":3084,"character":28}}
Sep 28, 2025 9:52:23 AM org.javacs.JavaCompilerService compileBatch
INFO: ...using cached compile
Sep 28, 2025 9:52:24 AM org.javacs.JavaLanguageServer rename
INFO: rename: 639 document: file:///C:/Users/74993/Desktop/毕设/wll论文/java-language-server2/outputDir/DEF/cc/DEF_480.java
Sep 28, 2025 9:52:24 AM org.javacs.JavaCompilerService compileBatch
INFO: ...using cached compile
Sep 28, 2025 9:52:24 AM org.javacs.JavaLanguageServer rename
INFO: rename: 638 document: file:///C:/Users/74993/Desktop/毕设/wll论文/java-language-server2/outputDir/DEF/cc/DEF_480.java
Sep 28, 2025 9:52:24 AM org.javacs.JavaCompilerService compileBatch
INFO: ...using cached compile
Sep 28, 2025 9:52:25 AM org.javacs.JavaLanguageServer rename
INFO: rename: 640 document: file:///C:/Users/74993/Desktop/毕设/wll论文/java-language-server2/outputDir/DEF/cc/DEF_480.java
Sep 28, 2025 9:52:25 AM org.javacs.JavaCompilerService compileBatch
INFO: ...using cached compile
Sep 28, 2025 9:52:26 AM org.javacs.JavaLanguageServer rename
INFO: rename: 672 document: file:///C:/Users/74993/Desktop/毕设/wll论文/java-language-server2/outputDir/DEF/cc/DEF_480.java
Sep 28, 2025 9:52:26 AM org.javacs.JavaCompilerService compileBatch
INFO: ...using cached compile
Sep 28, 2025 9:52:26 AM org.javacs.JavaLanguageServer rename
INFO: rename: 637 document: file:///C:/Users/74993/Desktop/毕设/wll论文/java-language-server2/outputDir/DEF/cc/DEF_480.java
Sep 28, 2025 9:52:26 AM org.javacs.JavaLanguageServer didOpenTextDocument
INFO: #didOpenTextDocument# try completion {"context":{"includeDeclaration":false},"textDocument":{"uri":"file:///C:/Users/74993/Desktop/%E6%AF%95%E8%AE%BE/wll%E8%AE%BA%E6%96%87/java-language-server2/outputDir/DEF/cc/DEF_480.java"},"position":{"line":3084,"character":28}}
Sep 28, 2025 9:52:27 AM org.javacs.JavaLanguageServer completion
INFO: completion: 330 document: file:///C:/Users/74993/Desktop/毕设/wll论文/java-language-server2/outputDir/DEF/cc/DEF_480.java
Sep 28, 2025 9:52:27 AM org.javacs.JavaLanguageServer completion
INFO: completion: 314 document: file:///C:/Users/74993/Desktop/毕设/wll论文/java-language-server2/outputDir/DEF/cc/DEF_480.java
Sep 28, 2025 9:52:27 AM org.javacs.JavaLanguageServer completion
INFO: completion: 312 document: file:///C:/Users/74993/Desktop/毕设/wll论文/java-language-server2/outputDir/DEF/cc/DEF_480.java
Sep 28, 2025 9:52:28 AM org.javacs.JavaLanguageServer completion
INFO: completion: 310 document: file:///C:/Users/74993/Desktop/毕设/wll论文/java-language-server2/outputDir/DEF/cc/DEF_480.java
Sep 28, 2025 9:52:28 AM org.javacs.JavaLanguageServer completion
INFO: completion: 304 document: file:///C:/Users/74993/Desktop/毕设/wll论文/java-language-server2/outputDir/DEF/cc/DEF_480.java
Sep 28, 2025 9:52:29 AM org.javacs.JavaLanguageServer didOpenTextDocument
INFO: #didOpenTextDocument# try call reference {"context":{"includeDeclaration":false},"textDocument":{"uri":"file:///C:/Users/74993/Desktop/%E6%AF%95%E8%AE%BE/wll%E8%AE%BA%E6%96%87/java-language-server2/outputDir/DEF/cd/DEF_560.java"},"position":{"line":66,"character":76}}
Sep 28, 2025 9:52:29 AM org.javacs.ScanClassPath jdkTopLevelClasses
INFO: Searching for top-level classes in the JDK
Sep 28, 2025 9:52:31 AM org.javacs.ScanClassPath jdkTopLevelClasses
INFO: Found 15005 classes in the java platform
Sep 28, 2025 9:52:31 AM org.javacs.ScanClassPath classPathTopLevelClasses
INFO: Searching for top-level classes in 0 classpath locations
Sep 28, 2025 9:52:31 AM org.javacs.ScanClassPath classPathTopLevelClasses
INFO: Found 0 classes in classpath
Sep 28, 2025 9:52:31 AM org.javacs.ReusableCompiler getTask
WARNING: Options changed from [-classpath, , --add-modules, ALL-MODULE-PATH, -proc:none, -g] to [-classpath, , --add-modules, ALL-MODULE-PATH, -proc:none, -g], creating new compiler
Sep 28, 2025 9:52:33 AM org.javacs.JavaLanguageServer findReferences
INFO: compile component: 508 document: file:///C:/Users/74993/Desktop/毕设/wll论文/java-language-server2/outputDir/DEF/cd/DEF_560.java
Sep 28, 2025 9:52:34 AM org.javacs.JavaLanguageServer findReferences
INFO: locate component: 1025 document: file:///C:/Users/74993/Desktop/毕设/wll论文/java-language-server2/outputDir/DEF/cd/DEF_560.java
Sep 28, 2025 9:52:34 AM org.javacs.JavaLanguageServer findReferences
INFO: traverse component: 1 document: file:///C:/Users/74993/Desktop/毕设/wll论文/java-language-server2/outputDir/DEF/cd/DEF_560.java
Sep 28, 2025 9:52:34 AM org.javacs.JavaLanguageServer findReferences
INFO: NOD: 7369 document: file:///C:/Users/74993/Desktop/毕设/wll论文/java-language-server2/outputDir/DEF/cd/DEF_560.java
Sep 28, 2025 9:52:34 AM org.javacs.JavaLanguageServer findReferences
INFO: DEF: 560 document: file:///C:/Users/74993/Desktop/毕设/wll论文/java-language-server2/outputDir/DEF/cd/DEF_560.java
Sep 28, 2025 9:52:34 AM org.javacs.JavaLanguageServer findReferences
INFO: OCC: 3951 document: file:///C:/Users/74993/Desktop/毕设/wll论文/java-language-server2/outputDir/DEF/cd/DEF_560.java
Sep 28, 2025 9:52:34 AM org.javacs.JavaLanguageServer findReferences
INFO: LOC: 2357 document: file:///C:/Users/74993/Desktop/毕设/wll论文/java-language-server2/outputDir/DEF/cd/DEF_560.java
Sep 28, 2025 9:52:34 AM org.javacs.ScanClassPath jdkTopLevelClasses
INFO: Searching for top-level classes in the JDK
Sep 28, 2025 9:52:36 AM org.javacs.ScanClassPath jdkTopLevelClasses
INFO: Found 15005 classes in the java platform
Sep 28, 2025 9:52:36 AM org.javacs.ScanClassPath classPathTopLevelClasses
INFO: Searching for top-level classes in 0 classpath locations
Sep 28, 2025 9:52:36 AM org.javacs.ScanClassPath classPathTopLevelClasses
INFO: Found 0 classes in classpath
Sep 28, 2025 9:52:36 AM org.javacs.ReusableCompiler getTask
WARNING: Options changed from [-classpath, , --add-modules, ALL-MODULE-PATH, -proc:none, -g] to [-classpath, , --add-modules, ALL-MODULE-PATH, -proc:none, -g], creating new compiler
Sep 28, 2025 9:52:37 AM org.javacs.JavaLanguageServer findReferences
INFO: compile component: 220 document: file:///C:/Users/74993/Desktop/毕设/wll论文/java-language-server2/outputDir/DEF/cd/DEF_560.java
Sep 28, 2025 9:52:39 AM org.javacs.JavaLanguageServer findReferences
INFO: locate component: 884 document: file:///C:/Users/74993/Desktop/毕设/wll论文/java-language-server2/outputDir/DEF/cd/DEF_560.java
Sep 28, 2025 9:52:39 AM org.javacs.JavaLanguageServer findReferences
INFO: traverse component: 1 document: file:///C:/Users/74993/Desktop/毕设/wll论文/java-language-server2/outputDir/DEF/cd/DEF_560.java
Sep 28, 2025 9:52:39 AM org.javacs.JavaLanguageServer findReferences
INFO: NOD: 7369 document: file:///C:/Users/74993/Desktop/毕设/wll论文/java-language-server2/outputDir/DEF/cd/DEF_560.java
Sep 28, 2025 9:52:39 AM org.javacs.JavaLanguageServer findReferences
INFO: DEF: 560 document: file:///C:/Users/74993/Desktop/毕设/wll论文/java-language-server2/outputDir/DEF/cd/DEF_560.java
Sep 28, 2025 9:52:39 AM org.javacs.JavaLanguageServer findReferences
INFO: OCC: 3951 document: file:///C:/Users/74993/Desktop/毕设/wll论文/java-language-server2/outputDir/DEF/cd/DEF_560.java
Sep 28, 2025 9:52:39 AM org.javacs.JavaLanguageServer findReferences
INFO: LOC: 2357 document: file:///C:/Users/74993/Desktop/毕设/wll论文/java-language-server2/outputDir/DEF/cd/DEF_560.java
Sep 28, 2025 9:52:39 AM org.javacs.ScanClassPath jdkTopLevelClasses
INFO: Searching for top-level classes in the JDK
Sep 28, 2025 9:52:40 AM org.javacs.ScanClassPath jdkTopLevelClasses
INFO: Found 15005 classes in the java platform
Sep 28, 2025 9:52:41 AM org.javacs.ScanClassPath classPathTopLevelClasses
INFO: Searching for top-level classes in 0 classpath locations
Sep 28, 2025 9:52:41 AM org.javacs.ScanClassPath classPathTopLevelClasses
INFO: Found 0 classes in classpath
Sep 28, 2025 9:52:41 AM org.javacs.ReusableCompiler getTask
WARNING: Options changed from [-classpath, , --add-modules, ALL-MODULE-PATH, -proc:none, -g] to [-classpath, , --add-modules, ALL-MODULE-PATH, -proc:none, -g], creating new compiler
Sep 28, 2025 9:52:42 AM org.javacs.JavaLanguageServer findReferences
INFO: compile component: 211 document: file:///C:/Users/74993/Desktop/毕设/wll论文/java-language-server2/outputDir/DEF/cd/DEF_560.java
Sep 28, 2025 9:52:43 AM org.javacs.JavaLanguageServer findReferences
INFO: locate component: 952 document: file:///C:/Users/74993/Desktop/毕设/wll论文/java-language-server2/outputDir/DEF/cd/DEF_560.java
Sep 28, 2025 9:52:43 AM org.javacs.JavaLanguageServer findReferences
INFO: traverse component: 1 document: file:///C:/Users/74993/Desktop/毕设/wll论文/java-language-server2/outputDir/DEF/cd/DEF_560.java
Sep 28, 2025 9:52:43 AM org.javacs.JavaLanguageServer findReferences
INFO: NOD: 7369 document: file:///C:/Users/74993/Desktop/毕设/wll论文/java-language-server2/outputDir/DEF/cd/DEF_560.java
Sep 28, 2025 9:52:43 AM org.javacs.JavaLanguageServer findReferences
INFO: DEF: 560 document: file:///C:/Users/74993/Desktop/毕设/wll论文/java-language-server2/outputDir/DEF/cd/DEF_560.java
Sep 28, 2025 9:52:43 AM org.javacs.JavaLanguageServer findReferences
INFO: OCC: 3951 document: file:///C:/Users/74993/Desktop/毕设/wll论文/java-language-server2/outputDir/DEF/cd/DEF_560.java
Sep 28, 2025 9:52:43 AM org.javacs.JavaLanguageServer findReferences
INFO: LOC: 2357 document: file:///C:/Users/74993/Desktop/毕设/wll论文/java-language-server2/outputDir/DEF/cd/DEF_560.java
Sep 28, 2025 9:52:43 AM org.javacs.ScanClassPath jdkTopLevelClasses
INFO: Searching for top-level classes in the JDK
Sep 28, 2025 9:52:45 AM org.javacs.ScanClassPath jdkTopLevelClasses
INFO: Found 15005 classes in the java platform
Sep 28, 2025 9:52:45 AM org.javacs.ScanClassPath classPathTopLevelClasses
INFO: Searching for top-level classes in 0 classpath locations
Sep 28, 2025 9:52:45 AM org.javacs.ScanClassPath classPathTopLevelClasses
INFO: Found 0 classes in classpath
Sep 28, 2025 9:52:45 AM org.javacs.ReusableCompiler getTask
WARNING: Options changed from [-classpath, , --add-modules, ALL-MODULE-PATH, -proc:none, -g] to [-classpath, , --add-modules, ALL-MODULE-PATH, -proc:none, -g], creating new compiler
Sep 28, 2025 9:52:46 AM org.javacs.JavaLanguageServer findReferences
INFO: compile component: 224 document: file:///C:/Users/74993/Desktop/毕设/wll论文/java-language-server2/outputDir/DEF/cd/DEF_560.java
Sep 28, 2025 9:52:48 AM org.javacs.JavaLanguageServer findReferences
INFO: locate component: 832 document: file:///C:/Users/74993/Desktop/毕设/wll论文/java-language-server2/outputDir/DEF/cd/DEF_560.java
Sep 28, 2025 9:52:48 AM org.javacs.JavaLanguageServer findReferences
INFO: traverse component: 0 document: file:///C:/Users/74993/Desktop/毕设/wll论文/java-language-server2/outputDir/DEF/cd/DEF_560.java
Sep 28, 2025 9:52:48 AM org.javacs.JavaLanguageServer findReferences
INFO: NOD: 7369 document: file:///C:/Users/74993/Desktop/毕设/wll论文/java-language-server2/outputDir/DEF/cd/DEF_560.java
Sep 28, 2025 9:52:48 AM org.javacs.JavaLanguageServer findReferences
INFO: DEF: 560 document: file:///C:/Users/74993/Desktop/毕设/wll论文/java-language-server2/outputDir/DEF/cd/DEF_560.java
Sep 28, 2025 9:52:48 AM org.javacs.JavaLanguageServer findReferences
INFO: OCC: 3951 document: file:///C:/Users/74993/Desktop/毕设/wll论文/java-language-server2/outputDir/DEF/cd/DEF_560.java
Sep 28, 2025 9:52:48 AM org.javacs.JavaLanguageServer findReferences
INFO: LOC: 2357 document: file:///C:/Users/74993/Desktop/毕设/wll论文/java-language-server2/outputDir/DEF/cd/DEF_560.java
Sep 28, 2025 9:52:48 AM org.javacs.ScanClassPath jdkTopLevelClasses
INFO: Searching for top-level classes in the JDK
Sep 28, 2025 9:52:49 AM org.javacs.ScanClassPath jdkTopLevelClasses
INFO: Found 15005 classes in the java platform
Sep 28, 2025 9:52:49 AM org.javacs.ScanClassPath classPathTopLevelClasses
INFO: Searching for top-level classes in 0 classpath locations
Sep 28, 2025 9:52:49 AM org.javacs.ScanClassPath classPathTopLevelClasses
INFO: Found 0 classes in classpath
Sep 28, 2025 9:52:49 AM org.javacs.ReusableCompiler getTask
WARNING: Options changed from [-classpath, , --add-modules, ALL-MODULE-PATH, -proc:none, -g] to [-classpath, , --add-modules, ALL-MODULE-PATH, -proc:none, -g], creating new compiler
Sep 28, 2025 9:52:51 AM org.javacs.JavaLanguageServer findReferences
INFO: compile component: 221 document: file:///C:/Users/74993/Desktop/毕设/wll论文/java-language-server2/outputDir/DEF/cd/DEF_560.java
Sep 28, 2025 9:52:52 AM org.javacs.JavaLanguageServer findReferences
INFO: locate component: 894 document: file:///C:/Users/74993/Desktop/毕设/wll论文/java-language-server2/outputDir/DEF/cd/DEF_560.java
Sep 28, 2025 9:52:52 AM org.javacs.JavaLanguageServer findReferences
INFO: traverse component: 0 document: file:///C:/Users/74993/Desktop/毕设/wll论文/java-language-server2/outputDir/DEF/cd/DEF_560.java
Sep 28, 2025 9:52:52 AM org.javacs.JavaLanguageServer findReferences
INFO: NOD: 7369 document: file:///C:/Users/74993/Desktop/毕设/wll论文/java-language-server2/outputDir/DEF/cd/DEF_560.java
Sep 28, 2025 9:52:52 AM org.javacs.JavaLanguageServer findReferences
INFO: DEF: 560 document: file:///C:/Users/74993/Desktop/毕设/wll论文/java-language-server2/outputDir/DEF/cd/DEF_560.java
Sep 28, 2025 9:52:52 AM org.javacs.JavaLanguageServer findReferences
INFO: OCC: 3951 document: file:///C:/Users/74993/Desktop/毕设/wll论文/java-language-server2/outputDir/DEF/cd/DEF_560.java
Sep 28, 2025 9:52:52 AM org.javacs.JavaLanguageServer findReferences
INFO: LOC: 2357 document: file:///C:/Users/74993/Desktop/毕设/wll论文/java-language-server2/outputDir/DEF/cd/DEF_560.java
Sep 28, 2025 9:52:52 AM org.javacs.JavaLanguageServer didOpenTextDocument
INFO: #didOpenTextDocument# try call goto {"context":{"includeDeclaration":false},"textDocument":{"uri":"file:///C:/Users/74993/Desktop/%E6%AF%95%E8%AE%BE/wll%E8%AE%BA%E6%96%87/java-language-server2/outputDir/DEF/cd/DEF_560.java"},"position":{"line":66,"character":76}}
Sep 28, 2025 9:52:52 AM org.javacs.JavaCompilerService compileBatch
INFO: ...using cached compile
Sep 28, 2025 9:52:53 AM org.javacs.JavaLanguageServer gotoDefinition
INFO: gotoDefinition: 971 document: file:///C:/Users/74993/Desktop/毕设/wll论文/java-language-server2/outputDir/DEF/cd/DEF_560.java
Sep 28, 2025 9:52:53 AM org.javacs.JavaCompilerService compileBatch
INFO: ...using cached compile
Sep 28, 2025 9:52:54 AM org.javacs.JavaLanguageServer gotoDefinition
INFO: gotoDefinition: 979 document: file:///C:/Users/74993/Desktop/毕设/wll论文/java-language-server2/outputDir/DEF/cd/DEF_560.java
Sep 28, 2025 9:52:54 AM org.javacs.JavaCompilerService compileBatch
INFO: ...using cached compile
Sep 28, 2025 9:52:55 AM org.javacs.JavaLanguageServer gotoDefinition
INFO: gotoDefinition: 1006 document: file:///C:/Users/74993/Desktop/毕设/wll论文/java-language-server2/outputDir/DEF/cd/DEF_560.java
Sep 28, 2025 9:52:55 AM org.javacs.JavaCompilerService compileBatch
INFO: ...using cached compile
Sep 28, 2025 9:52:56 AM org.javacs.JavaLanguageServer gotoDefinition
INFO: gotoDefinition: 1067 document: file:///C:/Users/74993/Desktop/毕设/wll论文/java-language-server2/outputDir/DEF/cd/DEF_560.java
Sep 28, 2025 9:52:56 AM org.javacs.JavaCompilerService compileBatch
INFO: ...using cached compile
Sep 28, 2025 9:52:57 AM org.javacs.JavaLanguageServer gotoDefinition
INFO: gotoDefinition: 1005 document: file:///C:/Users/74993/Desktop/毕设/wll论文/java-language-server2/outputDir/DEF/cd/DEF_560.java
Sep 28, 2025 9:52:57 AM org.javacs.JavaLanguageServer didOpenTextDocument
INFO: #didOpenTextDocument# try call rename {"context":{"includeDeclaration":false},"textDocument":{"uri":"file:///C:/Users/74993/Desktop/%E6%AF%95%E8%AE%BE/wll%E8%AE%BA%E6%96%87/java-language-server2/outputDir/DEF/cd/DEF_560.java"},"position":{"line":66,"character":76}}
Sep 28, 2025 9:52:57 AM org.javacs.JavaCompilerService compileBatch
INFO: ...using cached compile
Sep 28, 2025 9:52:58 AM org.javacs.JavaLanguageServer rename
INFO: rename: 953 document: file:///C:/Users/74993/Desktop/毕设/wll论文/java-language-server2/outputDir/DEF/cd/DEF_560.java
Sep 28, 2025 9:52:58 AM org.javacs.JavaCompilerService compileBatch
INFO: ...using cached compile
Sep 28, 2025 9:52:59 AM org.javacs.JavaLanguageServer rename
INFO: rename: 916 document: file:///C:/Users/74993/Desktop/毕设/wll论文/java-language-server2/outputDir/DEF/cd/DEF_560.java
Sep 28, 2025 9:52:59 AM org.javacs.JavaCompilerService compileBatch
INFO: ...using cached compile
Sep 28, 2025 9:53:00 AM org.javacs.JavaLanguageServer rename
INFO: rename: 979 document: file:///C:/Users/74993/Desktop/毕设/wll论文/java-language-server2/outputDir/DEF/cd/DEF_560.java
Sep 28, 2025 9:53:00 AM org.javacs.JavaCompilerService compileBatch
INFO: ...using cached compile
Sep 28, 2025 9:53:01 AM org.javacs.JavaLanguageServer rename
INFO: rename: 1015 document: file:///C:/Users/74993/Desktop/毕设/wll论文/java-language-server2/outputDir/DEF/cd/DEF_560.java
Sep 28, 2025 9:53:01 AM org.javacs.JavaCompilerService compileBatch
INFO: ...using cached compile
Sep 28, 2025 9:53:02 AM org.javacs.JavaLanguageServer rename
INFO: rename: 843 document: file:///C:/Users/74993/Desktop/毕设/wll论文/java-language-server2/outputDir/DEF/cd/DEF_560.java
Sep 28, 2025 9:53:02 AM org.javacs.JavaLanguageServer didOpenTextDocument
INFO: #didOpenTextDocument# try completion {"context":{"includeDeclaration":false},"textDocument":{"uri":"file:///C:/Users/74993/Desktop/%E6%AF%95%E8%AE%BE/wll%E8%AE%BA%E6%96%87/java-language-server2/outputDir/DEF/cd/DEF_560.java"},"position":{"line":66,"character":76}}
Sep 28, 2025 9:53:02 AM org.javacs.JavaLanguageServer completion
INFO: completion: 242 document: file:///C:/Users/74993/Desktop/毕设/wll论文/java-language-server2/outputDir/DEF/cd/DEF_560.java
Sep 28, 2025 9:53:02 AM org.javacs.JavaLanguageServer completion
INFO: completion: 236 document: file:///C:/Users/74993/Desktop/毕设/wll论文/java-language-server2/outputDir/DEF/cd/DEF_560.java
Sep 28, 2025 9:53:03 AM org.javacs.JavaLanguageServer completion
INFO: completion: 236 document: file:///C:/Users/74993/Desktop/毕设/wll论文/java-language-server2/outputDir/DEF/cd/DEF_560.java
Sep 28, 2025 9:53:03 AM org.javacs.JavaLanguageServer completion
INFO: completion: 236 document: file:///C:/Users/74993/Desktop/毕设/wll论文/java-language-server2/outputDir/DEF/cd/DEF_560.java
Sep 28, 2025 9:53:03 AM org.javacs.JavaLanguageServer completion
INFO: completion: 234 document: file:///C:/Users/74993/Desktop/毕设/wll论文/java-language-server2/outputDir/DEF/cd/DEF_560.java
Sep 28, 2025 9:53:03 AM org.javacs.JavaLanguageServer didOpenTextDocument
INFO: #didOpenTextDocument# try call goto {"context":{"includeDeclaration":false},"textDocument":{"uri":"file:///C:/Users/74993/Desktop/%E6%AF%95%E8%AE%BE/wll%E8%AE%BA%E6%96%87/java-language-server2/outputDir/DEF/cd/DEF_560.java"},"position":{"line":2325,"character":26}}
Sep 28, 2025 9:53:04 AM org.javacs.JavaCompilerService findPublicTypeDeclarationInJdk
INFO: ...found jar:file:///C:/Program%20Files/Java/jdk-22/lib/src.zip!/java.base/java/lang/Object.java in module java.base of jdk
Sep 28, 2025 9:53:04 AM org.javacs.JavaLanguageServer gotoDefinition
INFO: gotoDefinition: 1397 document: file:///C:/Users/74993/Desktop/毕设/wll论文/java-language-server2/outputDir/DEF/cd/DEF_560.java
Sep 28, 2025 9:53:04 AM org.javacs.JavaCompilerService compileBatch
INFO: ...using cached compile
Sep 28, 2025 9:53:05 AM org.javacs.JavaCompilerService findPublicTypeDeclarationInJdk
INFO: ...found jar:file:///C:/Program%20Files/Java/jdk-22/lib/src.zip!/java.base/java/lang/Object.java in module java.base of jdk
Sep 28, 2025 9:53:05 AM org.javacs.JavaLanguageServer gotoDefinition
INFO: gotoDefinition: 852 document: file:///C:/Users/74993/Desktop/毕设/wll论文/java-language-server2/outputDir/DEF/cd/DEF_560.java
Sep 28, 2025 9:53:05 AM org.javacs.JavaCompilerService compileBatch
INFO: ...using cached compile
Sep 28, 2025 9:53:06 AM org.javacs.JavaCompilerService findPublicTypeDeclarationInJdk
INFO: ...found jar:file:///C:/Program%20Files/Java/jdk-22/lib/src.zip!/java.base/java/lang/Object.java in module java.base of jdk
Sep 28, 2025 9:53:06 AM org.javacs.JavaLanguageServer gotoDefinition
INFO: gotoDefinition: 847 document: file:///C:/Users/74993/Desktop/毕设/wll论文/java-language-server2/outputDir/DEF/cd/DEF_560.java
Sep 28, 2025 9:53:06 AM org.javacs.JavaCompilerService compileBatch
INFO: ...using cached compile
Sep 28, 2025 9:53:07 AM org.javacs.JavaCompilerService findPublicTypeDeclarationInJdk
INFO: ...found jar:file:///C:/Program%20Files/Java/jdk-22/lib/src.zip!/java.base/java/lang/Object.java in module java.base of jdk
Sep 28, 2025 9:53:07 AM org.javacs.JavaLanguageServer gotoDefinition
INFO: gotoDefinition: 862 document: file:///C:/Users/74993/Desktop/毕设/wll论文/java-language-server2/outputDir/DEF/cd/DEF_560.java
Sep 28, 2025 9:53:07 AM org.javacs.JavaCompilerService compileBatch
INFO: ...using cached compile
Sep 28, 2025 9:53:08 AM org.javacs.JavaCompilerService findPublicTypeDeclarationInJdk
INFO: ...found jar:file:///C:/Program%20Files/Java/jdk-22/lib/src.zip!/java.base/java/lang/Object.java in module java.base of jdk
Sep 28, 2025 9:53:08 AM org.javacs.JavaLanguageServer gotoDefinition
INFO: gotoDefinition: 824 document: file:///C:/Users/74993/Desktop/毕设/wll论文/java-language-server2/outputDir/DEF/cd/DEF_560.java
Sep 28, 2025 9:53:08 AM org.javacs.JavaLanguageServer didOpenTextDocument
INFO: #didOpenTextDocument# try call rename {"context":{"includeDeclaration":false},"textDocument":{"uri":"file:///C:/Users/74993/Desktop/%E6%AF%95%E8%AE%BE/wll%E8%AE%BA%E6%96%87/java-language-server2/outputDir/DEF/cd/DEF_560.java"},"position":{"line":2325,"character":26}}
Sep 28, 2025 9:53:08 AM org.javacs.JavaCompilerService compileBatch
INFO: ...using cached compile
Sep 28, 2025 9:53:09 AM org.javacs.JavaLanguageServer rename
INFO: rename: 849 document: file:///C:/Users/74993/Desktop/毕设/wll论文/java-language-server2/outputDir/DEF/cd/DEF_560.java
Sep 28, 2025 9:53:09 AM org.javacs.JavaCompilerService compileBatch
INFO: ...using cached compile
Sep 28, 2025 9:53:10 AM org.javacs.JavaLanguageServer rename
INFO: rename: 847 document: file:///C:/Users/74993/Desktop/毕设/wll论文/java-language-server2/outputDir/DEF/cd/DEF_560.java
Sep 28, 2025 9:53:10 AM org.javacs.JavaCompilerService compileBatch
INFO: ...using cached compile
Sep 28, 2025 9:53:10 AM org.javacs.JavaLanguageServer rename
INFO: rename: 828 document: file:///C:/Users/74993/Desktop/毕设/wll论文/java-language-server2/outputDir/DEF/cd/DEF_560.java
Sep 28, 2025 9:53:10 AM org.javacs.JavaCompilerService compileBatch
INFO: ...using cached compile
Sep 28, 2025 9:53:11 AM org.javacs.JavaLanguageServer rename
INFO: rename: 850 document: file:///C:/Users/74993/Desktop/毕设/wll论文/java-language-server2/outputDir/DEF/cd/DEF_560.java
Sep 28, 2025 9:53:11 AM org.javacs.JavaCompilerService compileBatch
INFO: ...using cached compile
Sep 28, 2025 9:53:12 AM org.javacs.JavaLanguageServer rename
INFO: rename: 823 document: file:///C:/Users/74993/Desktop/毕设/wll论文/java-language-server2/outputDir/DEF/cd/DEF_560.java
Sep 28, 2025 9:53:12 AM org.javacs.JavaLanguageServer didOpenTextDocument
INFO: #didOpenTextDocument# try completion {"context":{"includeDeclaration":false},"textDocument":{"uri":"file:///C:/Users/74993/Desktop/%E6%AF%95%E8%AE%BE/wll%E8%AE%BA%E6%96%87/java-language-server2/outputDir/DEF/cd/DEF_560.java"},"position":{"line":2325,"character":26}}
Sep 28, 2025 9:53:12 AM org.javacs.JavaLanguageServer completion
INFO: completion: 260 document: file:///C:/Users/74993/Desktop/毕设/wll论文/java-language-server2/outputDir/DEF/cd/DEF_560.java
Sep 28, 2025 9:53:13 AM org.javacs.JavaLanguageServer completion
INFO: completion: 240 document: file:///C:/Users/74993/Desktop/毕设/wll论文/java-language-server2/outputDir/DEF/cd/DEF_560.java
Sep 28, 2025 9:53:13 AM org.javacs.JavaLanguageServer completion
INFO: completion: 252 document: file:///C:/Users/74993/Desktop/毕设/wll论文/java-language-server2/outputDir/DEF/cd/DEF_560.java
Sep 28, 2025 9:53:13 AM org.javacs.JavaLanguageServer completion
INFO: completion: 250 document: file:///C:/Users/74993/Desktop/毕设/wll论文/java-language-server2/outputDir/DEF/cd/DEF_560.java
Sep 28, 2025 9:53:13 AM org.javacs.JavaLanguageServer completion
INFO: completion: 221 document: file:///C:/Users/74993/Desktop/毕设/wll论文/java-language-server2/outputDir/DEF/cd/DEF_560.java
Sep 28, 2025 9:53:15 AM org.javacs.JavaLanguageServer didOpenTextDocument
INFO: #didOpenTextDocument# try call reference {"context":{"includeDeclaration":false},"textDocument":{"uri":"file:///C:/Users/74993/Desktop/%E6%AF%95%E8%AE%BE/wll%E8%AE%BA%E6%96%87/java-language-server2/outputDir/DEF/ce/DEF_640.java"},"position":{"line":70,"character":32}}
Sep 28, 2025 9:53:15 AM org.javacs.ScanClassPath jdkTopLevelClasses
INFO: Searching for top-level classes in the JDK
Sep 28, 2025 9:53:16 AM org.javacs.ScanClassPath jdkTopLevelClasses
INFO: Found 15005 classes in the java platform
Sep 28, 2025 9:53:16 AM org.javacs.ScanClassPath classPathTopLevelClasses
INFO: Searching for top-level classes in 0 classpath locations
Sep 28, 2025 9:53:16 AM org.javacs.ScanClassPath classPathTopLevelClasses
INFO: Found 0 classes in classpath
Sep 28, 2025 9:53:16 AM org.javacs.ReusableCompiler getTask
WARNING: Options changed from [-classpath, , --add-modules, ALL-MODULE-PATH, -proc:none, -g] to [-classpath, , --add-modules, ALL-MODULE-PATH, -proc:none, -g], creating new compiler
Sep 28, 2025 9:53:18 AM org.javacs.JavaLanguageServer findReferences
INFO: compile component: 536 document: file:///C:/Users/74993/Desktop/毕设/wll论文/java-language-server2/outputDir/DEF/ce/DEF_640.java
Sep 28, 2025 9:53:20 AM org.javacs.JavaLanguageServer findReferences
INFO: locate component: 887 document: file:///C:/Users/74993/Desktop/毕设/wll论文/java-language-server2/outputDir/DEF/ce/DEF_640.java
Sep 28, 2025 9:53:20 AM org.javacs.JavaLanguageServer findReferences
INFO: traverse component: 1 document: file:///C:/Users/74993/Desktop/毕设/wll论文/java-language-server2/outputDir/DEF/ce/DEF_640.java
Sep 28, 2025 9:53:20 AM org.javacs.JavaLanguageServer findReferences
INFO: NOD: 7461 document: file:///C:/Users/74993/Desktop/毕设/wll论文/java-language-server2/outputDir/DEF/ce/DEF_640.java
Sep 28, 2025 9:53:20 AM org.javacs.JavaLanguageServer findReferences
INFO: DEF: 640 document: file:///C:/Users/74993/Desktop/毕设/wll论文/java-language-server2/outputDir/DEF/ce/DEF_640.java
Sep 28, 2025 9:53:20 AM org.javacs.JavaLanguageServer findReferences
INFO: OCC: 4566 document: file:///C:/Users/74993/Desktop/毕设/wll论文/java-language-server2/outputDir/DEF/ce/DEF_640.java
Sep 28, 2025 9:53:20 AM org.javacs.JavaLanguageServer findReferences
INFO: LOC: 3290 document: file:///C:/Users/74993/Desktop/毕设/wll论文/java-language-server2/outputDir/DEF/ce/DEF_640.java
Sep 28, 2025 9:53:20 AM org.javacs.ScanClassPath jdkTopLevelClasses
INFO: Searching for top-level classes in the JDK
Sep 28, 2025 9:53:21 AM org.javacs.ScanClassPath jdkTopLevelClasses
INFO: Found 15005 classes in the java platform
Sep 28, 2025 9:53:21 AM org.javacs.ScanClassPath classPathTopLevelClasses
INFO: Searching for top-level classes in 0 classpath locations
Sep 28, 2025 9:53:21 AM org.javacs.ScanClassPath classPathTopLevelClasses
INFO: Found 0 classes in classpath
Sep 28, 2025 9:53:21 AM org.javacs.ReusableCompiler getTask
WARNING: Options changed from [-classpath, , --add-modules, ALL-MODULE-PATH, -proc:none, -g] to [-classpath, , --add-modules, ALL-MODULE-PATH, -proc:none, -g], creating new compiler
Sep 28, 2025 9:53:23 AM org.javacs.JavaLanguageServer findReferences
INFO: compile component: 275 document: file:///C:/Users/74993/Desktop/毕设/wll论文/java-language-server2/outputDir/DEF/ce/DEF_640.java
Sep 28, 2025 9:53:25 AM org.javacs.JavaLanguageServer findReferences
INFO: locate component: 1124 document: file:///C:/Users/74993/Desktop/毕设/wll论文/java-language-server2/outputDir/DEF/ce/DEF_640.java
Sep 28, 2025 9:53:25 AM org.javacs.JavaLanguageServer findReferences
INFO: traverse component: 1 document: file:///C:/Users/74993/Desktop/毕设/wll论文/java-language-server2/outputDir/DEF/ce/DEF_640.java
Sep 28, 2025 9:53:25 AM org.javacs.JavaLanguageServer findReferences
INFO: NOD: 7461 document: file:///C:/Users/74993/Desktop/毕设/wll论文/java-language-server2/outputDir/DEF/ce/DEF_640.java
Sep 28, 2025 9:53:25 AM org.javacs.JavaLanguageServer findReferences
INFO: DEF: 640 document: file:///C:/Users/74993/Desktop/毕设/wll论文/java-language-server2/outputDir/DEF/ce/DEF_640.java
Sep 28, 2025 9:53:25 AM org.javacs.JavaLanguageServer findReferences
INFO: OCC: 4566 document: file:///C:/Users/74993/Desktop/毕设/wll论文/java-language-server2/outputDir/DEF/ce/DEF_640.java
Sep 28, 2025 9:53:25 AM org.javacs.JavaLanguageServer findReferences
INFO: LOC: 3290 document: file:///C:/Users/74993/Desktop/毕设/wll论文/java-language-server2/outputDir/DEF/ce/DEF_640.java
Sep 28, 2025 9:53:25 AM org.javacs.ScanClassPath jdkTopLevelClasses
INFO: Searching for top-level classes in the JDK
